2024-09-07 10:03:18,022 [Worker-8: Loading available Gradle versions] INFO  o.e.b.c.i.u.g.PublishedGradleVersions - Gradle version information cache is up-to-date. Trying to read.
2024-09-07 10:04:20,451 [Worker-2: Importing Maven projects] INFO  o.e.m.c.i.l.LifecycleMappingFactory - Using org.eclipse.m2e.jdt.JarLifecycleMapping lifecycle mapping for MavenProject: vn.sesgroup:hddt-api:0.0.1-SNAPSHOT @ D:\Onedrive\Desktop\SES\SES\hddt SES-api\pom.xml.
2024-09-07 10:04:21,655 [Worker-2: Importing Maven projects] INFO  o.e.m.c.i.l.LifecycleMappingFactory - Using org.eclipse.m2e.jdt.JarLifecycleMapping lifecycle mapping for MavenProject: vn.sesgroup:hddt-pdf:0.0.1-SNAPSHOT @ D:\Onedrive\Desktop\SES\SES\hddt SES-pdf\pom.xml.
2024-09-07 10:04:21,932 [Worker-2: Importing Maven projects] INFO  o.e.m.c.i.l.LifecycleMappingFactory - Using org.eclipse.m2e.jdt.JarLifecycleMapping lifecycle mapping for MavenProject: vn.sesgroup:hddt:0.0.1-SNAPSHOT @ D:\Onedrive\Desktop\SES\SES\hddt-SES\pom.xml.
2024-09-07 10:04:24,833 [Worker-2: Importing Maven projects] INFO  o.e.m.j.i.AbstractJavaProjectConfigurator - Adding source folder /hddt SES-pdf/src/main/java
2024-09-07 10:04:24,834 [Worker-2: Importing Maven projects] INFO  o.e.m.j.i.AbstractJavaProjectConfigurator - Adding resource folder /hddt SES-pdf/src/main/resources
2024-09-07 10:04:24,834 [Worker-2: Importing Maven projects] INFO  o.e.m.j.i.AbstractJavaProjectConfigurator - Adding resource folder /hddt SES-pdf/src/main/resources
2024-09-07 10:04:24,835 [Worker-2: Importing Maven projects] INFO  o.e.m.j.i.AbstractJavaProjectConfigurator - Adding source folder /hddt SES-pdf/src/test/java
2024-09-07 10:04:24,835 [Worker-2: Importing Maven projects] INFO  o.e.m.j.i.AbstractJavaProjectConfigurator - Adding resource folder /hddt SES-pdf/src/test/resources
2024-09-07 10:04:25,483 [Worker-2: Importing Maven projects] INFO  o.e.m.j.i.AbstractJavaProjectConfigurator - Adding source folder /hddt SES-api/src/main/java
2024-09-07 10:04:25,484 [Worker-2: Importing Maven projects] INFO  o.e.m.j.i.AbstractJavaProjectConfigurator - Adding resource folder /hddt SES-api/src/main/resources
2024-09-07 10:04:25,484 [Worker-2: Importing Maven projects] INFO  o.e.m.j.i.AbstractJavaProjectConfigurator - Adding resource folder /hddt SES-api/src/main/resources
2024-09-07 10:04:25,484 [Worker-2: Importing Maven projects] INFO  o.e.m.j.i.AbstractJavaProjectConfigurator - Adding source folder /hddt SES-api/src/test/java
2024-09-07 10:04:25,486 [Worker-2: Importing Maven projects] INFO  o.e.m.j.i.AbstractJavaProjectConfigurator - Adding resource folder /hddt SES-api/src/test/resources
2024-09-07 10:04:26,207 [Worker-2: Importing Maven projects] INFO  o.e.m.j.i.AbstractJavaProjectConfigurator - Adding source folder /hddt-SES/src/main/java
2024-09-07 10:04:26,207 [Worker-2: Importing Maven projects] INFO  o.e.m.j.i.AbstractJavaProjectConfigurator - Adding resource folder /hddt-SES/src/main/resources
2024-09-07 10:04:26,215 [Worker-2: Importing Maven projects] INFO  o.e.m.j.i.AbstractJavaProjectConfigurator - Adding resource folder /hddt-SES/src/main/resources
2024-09-07 10:04:26,225 [Worker-2: Importing Maven projects] INFO  o.e.m.j.i.AbstractJavaProjectConfigurator - Adding source folder /hddt-SES/src/test/java
2024-09-07 10:04:26,225 [Worker-2: Importing Maven projects] INFO  o.e.m.j.i.AbstractJavaProjectConfigurator - Adding resource folder /hddt-SES/src/test/resources
2024-09-07 10:04:26,496 [Worker-2: Importing Maven projects] INFO  o.e.m.c.i.p.ProjectConfigurationManager - Imported and configured 3 project(s) in 9 sec
2024-09-07 10:04:26,867 [Worker-29: Updating Maven Project] INFO  o.e.m.c.i.p.ProjectConfigurationManager - Update started
2024-09-07 10:04:27,859 [Worker-29: Updating Maven Project] INFO  o.e.m.c.i.l.LifecycleMappingFactory - Using org.eclipse.m2e.jdt.JarLifecycleMapping lifecycle mapping for MavenProject: vn.sesgroup:hddt-api:0.0.1-SNAPSHOT @ D:\Onedrive\Desktop\SES\SES\hddt SES-api\pom.xml.
2024-09-07 10:04:28,479 [Worker-29: Updating Maven Project] INFO  o.e.m.c.i.l.LifecycleMappingFactory - Using org.eclipse.m2e.jdt.JarLifecycleMapping lifecycle mapping for MavenProject: vn.sesgroup:hddt-pdf:0.0.1-SNAPSHOT @ D:\Onedrive\Desktop\SES\SES\hddt SES-pdf\pom.xml.
2024-09-07 10:04:28,685 [Worker-29: Updating Maven Project] INFO  o.e.m.c.i.l.LifecycleMappingFactory - Using org.eclipse.m2e.jdt.JarLifecycleMapping lifecycle mapping for MavenProject: vn.sesgroup:hddt:0.0.1-SNAPSHOT @ D:\Onedrive\Desktop\SES\SES\hddt-SES\pom.xml.
2024-09-07 10:04:30,581 [Worker-29: Updating Maven Project] INFO  o.e.m.j.i.AbstractJavaProjectConfigurator - Adding source folder /hddt SES-api/src/main/java
2024-09-07 10:04:30,581 [Worker-29: Updating Maven Project] INFO  o.e.m.j.i.AbstractJavaProjectConfigurator - Adding resource folder /hddt SES-api/src/main/resources
2024-09-07 10:04:30,582 [Worker-29: Updating Maven Project] INFO  o.e.m.j.i.AbstractJavaProjectConfigurator - Adding resource folder /hddt SES-api/src/main/resources
2024-09-07 10:04:30,582 [Worker-29: Updating Maven Project] INFO  o.e.m.j.i.AbstractJavaProjectConfigurator - Adding source folder /hddt SES-api/src/test/java
2024-09-07 10:04:30,582 [Worker-29: Updating Maven Project] INFO  o.e.m.j.i.AbstractJavaProjectConfigurator - Adding resource folder /hddt SES-api/src/test/resources
2024-09-07 10:04:31,057 [Worker-29: Updating Maven Project] INFO  o.e.m.j.i.AbstractJavaProjectConfigurator - Adding source folder /hddt SES-pdf/src/main/java
2024-09-07 10:04:31,057 [Worker-29: Updating Maven Project] INFO  o.e.m.j.i.AbstractJavaProjectConfigurator - Adding resource folder /hddt SES-pdf/src/main/resources
2024-09-07 10:04:31,057 [Worker-29: Updating Maven Project] INFO  o.e.m.j.i.AbstractJavaProjectConfigurator - Adding resource folder /hddt SES-pdf/src/main/resources
2024-09-07 10:04:31,058 [Worker-29: Updating Maven Project] INFO  o.e.m.j.i.AbstractJavaProjectConfigurator - Adding source folder /hddt SES-pdf/src/test/java
2024-09-07 10:04:31,058 [Worker-29: Updating Maven Project] INFO  o.e.m.j.i.AbstractJavaProjectConfigurator - Adding resource folder /hddt SES-pdf/src/test/resources
2024-09-07 10:04:31,805 [Worker-29: Updating Maven Project] INFO  o.e.m.j.i.AbstractJavaProjectConfigurator - Adding source folder /hddt-SES/src/main/java
2024-09-07 10:04:31,805 [Worker-29: Updating Maven Project] INFO  o.e.m.j.i.AbstractJavaProjectConfigurator - Adding resource folder /hddt-SES/src/main/resources
2024-09-07 10:04:31,813 [Worker-29: Updating Maven Project] INFO  o.e.m.j.i.AbstractJavaProjectConfigurator - Adding resource folder /hddt-SES/src/main/resources
2024-09-07 10:04:31,822 [Worker-29: Updating Maven Project] INFO  o.e.m.j.i.AbstractJavaProjectConfigurator - Adding source folder /hddt-SES/src/test/java
2024-09-07 10:04:31,822 [Worker-29: Updating Maven Project] INFO  o.e.m.j.i.AbstractJavaProjectConfigurator - Adding resource folder /hddt-SES/src/test/resources
2024-09-07 10:04:33,569 [Worker-29: Updating Maven Project] INFO  o.e.m.c.i.p.ProjectConfigurationManager - Update completed for 3 poms: local refresh takes 0.00 sec, refresh facades takes 3.00 sec, update config takes 1.00 sec 
2024-09-07 10:04:38,847 [Worker-15: Building] INFO  o.e.m.c.i.embedder.EclipseLogger - Using 'UTF-8' encoding to copy filtered resources.
2024-09-07 10:04:38,847 [Worker-15: Building] INFO  o.e.m.c.i.embedder.EclipseLogger - Using 'UTF-8' encoding to copy filtered properties files.
2024-09-07 10:04:38,859 [Worker-15: Building] INFO  o.e.m.c.i.embedder.EclipseLogger - Copying 1 resource
2024-09-07 10:04:38,888 [Worker-15: Building] INFO  o.e.m.c.i.embedder.EclipseLogger - Copying 3 resources
2024-09-07 10:04:38,922 [Worker-15: Building] INFO  o.e.m.c.i.embedder.EclipseLogger - Using 'UTF-8' encoding to copy filtered resources.
2024-09-07 10:04:38,922 [Worker-15: Building] INFO  o.e.m.c.i.embedder.EclipseLogger - Using 'UTF-8' encoding to copy filtered properties files.
2024-09-07 10:04:38,923 [Worker-15: Building] INFO  o.e.m.c.i.embedder.EclipseLogger - Copying 0 resource
2024-09-07 10:04:40,583 [Worker-15: Building] INFO  o.e.m.c.i.embedder.EclipseLogger - Using 'UTF-8' encoding to copy filtered resources.
2024-09-07 10:04:40,584 [Worker-15: Building] INFO  o.e.m.c.i.embedder.EclipseLogger - Using 'UTF-8' encoding to copy filtered properties files.
2024-09-07 10:04:40,585 [Worker-15: Building] INFO  o.e.m.c.i.embedder.EclipseLogger - Copying 1 resource
2024-09-07 10:04:40,639 [Worker-15: Building] INFO  o.e.m.c.i.embedder.EclipseLogger - Copying 2 resources
2024-09-07 10:04:40,659 [Worker-15: Building] INFO  o.e.m.c.i.embedder.EclipseLogger - Using 'UTF-8' encoding to copy filtered resources.
2024-09-07 10:04:40,660 [Worker-15: Building] INFO  o.e.m.c.i.embedder.EclipseLogger - Using 'UTF-8' encoding to copy filtered properties files.
2024-09-07 10:04:40,660 [Worker-15: Building] INFO  o.e.m.c.i.embedder.EclipseLogger - Copying 0 resource
2024-09-07 10:04:43,006 [Worker-15: Building] INFO  o.e.m.c.i.embedder.EclipseLogger - Using 'UTF-8' encoding to copy filtered resources.
2024-09-07 10:04:43,006 [Worker-15: Building] INFO  o.e.m.c.i.embedder.EclipseLogger - Using 'UTF-8' encoding to copy filtered properties files.
2024-09-07 10:04:43,015 [Worker-15: Building] INFO  o.e.m.c.i.embedder.EclipseLogger - Copying 1 resource
2024-09-07 10:04:43,085 [Worker-15: Building] INFO  o.e.m.c.i.embedder.EclipseLogger - Copying 1461 resources
2024-09-07 10:04:51,755 [Worker-15: Building] INFO  o.e.m.c.i.embedder.EclipseLogger - Using 'UTF-8' encoding to copy filtered resources.
2024-09-07 10:04:51,756 [Worker-15: Building] INFO  o.e.m.c.i.embedder.EclipseLogger - Using 'UTF-8' encoding to copy filtered properties files.
2024-09-07 10:04:51,756 [Worker-15: Building] INFO  o.e.m.c.i.embedder.EclipseLogger - skip non existing resourceDirectory D:\Onedrive\Desktop\SES\SES\hddt-SES\src\test\resources
2024-09-07 10:06:32,709 [Worker-1: Building] INFO  o.e.m.c.i.embedder.EclipseLogger - Using 'UTF-8' encoding to copy filtered resources.
2024-09-07 10:06:32,709 [Worker-1: Building] INFO  o.e.m.c.i.embedder.EclipseLogger - Using 'UTF-8' encoding to copy filtered properties files.
2024-09-07 10:06:32,710 [Worker-1: Building] INFO  o.e.m.c.i.embedder.EclipseLogger - Copying 0 resource
2024-09-07 10:06:32,711 [Worker-1: Building] INFO  o.e.m.c.i.embedder.EclipseLogger - Copying 1 resource
2024-09-07 10:06:32,714 [Worker-1: Building] INFO  o.e.m.c.i.embedder.EclipseLogger - Using 'UTF-8' encoding to copy filtered resources.
2024-09-07 10:06:32,714 [Worker-1: Building] INFO  o.e.m.c.i.embedder.EclipseLogger - Using 'UTF-8' encoding to copy filtered properties files.
2024-09-07 10:06:32,715 [Worker-1: Building] INFO  o.e.m.c.i.embedder.EclipseLogger - Copying 0 resource
2024-09-07 10:11:21,772 [Worker-32: Building] INFO  o.e.m.c.i.embedder.EclipseLogger - Using 'UTF-8' encoding to copy filtered resources.
2024-09-07 10:11:21,772 [Worker-32: Building] INFO  o.e.m.c.i.embedder.EclipseLogger - Using 'UTF-8' encoding to copy filtered properties files.
2024-09-07 10:11:21,773 [Worker-32: Building] INFO  o.e.m.c.i.embedder.EclipseLogger - Copying 0 resource
2024-09-07 10:11:21,773 [Worker-32: Building] INFO  o.e.m.c.i.embedder.EclipseLogger - Copying 0 resource
2024-09-07 10:11:21,776 [Worker-32: Building] INFO  o.e.m.c.i.embedder.EclipseLogger - Using 'UTF-8' encoding to copy filtered resources.
2024-09-07 10:11:21,776 [Worker-32: Building] INFO  o.e.m.c.i.embedder.EclipseLogger - Using 'UTF-8' encoding to copy filtered properties files.
2024-09-07 10:11:21,777 [Worker-32: Building] INFO  o.e.m.c.i.embedder.EclipseLogger - Copying 0 resource
2024-09-07 10:11:39,301 [Worker-31: Updating Maven Project] INFO  o.e.m.c.i.p.ProjectConfigurationManager - Update started
2024-09-07 10:11:40,012 [Worker-31: Updating Maven Project] INFO  o.e.m.c.i.l.LifecycleMappingFactory - Using org.eclipse.m2e.jdt.JarLifecycleMapping lifecycle mapping for MavenProject: vn.sesgroup:hddt:0.0.1-SNAPSHOT @ D:\Onedrive\Desktop\SES\SES\hddt-SES\pom.xml.
2024-09-07 10:11:40,465 [Worker-31: Updating Maven Project] INFO  o.e.m.c.i.l.LifecycleMappingFactory - Using org.eclipse.m2e.jdt.JarLifecycleMapping lifecycle mapping for MavenProject: vn.sesgroup:hddt-api:0.0.1-SNAPSHOT @ D:\Onedrive\Desktop\SES\SES\hddt SES-api\pom.xml.
2024-09-07 10:11:40,860 [Worker-31: Updating Maven Project] INFO  o.e.m.c.i.l.LifecycleMappingFactory - Using org.eclipse.m2e.jdt.JarLifecycleMapping lifecycle mapping for MavenProject: vn.sesgroup:hddt-pdf:0.0.1-SNAPSHOT @ D:\Onedrive\Desktop\SES\SES\hddt SES-pdf\pom.xml.
2024-09-07 10:11:41,890 [Worker-31: Updating Maven Project] INFO  o.e.m.j.i.AbstractJavaProjectConfigurator - Adding source folder /hddt-SES/src/main/java
2024-09-07 10:11:41,891 [Worker-31: Updating Maven Project] INFO  o.e.m.j.i.AbstractJavaProjectConfigurator - Adding resource folder /hddt-SES/src/main/resources
2024-09-07 10:11:41,896 [Worker-31: Updating Maven Project] INFO  o.e.m.j.i.AbstractJavaProjectConfigurator - Adding resource folder /hddt-SES/src/main/resources
2024-09-07 10:11:41,903 [Worker-31: Updating Maven Project] INFO  o.e.m.j.i.AbstractJavaProjectConfigurator - Adding source folder /hddt-SES/src/test/java
2024-09-07 10:11:41,903 [Worker-31: Updating Maven Project] INFO  o.e.m.j.i.AbstractJavaProjectConfigurator - Adding resource folder /hddt-SES/src/test/resources
2024-09-07 10:11:42,162 [Worker-31: Updating Maven Project] INFO  o.e.m.j.i.AbstractJavaProjectConfigurator - Adding source folder /hddt SES-api/src/main/java
2024-09-07 10:11:42,162 [Worker-31: Updating Maven Project] INFO  o.e.m.j.i.AbstractJavaProjectConfigurator - Adding resource folder /hddt SES-api/src/main/resources
2024-09-07 10:11:42,162 [Worker-31: Updating Maven Project] INFO  o.e.m.j.i.AbstractJavaProjectConfigurator - Adding resource folder /hddt SES-api/src/main/resources
2024-09-07 10:11:42,163 [Worker-31: Updating Maven Project] INFO  o.e.m.j.i.AbstractJavaProjectConfigurator - Adding source folder /hddt SES-api/src/test/java
2024-09-07 10:11:42,163 [Worker-31: Updating Maven Project] INFO  o.e.m.j.i.AbstractJavaProjectConfigurator - Adding resource folder /hddt SES-api/src/test/resources
2024-09-07 10:11:42,453 [Worker-31: Updating Maven Project] INFO  o.e.m.j.i.AbstractJavaProjectConfigurator - Adding source folder /hddt SES-pdf/src/main/java
2024-09-07 10:11:42,453 [Worker-31: Updating Maven Project] INFO  o.e.m.j.i.AbstractJavaProjectConfigurator - Adding resource folder /hddt SES-pdf/src/main/resources
2024-09-07 10:11:42,453 [Worker-31: Updating Maven Project] INFO  o.e.m.j.i.AbstractJavaProjectConfigurator - Adding resource folder /hddt SES-pdf/src/main/resources
2024-09-07 10:11:42,453 [Worker-31: Updating Maven Project] INFO  o.e.m.j.i.AbstractJavaProjectConfigurator - Adding source folder /hddt SES-pdf/src/test/java
2024-09-07 10:11:42,453 [Worker-31: Updating Maven Project] INFO  o.e.m.j.i.AbstractJavaProjectConfigurator - Adding resource folder /hddt SES-pdf/src/test/resources
2024-09-07 10:11:44,260 [Worker-31: Updating Maven Project] INFO  o.e.m.c.i.p.ProjectConfigurationManager - Update completed for 3 poms: local refresh takes 0.00 sec, refresh facades takes 2.00 sec, update config takes 1.00 sec 
2024-09-07 10:11:47,073 [Worker-31: Building] INFO  o.e.m.c.i.embedder.EclipseLogger - Using 'UTF-8' encoding to copy filtered resources.
2024-09-07 10:11:47,073 [Worker-31: Building] INFO  o.e.m.c.i.embedder.EclipseLogger - Using 'UTF-8' encoding to copy filtered properties files.
2024-09-07 10:11:47,073 [Worker-31: Building] INFO  o.e.m.c.i.embedder.EclipseLogger - Copying 1 resource
2024-09-07 10:11:47,096 [Worker-31: Building] INFO  o.e.m.c.i.embedder.EclipseLogger - Copying 3 resources
2024-09-07 10:11:47,109 [Worker-31: Building] INFO  o.e.m.c.i.embedder.EclipseLogger - Using 'UTF-8' encoding to copy filtered resources.
2024-09-07 10:11:47,109 [Worker-31: Building] INFO  o.e.m.c.i.embedder.EclipseLogger - Using 'UTF-8' encoding to copy filtered properties files.
2024-09-07 10:11:47,109 [Worker-31: Building] INFO  o.e.m.c.i.embedder.EclipseLogger - Copying 0 resource
2024-09-07 10:11:47,899 [Worker-31: Building] INFO  o.e.m.c.i.embedder.EclipseLogger - Using 'UTF-8' encoding to copy filtered resources.
2024-09-07 10:11:47,899 [Worker-31: Building] INFO  o.e.m.c.i.embedder.EclipseLogger - Using 'UTF-8' encoding to copy filtered properties files.
2024-09-07 10:11:47,900 [Worker-31: Building] INFO  o.e.m.c.i.embedder.EclipseLogger - Copying 1 resource
2024-09-07 10:11:47,913 [Worker-31: Building] INFO  o.e.m.c.i.embedder.EclipseLogger - Copying 2 resources
2024-09-07 10:11:47,921 [Worker-31: Building] INFO  o.e.m.c.i.embedder.EclipseLogger - Using 'UTF-8' encoding to copy filtered resources.
2024-09-07 10:11:47,921 [Worker-31: Building] INFO  o.e.m.c.i.embedder.EclipseLogger - Using 'UTF-8' encoding to copy filtered properties files.
2024-09-07 10:11:47,921 [Worker-31: Building] INFO  o.e.m.c.i.embedder.EclipseLogger - Copying 0 resource
2024-09-07 10:11:49,333 [Worker-31: Building] INFO  o.e.m.c.i.embedder.EclipseLogger - Using 'UTF-8' encoding to copy filtered resources.
2024-09-07 10:11:49,334 [Worker-31: Building] INFO  o.e.m.c.i.embedder.EclipseLogger - Using 'UTF-8' encoding to copy filtered properties files.
2024-09-07 10:11:49,338 [Worker-31: Building] INFO  o.e.m.c.i.embedder.EclipseLogger - Copying 1 resource
2024-09-07 10:11:49,376 [Worker-31: Building] INFO  o.e.m.c.i.embedder.EclipseLogger - Copying 1461 resources
2024-09-07 10:11:51,577 [Worker-31: Building] INFO  o.e.m.c.i.embedder.EclipseLogger - Using 'UTF-8' encoding to copy filtered resources.
2024-09-07 10:11:51,577 [Worker-31: Building] INFO  o.e.m.c.i.embedder.EclipseLogger - Using 'UTF-8' encoding to copy filtered properties files.
2024-09-07 10:11:51,577 [Worker-31: Building] INFO  o.e.m.c.i.embedder.EclipseLogger - skip non existing resourceDirectory D:\Onedrive\Desktop\SES\SES\hddt-SES\src\test\resources
2024-09-07 10:22:20,458 [Worker-37: Building] INFO  o.e.m.c.i.embedder.EclipseLogger - Using 'UTF-8' encoding to copy filtered resources.
2024-09-07 10:22:20,458 [Worker-37: Building] INFO  o.e.m.c.i.embedder.EclipseLogger - Using 'UTF-8' encoding to copy filtered properties files.
2024-09-07 10:22:20,459 [Worker-37: Building] INFO  o.e.m.c.i.embedder.EclipseLogger - Copying 1 resource
2024-09-07 10:22:20,465 [Worker-37: Building] INFO  o.e.m.c.i.embedder.EclipseLogger - Copying 0 resource
2024-09-07 10:22:20,468 [Worker-37: Building] INFO  o.e.m.c.i.embedder.EclipseLogger - Using 'UTF-8' encoding to copy filtered resources.
2024-09-07 10:22:20,468 [Worker-37: Building] INFO  o.e.m.c.i.embedder.EclipseLogger - Using 'UTF-8' encoding to copy filtered properties files.
2024-09-07 10:22:20,469 [Worker-37: Building] INFO  o.e.m.c.i.embedder.EclipseLogger - Copying 0 resource
2024-09-07 10:24:28,281 [Worker-40: Building] INFO  o.e.m.c.i.embedder.EclipseLogger - Using 'UTF-8' encoding to copy filtered resources.
2024-09-07 10:24:28,281 [Worker-40: Building] INFO  o.e.m.c.i.embedder.EclipseLogger - Using 'UTF-8' encoding to copy filtered properties files.
2024-09-07 10:24:28,343 [Worker-40: Building] INFO  o.e.m.c.i.embedder.EclipseLogger - Copying 1 resource
2024-09-07 10:24:28,510 [Worker-40: Building] INFO  o.e.m.c.i.embedder.EclipseLogger - Copying 0 resource
2024-09-07 10:24:28,513 [Worker-40: Building] INFO  o.e.m.c.i.embedder.EclipseLogger - Using 'UTF-8' encoding to copy filtered resources.
2024-09-07 10:24:28,513 [Worker-40: Building] INFO  o.e.m.c.i.embedder.EclipseLogger - Using 'UTF-8' encoding to copy filtered properties files.
2024-09-07 10:24:28,513 [Worker-40: Building] INFO  o.e.m.c.i.embedder.EclipseLogger - skip non existing resourceDirectory D:\Onedrive\Desktop\SES\SES\hddt-SES\src\test\resources
2024-09-07 10:37:43,176 [Worker-6: Loading available Gradle versions] INFO  o.e.b.c.i.u.g.PublishedGradleVersions - Gradle version information cache is up-to-date. Trying to read.
2024-09-07 12:08:23,805 [Worker-43: Building] INFO  o.e.m.c.i.embedder.EclipseLogger - Using 'UTF-8' encoding to copy filtered resources.
2024-09-07 12:08:23,808 [Worker-43: Building] INFO  o.e.m.c.i.embedder.EclipseLogger - Using 'UTF-8' encoding to copy filtered properties files.
2024-09-07 12:08:23,832 [Worker-43: Building] INFO  o.e.m.c.i.embedder.EclipseLogger - Copying 1 resource
2024-09-07 12:08:23,885 [Worker-43: Building] INFO  o.e.m.c.i.embedder.EclipseLogger - Copying 1461 resources
2024-09-07 12:08:27,588 [Worker-43: Building] INFO  o.e.m.c.i.embedder.EclipseLogger - Using 'UTF-8' encoding to copy filtered resources.
2024-09-07 12:08:27,588 [Worker-43: Building] INFO  o.e.m.c.i.embedder.EclipseLogger - Using 'UTF-8' encoding to copy filtered properties files.
2024-09-07 12:08:27,588 [Worker-43: Building] INFO  o.e.m.c.i.embedder.EclipseLogger - Copying 0 resource
2024-09-07 12:31:19,855 [Worker-69: Building] INFO  o.e.m.c.i.embedder.EclipseLogger - Using 'UTF-8' encoding to copy filtered resources.
2024-09-07 12:31:19,856 [Worker-69: Building] INFO  o.e.m.c.i.embedder.EclipseLogger - Using 'UTF-8' encoding to copy filtered properties files.
2024-09-07 12:31:19,989 [Worker-69: Building] INFO  o.e.m.c.i.embedder.EclipseLogger - Copying 0 resource
2024-09-07 12:31:20,218 [Worker-69: Building] INFO  o.e.m.c.i.embedder.EclipseLogger - Copying 1 resource
2024-09-07 12:31:20,226 [Worker-69: Building] INFO  o.e.m.c.i.embedder.EclipseLogger - Using 'UTF-8' encoding to copy filtered resources.
2024-09-07 12:31:20,226 [Worker-69: Building] INFO  o.e.m.c.i.embedder.EclipseLogger - Using 'UTF-8' encoding to copy filtered properties files.
2024-09-07 12:31:20,227 [Worker-69: Building] INFO  o.e.m.c.i.embedder.EclipseLogger - Copying 0 resource
2024-09-07 12:32:30,562 [Worker-57: Building] INFO  o.e.m.c.i.embedder.EclipseLogger - Using 'UTF-8' encoding to copy filtered resources.
2024-09-07 12:32:30,563 [Worker-57: Building] INFO  o.e.m.c.i.embedder.EclipseLogger - Using 'UTF-8' encoding to copy filtered properties files.
2024-09-07 12:32:30,685 [Worker-57: Building] INFO  o.e.m.c.i.embedder.EclipseLogger - Copying 0 resource
2024-09-07 12:32:30,911 [Worker-57: Building] INFO  o.e.m.c.i.embedder.EclipseLogger - Copying 1 resource
2024-09-07 12:32:30,918 [Worker-57: Building] INFO  o.e.m.c.i.embedder.EclipseLogger - Using 'UTF-8' encoding to copy filtered resources.
2024-09-07 12:32:30,918 [Worker-57: Building] INFO  o.e.m.c.i.embedder.EclipseLogger - Using 'UTF-8' encoding to copy filtered properties files.
2024-09-07 12:32:30,919 [Worker-57: Building] INFO  o.e.m.c.i.embedder.EclipseLogger - Copying 0 resource
2024-09-07 12:37:55,124 [Worker-67: Building] INFO  o.e.m.c.i.embedder.EclipseLogger - Using 'UTF-8' encoding to copy filtered resources.
2024-09-07 12:37:55,126 [Worker-67: Building] INFO  o.e.m.c.i.embedder.EclipseLogger - Using 'UTF-8' encoding to copy filtered properties files.
2024-09-07 12:37:55,244 [Worker-67: Building] INFO  o.e.m.c.i.embedder.EclipseLogger - Copying 0 resource
2024-09-07 12:37:55,447 [Worker-67: Building] INFO  o.e.m.c.i.embedder.EclipseLogger - Copying 1 resource
2024-09-07 12:37:55,455 [Worker-67: Building] INFO  o.e.m.c.i.embedder.EclipseLogger - Using 'UTF-8' encoding to copy filtered resources.
2024-09-07 12:37:55,456 [Worker-67: Building] INFO  o.e.m.c.i.embedder.EclipseLogger - Using 'UTF-8' encoding to copy filtered properties files.
2024-09-07 12:37:55,456 [Worker-67: Building] INFO  o.e.m.c.i.embedder.EclipseLogger - Copying 0 resource
2024-09-07 12:41:49,632 [Worker-56: Building] INFO  o.e.m.c.i.embedder.EclipseLogger - Using 'UTF-8' encoding to copy filtered resources.
2024-09-07 12:41:49,633 [Worker-56: Building] INFO  o.e.m.c.i.embedder.EclipseLogger - Using 'UTF-8' encoding to copy filtered properties files.
2024-09-07 12:41:49,770 [Worker-56: Building] INFO  o.e.m.c.i.embedder.EclipseLogger - Copying 0 resource
2024-09-07 12:41:49,970 [Worker-56: Building] INFO  o.e.m.c.i.embedder.EclipseLogger - Copying 1 resource
2024-09-07 12:41:49,978 [Worker-56: Building] INFO  o.e.m.c.i.embedder.EclipseLogger - Using 'UTF-8' encoding to copy filtered resources.
2024-09-07 12:41:49,978 [Worker-56: Building] INFO  o.e.m.c.i.embedder.EclipseLogger - Using 'UTF-8' encoding to copy filtered properties files.
2024-09-07 12:41:49,979 [Worker-56: Building] INFO  o.e.m.c.i.embedder.EclipseLogger - Copying 0 resource
2024-09-07 12:42:31,009 [Worker-64: Building] INFO  o.e.m.c.i.embedder.EclipseLogger - Using 'UTF-8' encoding to copy filtered resources.
2024-09-07 12:42:31,009 [Worker-64: Building] INFO  o.e.m.c.i.embedder.EclipseLogger - Using 'UTF-8' encoding to copy filtered properties files.
2024-09-07 12:42:31,134 [Worker-64: Building] INFO  o.e.m.c.i.embedder.EclipseLogger - Copying 0 resource
2024-09-07 12:42:31,362 [Worker-64: Building] INFO  o.e.m.c.i.embedder.EclipseLogger - Copying 1 resource
2024-09-07 12:42:31,368 [Worker-64: Building] INFO  o.e.m.c.i.embedder.EclipseLogger - Using 'UTF-8' encoding to copy filtered resources.
2024-09-07 12:42:31,369 [Worker-64: Building] INFO  o.e.m.c.i.embedder.EclipseLogger - Using 'UTF-8' encoding to copy filtered properties files.
2024-09-07 12:42:31,369 [Worker-64: Building] INFO  o.e.m.c.i.embedder.EclipseLogger - Copying 0 resource
2024-09-07 12:43:58,415 [Worker-56: Building] INFO  o.e.m.c.i.embedder.EclipseLogger - Using 'UTF-8' encoding to copy filtered resources.
2024-09-07 12:43:58,415 [Worker-56: Building] INFO  o.e.m.c.i.embedder.EclipseLogger - Using 'UTF-8' encoding to copy filtered properties files.
2024-09-07 12:43:58,562 [Worker-56: Building] INFO  o.e.m.c.i.embedder.EclipseLogger - Copying 0 resource
2024-09-07 12:43:58,858 [Worker-56: Building] INFO  o.e.m.c.i.embedder.EclipseLogger - Copying 1 resource
2024-09-07 12:43:58,869 [Worker-56: Building] INFO  o.e.m.c.i.embedder.EclipseLogger - Using 'UTF-8' encoding to copy filtered resources.
2024-09-07 12:43:58,870 [Worker-56: Building] INFO  o.e.m.c.i.embedder.EclipseLogger - Using 'UTF-8' encoding to copy filtered properties files.
2024-09-07 12:43:58,871 [Worker-56: Building] INFO  o.e.m.c.i.embedder.EclipseLogger - Copying 0 resource
2024-09-07 12:44:38,728 [Worker-56: Building] INFO  o.e.m.c.i.embedder.EclipseLogger - Using 'UTF-8' encoding to copy filtered resources.
2024-09-07 12:44:38,728 [Worker-56: Building] INFO  o.e.m.c.i.embedder.EclipseLogger - Using 'UTF-8' encoding to copy filtered properties files.
2024-09-07 12:44:38,880 [Worker-56: Building] INFO  o.e.m.c.i.embedder.EclipseLogger - Copying 0 resource
2024-09-07 12:44:39,092 [Worker-56: Building] INFO  o.e.m.c.i.embedder.EclipseLogger - Copying 1 resource
2024-09-07 12:44:39,101 [Worker-56: Building] INFO  o.e.m.c.i.embedder.EclipseLogger - Using 'UTF-8' encoding to copy filtered resources.
2024-09-07 12:44:39,102 [Worker-56: Building] INFO  o.e.m.c.i.embedder.EclipseLogger - Using 'UTF-8' encoding to copy filtered properties files.
2024-09-07 12:44:39,103 [Worker-56: Building] INFO  o.e.m.c.i.embedder.EclipseLogger - Copying 0 resource
2024-09-07 12:44:44,056 [Worker-71: Building] INFO  o.e.m.c.i.embedder.EclipseLogger - Using 'UTF-8' encoding to copy filtered resources.
2024-09-07 12:44:44,056 [Worker-71: Building] INFO  o.e.m.c.i.embedder.EclipseLogger - Using 'UTF-8' encoding to copy filtered properties files.
2024-09-07 12:44:44,199 [Worker-71: Building] INFO  o.e.m.c.i.embedder.EclipseLogger - Copying 0 resource
2024-09-07 12:44:44,425 [Worker-71: Building] INFO  o.e.m.c.i.embedder.EclipseLogger - Copying 1 resource
2024-09-07 12:44:44,431 [Worker-71: Building] INFO  o.e.m.c.i.embedder.EclipseLogger - Using 'UTF-8' encoding to copy filtered resources.
2024-09-07 12:44:44,432 [Worker-71: Building] INFO  o.e.m.c.i.embedder.EclipseLogger - Using 'UTF-8' encoding to copy filtered properties files.
2024-09-07 12:44:44,432 [Worker-71: Building] INFO  o.e.m.c.i.embedder.EclipseLogger - Copying 0 resource
2024-09-07 12:47:30,614 [Worker-69: Building] INFO  o.e.m.c.i.embedder.EclipseLogger - Using 'UTF-8' encoding to copy filtered resources.
2024-09-07 12:47:30,614 [Worker-69: Building] INFO  o.e.m.c.i.embedder.EclipseLogger - Using 'UTF-8' encoding to copy filtered properties files.
2024-09-07 12:47:30,725 [Worker-69: Building] INFO  o.e.m.c.i.embedder.EclipseLogger - Copying 0 resource
2024-09-07 12:47:30,958 [Worker-69: Building] INFO  o.e.m.c.i.embedder.EclipseLogger - Copying 1 resource
2024-09-07 12:47:30,965 [Worker-69: Building] INFO  o.e.m.c.i.embedder.EclipseLogger - Using 'UTF-8' encoding to copy filtered resources.
2024-09-07 12:47:30,966 [Worker-69: Building] INFO  o.e.m.c.i.embedder.EclipseLogger - Using 'UTF-8' encoding to copy filtered properties files.
2024-09-07 12:47:30,967 [Worker-69: Building] INFO  o.e.m.c.i.embedder.EclipseLogger - Copying 0 resource
2024-09-07 12:49:25,800 [Worker-73: Building] INFO  o.e.m.c.i.embedder.EclipseLogger - Using 'UTF-8' encoding to copy filtered resources.
2024-09-07 12:49:25,800 [Worker-73: Building] INFO  o.e.m.c.i.embedder.EclipseLogger - Using 'UTF-8' encoding to copy filtered properties files.
2024-09-07 12:49:25,923 [Worker-73: Building] INFO  o.e.m.c.i.embedder.EclipseLogger - Copying 0 resource
2024-09-07 12:49:26,132 [Worker-73: Building] INFO  o.e.m.c.i.embedder.EclipseLogger - Copying 1 resource
2024-09-07 12:49:26,140 [Worker-73: Building] INFO  o.e.m.c.i.embedder.EclipseLogger - Using 'UTF-8' encoding to copy filtered resources.
2024-09-07 12:49:26,141 [Worker-73: Building] INFO  o.e.m.c.i.embedder.EclipseLogger - Using 'UTF-8' encoding to copy filtered properties files.
2024-09-07 12:49:26,142 [Worker-73: Building] INFO  o.e.m.c.i.embedder.EclipseLogger - Copying 0 resource
2024-09-10 10:37:42,819 [Worker-7: Loading available Gradle versions] INFO  o.e.b.c.i.u.g.PublishedGradleVersions - Gradle version information cache is out-of-date. Trying to update.
2024-09-10 11:01:46,595 [Worker-50: Building] INFO  o.e.m.c.i.embedder.EclipseLogger - Using 'UTF-8' encoding to copy filtered resources.
2024-09-10 11:01:46,596 [Worker-50: Building] INFO  o.e.m.c.i.embedder.EclipseLogger - Using 'UTF-8' encoding to copy filtered properties files.
2024-09-10 11:01:46,611 [Worker-50: Building] INFO  o.e.m.c.i.embedder.EclipseLogger - Copying 1 resource
2024-09-10 11:01:46,660 [Worker-50: Building] INFO  o.e.m.c.i.embedder.EclipseLogger - Copying 1461 resources
2024-09-10 11:01:49,072 [Worker-50: Building] INFO  o.e.m.c.i.embedder.EclipseLogger - Using 'UTF-8' encoding to copy filtered resources.
2024-09-10 11:01:49,072 [Worker-50: Building] INFO  o.e.m.c.i.embedder.EclipseLogger - Using 'UTF-8' encoding to copy filtered properties files.
2024-09-10 11:01:49,073 [Worker-50: Building] INFO  o.e.m.c.i.embedder.EclipseLogger - Copying 0 resource
2024-09-10 11:05:39,940 [Worker-49: Building] INFO  o.e.m.c.i.embedder.EclipseLogger - Using 'UTF-8' encoding to copy filtered resources.
2024-09-10 11:05:39,940 [Worker-49: Building] INFO  o.e.m.c.i.embedder.EclipseLogger - Using 'UTF-8' encoding to copy filtered properties files.
2024-09-10 11:05:40,023 [Worker-49: Building] INFO  o.e.m.c.i.embedder.EclipseLogger - Copying 0 resource
2024-09-10 11:05:40,174 [Worker-49: Building] INFO  o.e.m.c.i.embedder.EclipseLogger - Copying 1 resource
2024-09-10 11:05:40,180 [Worker-49: Building] INFO  o.e.m.c.i.embedder.EclipseLogger - Using 'UTF-8' encoding to copy filtered resources.
2024-09-10 11:05:40,180 [Worker-49: Building] INFO  o.e.m.c.i.embedder.EclipseLogger - Using 'UTF-8' encoding to copy filtered properties files.
2024-09-10 11:05:40,182 [Worker-49: Building] INFO  o.e.m.c.i.embedder.EclipseLogger - Copying 0 resource
2024-09-10 11:08:04,066 [Worker-51: Building] INFO  o.e.m.c.i.embedder.EclipseLogger - Using 'UTF-8' encoding to copy filtered resources.
2024-09-10 11:08:04,066 [Worker-51: Building] INFO  o.e.m.c.i.embedder.EclipseLogger - Using 'UTF-8' encoding to copy filtered properties files.
2024-09-10 11:08:04,150 [Worker-51: Building] INFO  o.e.m.c.i.embedder.EclipseLogger - Copying 0 resource
2024-09-10 11:08:04,312 [Worker-51: Building] INFO  o.e.m.c.i.embedder.EclipseLogger - Copying 1 resource
2024-09-10 11:08:04,319 [Worker-51: Building] INFO  o.e.m.c.i.embedder.EclipseLogger - Using 'UTF-8' encoding to copy filtered resources.
2024-09-10 11:08:04,319 [Worker-51: Building] INFO  o.e.m.c.i.embedder.EclipseLogger - Using 'UTF-8' encoding to copy filtered properties files.
2024-09-10 11:08:04,320 [Worker-51: Building] INFO  o.e.m.c.i.embedder.EclipseLogger - Copying 0 resource
2024-09-10 11:32:02,861 [Worker-57: Building] INFO  o.e.m.c.i.embedder.EclipseLogger - Using 'UTF-8' encoding to copy filtered resources.
2024-09-10 11:32:02,862 [Worker-57: Building] INFO  o.e.m.c.i.embedder.EclipseLogger - Using 'UTF-8' encoding to copy filtered properties files.
2024-09-10 11:32:03,088 [Worker-57: Building] INFO  o.e.m.c.i.embedder.EclipseLogger - Copying 0 resource
2024-09-10 11:32:03,476 [Worker-57: Building] INFO  o.e.m.c.i.embedder.EclipseLogger - Copying 1 resource
2024-09-10 11:32:03,482 [Worker-57: Building] INFO  o.e.m.c.i.embedder.EclipseLogger - Using 'UTF-8' encoding to copy filtered resources.
2024-09-10 11:32:03,482 [Worker-57: Building] INFO  o.e.m.c.i.embedder.EclipseLogger - Using 'UTF-8' encoding to copy filtered properties files.
2024-09-10 11:32:03,483 [Worker-57: Building] INFO  o.e.m.c.i.embedder.EclipseLogger - Copying 0 resource
2024-09-21 15:57:20,948 [Worker-7: Loading available Gradle versions] INFO  o.e.b.c.i.u.g.PublishedGradleVersions - Gradle version information cache is out-of-date. Trying to update.
2024-09-21 16:14:32,716 [Worker-42: Building] INFO  o.e.m.c.i.embedder.EclipseLogger - Using 'UTF-8' encoding to copy filtered resources.
2024-09-21 16:14:32,717 [Worker-42: Building] INFO  o.e.m.c.i.embedder.EclipseLogger - Using 'UTF-8' encoding to copy filtered properties files.
2024-09-21 16:14:32,719 [Worker-42: Building] INFO  o.e.m.c.i.embedder.EclipseLogger - Copying 1 resource
2024-09-21 16:14:32,741 [Worker-42: Building] INFO  o.e.m.c.i.embedder.EclipseLogger - Copying 3 resources
2024-09-21 16:14:32,748 [Worker-42: Building] INFO  o.e.m.c.i.embedder.EclipseLogger - Using 'UTF-8' encoding to copy filtered resources.
2024-09-21 16:14:32,748 [Worker-42: Building] INFO  o.e.m.c.i.embedder.EclipseLogger - Using 'UTF-8' encoding to copy filtered properties files.
2024-09-21 16:14:32,748 [Worker-42: Building] INFO  o.e.m.c.i.embedder.EclipseLogger - Copying 0 resource
2024-09-21 16:21:18,521 [Worker-42: Building] INFO  o.e.m.c.i.embedder.EclipseLogger - Using 'UTF-8' encoding to copy filtered resources.
2024-09-21 16:21:18,522 [Worker-42: Building] INFO  o.e.m.c.i.embedder.EclipseLogger - Using 'UTF-8' encoding to copy filtered properties files.
2024-09-21 16:21:18,525 [Worker-42: Building] INFO  o.e.m.c.i.embedder.EclipseLogger - Copying 0 resource
2024-09-21 16:21:18,526 [Worker-42: Building] INFO  o.e.m.c.i.embedder.EclipseLogger - Copying 0 resource
2024-09-21 16:21:18,531 [Worker-42: Building] INFO  o.e.m.c.i.embedder.EclipseLogger - Using 'UTF-8' encoding to copy filtered resources.
2024-09-21 16:21:18,531 [Worker-42: Building] INFO  o.e.m.c.i.embedder.EclipseLogger - Using 'UTF-8' encoding to copy filtered properties files.
2024-09-21 16:21:18,532 [Worker-42: Building] INFO  o.e.m.c.i.embedder.EclipseLogger - Copying 0 resource
2024-09-21 16:55:21,499 [Worker-56: Building] INFO  o.e.m.c.i.embedder.EclipseLogger - Using 'UTF-8' encoding to copy filtered resources.
2024-09-21 16:55:21,499 [Worker-56: Building] INFO  o.e.m.c.i.embedder.EclipseLogger - Using 'UTF-8' encoding to copy filtered properties files.
2024-09-21 16:55:21,500 [Worker-56: Building] INFO  o.e.m.c.i.embedder.EclipseLogger - Copying 0 resource
2024-09-21 16:55:21,501 [Worker-56: Building] INFO  o.e.m.c.i.embedder.EclipseLogger - Copying 0 resource
2024-09-21 16:55:21,503 [Worker-56: Building] INFO  o.e.m.c.i.embedder.EclipseLogger - Using 'UTF-8' encoding to copy filtered resources.
2024-09-21 16:55:21,504 [Worker-56: Building] INFO  o.e.m.c.i.embedder.EclipseLogger - Using 'UTF-8' encoding to copy filtered properties files.
2024-09-21 16:55:21,504 [Worker-56: Building] INFO  o.e.m.c.i.embedder.EclipseLogger - Copying 0 resource
2024-09-21 17:12:20,124 [Worker-62: Building] INFO  o.e.m.c.i.embedder.EclipseLogger - Using 'UTF-8' encoding to copy filtered resources.
2024-09-21 17:12:20,124 [Worker-62: Building] INFO  o.e.m.c.i.embedder.EclipseLogger - Using 'UTF-8' encoding to copy filtered properties files.
2024-09-21 17:12:20,124 [Worker-62: Building] INFO  o.e.m.c.i.embedder.EclipseLogger - Copying 1 resource
2024-09-21 17:12:20,126 [Worker-62: Building] INFO  o.e.m.c.i.embedder.EclipseLogger - Copying 3 resources
2024-09-21 17:12:20,132 [Worker-62: Building] INFO  o.e.m.c.i.embedder.EclipseLogger - Using 'UTF-8' encoding to copy filtered resources.
2024-09-21 17:12:20,132 [Worker-62: Building] INFO  o.e.m.c.i.embedder.EclipseLogger - Using 'UTF-8' encoding to copy filtered properties files.
2024-09-21 17:12:20,133 [Worker-62: Building] INFO  o.e.m.c.i.embedder.EclipseLogger - Copying 0 resource
2024-09-21 17:14:55,511 [Worker-47: Building] INFO  o.e.m.c.i.embedder.EclipseLogger - Using 'UTF-8' encoding to copy filtered resources.
2024-09-21 17:14:55,511 [Worker-47: Building] INFO  o.e.m.c.i.embedder.EclipseLogger - Using 'UTF-8' encoding to copy filtered properties files.
2024-09-21 17:14:55,512 [Worker-47: Building] INFO  o.e.m.c.i.embedder.EclipseLogger - Copying 1 resource
2024-09-21 17:14:55,513 [Worker-47: Building] INFO  o.e.m.c.i.embedder.EclipseLogger - Copying 3 resources
2024-09-21 17:14:55,517 [Worker-47: Building] INFO  o.e.m.c.i.embedder.EclipseLogger - Using 'UTF-8' encoding to copy filtered resources.
2024-09-21 17:14:55,517 [Worker-47: Building] INFO  o.e.m.c.i.embedder.EclipseLogger - Using 'UTF-8' encoding to copy filtered properties files.
2024-09-21 17:14:55,518 [Worker-47: Building] INFO  o.e.m.c.i.embedder.EclipseLogger - Copying 0 resource
2024-09-21 17:15:21,528 [Worker-55: Updating Maven Project] INFO  o.e.m.c.i.p.ProjectConfigurationManager - Update started
2024-09-21 17:15:23,927 [Worker-55: Updating Maven Project] INFO  o.e.m.c.i.l.LifecycleMappingFactory - Using org.eclipse.m2e.jdt.JarLifecycleMapping lifecycle mapping for MavenProject: vn.sesgroup:hddt-api:0.0.1-SNAPSHOT @ D:\WorkSpace Eclipse\ses inv 10.09.2024\hddt SES-api\pom.xml.
2024-09-21 17:15:24,546 [Worker-55: Updating Maven Project] INFO  o.e.m.j.i.AbstractJavaProjectConfigurator - Adding source folder /hddt SES-api/src/main/java
2024-09-21 17:15:24,546 [Worker-55: Updating Maven Project] INFO  o.e.m.j.i.AbstractJavaProjectConfigurator - Adding resource folder /hddt SES-api/src/main/resources
2024-09-21 17:15:24,546 [Worker-55: Updating Maven Project] INFO  o.e.m.j.i.AbstractJavaProjectConfigurator - Adding resource folder /hddt SES-api/src/main/resources
2024-09-21 17:15:24,547 [Worker-55: Updating Maven Project] INFO  o.e.m.j.i.AbstractJavaProjectConfigurator - Adding source folder /hddt SES-api/src/test/java
2024-09-21 17:15:24,548 [Worker-55: Updating Maven Project] INFO  o.e.m.j.i.AbstractJavaProjectConfigurator - Adding resource folder /hddt SES-api/src/test/resources
2024-09-21 17:15:25,207 [Worker-55: Updating Maven Project] INFO  o.e.m.c.i.p.ProjectConfigurationManager - Update completed for 1 poms: local refresh takes 0.00 sec, refresh facades takes 2.00 sec, update config takes 0.00 sec 
2024-09-21 17:15:28,826 [Worker-52: Building] INFO  o.e.m.c.i.embedder.EclipseLogger - Using 'UTF-8' encoding to copy filtered resources.
2024-09-21 17:15:28,827 [Worker-52: Building] INFO  o.e.m.c.i.embedder.EclipseLogger - Using 'UTF-8' encoding to copy filtered properties files.
2024-09-21 17:15:28,827 [Worker-52: Building] INFO  o.e.m.c.i.embedder.EclipseLogger - Copying 1 resource
2024-09-21 17:15:28,841 [Worker-52: Building] INFO  o.e.m.c.i.embedder.EclipseLogger - Copying 3 resources
2024-09-21 17:15:28,851 [Worker-52: Building] INFO  o.e.m.c.i.embedder.EclipseLogger - Using 'UTF-8' encoding to copy filtered resources.
2024-09-21 17:15:28,851 [Worker-52: Building] INFO  o.e.m.c.i.embedder.EclipseLogger - Using 'UTF-8' encoding to copy filtered properties files.
2024-09-21 17:15:28,851 [Worker-52: Building] INFO  o.e.m.c.i.embedder.EclipseLogger - Copying 0 resource
2024-09-21 17:17:12,560 [Worker-65: Building] INFO  o.e.m.c.i.embedder.EclipseLogger - Using 'UTF-8' encoding to copy filtered resources.
2024-09-21 17:17:12,560 [Worker-65: Building] INFO  o.e.m.c.i.embedder.EclipseLogger - Using 'UTF-8' encoding to copy filtered properties files.
2024-09-21 17:17:12,563 [Worker-65: Building] INFO  o.e.m.c.i.embedder.EclipseLogger - Copying 1 resource
2024-09-21 17:17:12,566 [Worker-65: Building] INFO  o.e.m.c.i.embedder.EclipseLogger - Copying 3 resources
2024-09-21 17:17:12,575 [Worker-65: Building] INFO  o.e.m.c.i.embedder.EclipseLogger - Using 'UTF-8' encoding to copy filtered resources.
2024-09-21 17:17:12,575 [Worker-65: Building] INFO  o.e.m.c.i.embedder.EclipseLogger - Using 'UTF-8' encoding to copy filtered properties files.
2024-09-21 17:17:12,575 [Worker-65: Building] INFO  o.e.m.c.i.embedder.EclipseLogger - Copying 0 resource
2024-09-21 17:19:01,840 [Worker-65: Building] INFO  o.e.m.c.i.embedder.EclipseLogger - Using 'UTF-8' encoding to copy filtered resources.
2024-09-21 17:19:01,840 [Worker-65: Building] INFO  o.e.m.c.i.embedder.EclipseLogger - Using 'UTF-8' encoding to copy filtered properties files.
2024-09-21 17:19:01,844 [Worker-65: Building] INFO  o.e.m.c.i.embedder.EclipseLogger - Copying 1 resource
2024-09-21 17:19:01,856 [Worker-65: Building] INFO  o.e.m.c.i.embedder.EclipseLogger - Copying 1461 resources
2024-09-21 17:19:12,526 [Worker-65: Building] INFO  o.e.m.c.i.embedder.EclipseLogger - Using 'UTF-8' encoding to copy filtered resources.
2024-09-21 17:19:12,526 [Worker-65: Building] INFO  o.e.m.c.i.embedder.EclipseLogger - Using 'UTF-8' encoding to copy filtered properties files.
2024-09-21 17:19:12,526 [Worker-65: Building] INFO  o.e.m.c.i.embedder.EclipseLogger - Copying 0 resource
2024-09-21 17:22:29,369 [Worker-65: Building] INFO  o.e.m.c.i.embedder.EclipseLogger - Using 'UTF-8' encoding to copy filtered resources.
2024-09-21 17:22:29,369 [Worker-65: Building] INFO  o.e.m.c.i.embedder.EclipseLogger - Using 'UTF-8' encoding to copy filtered properties files.
2024-09-21 17:22:29,431 [Worker-65: Building] INFO  o.e.m.c.i.embedder.EclipseLogger - Copying 1 resource
2024-09-21 17:22:29,495 [Worker-65: Building] INFO  o.e.m.c.i.embedder.EclipseLogger - Copying 1461 resources
2024-09-21 17:22:31,325 [Worker-65: Building] INFO  o.e.m.c.i.embedder.EclipseLogger - Using 'UTF-8' encoding to copy filtered resources.
2024-09-21 17:22:31,325 [Worker-65: Building] INFO  o.e.m.c.i.embedder.EclipseLogger - Using 'UTF-8' encoding to copy filtered properties files.
2024-09-21 17:22:31,325 [Worker-65: Building] INFO  o.e.m.c.i.embedder.EclipseLogger - Copying 0 resource
2024-09-21 17:22:53,000 [Worker-55: Building] INFO  o.e.m.c.i.embedder.EclipseLogger - Using 'UTF-8' encoding to copy filtered resources.
2024-09-21 17:22:53,000 [Worker-55: Building] INFO  o.e.m.c.i.embedder.EclipseLogger - Using 'UTF-8' encoding to copy filtered properties files.
2024-09-21 17:22:53,001 [Worker-55: Building] INFO  o.e.m.c.i.embedder.EclipseLogger - Copying 1 resource
2024-09-21 17:22:53,002 [Worker-55: Building] INFO  o.e.m.c.i.embedder.EclipseLogger - Copying 3 resources
2024-09-21 17:22:53,008 [Worker-55: Building] INFO  o.e.m.c.i.embedder.EclipseLogger - Using 'UTF-8' encoding to copy filtered resources.
2024-09-21 17:22:53,008 [Worker-55: Building] INFO  o.e.m.c.i.embedder.EclipseLogger - Using 'UTF-8' encoding to copy filtered properties files.
2024-09-21 17:22:53,009 [Worker-55: Building] INFO  o.e.m.c.i.embedder.EclipseLogger - Copying 0 resource
2024-09-21 17:30:02,815 [Worker-65: Building] INFO  o.e.m.c.i.embedder.EclipseLogger - Using 'UTF-8' encoding to copy filtered resources.
2024-09-21 17:30:02,815 [Worker-65: Building] INFO  o.e.m.c.i.embedder.EclipseLogger - Using 'UTF-8' encoding to copy filtered properties files.
2024-09-21 17:30:02,816 [Worker-65: Building] INFO  o.e.m.c.i.embedder.EclipseLogger - Copying 1 resource
2024-09-21 17:30:02,820 [Worker-65: Building] INFO  o.e.m.c.i.embedder.EclipseLogger - Copying 3 resources
2024-09-21 17:30:02,823 [Worker-65: Building] INFO  o.e.m.c.i.embedder.EclipseLogger - Using 'UTF-8' encoding to copy filtered resources.
2024-09-21 17:30:02,823 [Worker-65: Building] INFO  o.e.m.c.i.embedder.EclipseLogger - Using 'UTF-8' encoding to copy filtered properties files.
2024-09-21 17:30:02,824 [Worker-65: Building] INFO  o.e.m.c.i.embedder.EclipseLogger - Copying 0 resource
2024-09-21 17:31:43,149 [Worker-65: Building] INFO  o.e.m.c.i.embedder.EclipseLogger - Using 'UTF-8' encoding to copy filtered resources.
2024-09-21 17:31:43,149 [Worker-65: Building] INFO  o.e.m.c.i.embedder.EclipseLogger - Using 'UTF-8' encoding to copy filtered properties files.
2024-09-21 17:31:43,150 [Worker-65: Building] INFO  o.e.m.c.i.embedder.EclipseLogger - Copying 1 resource
2024-09-21 17:31:43,154 [Worker-65: Building] INFO  o.e.m.c.i.embedder.EclipseLogger - Copying 3 resources
2024-09-21 17:31:43,158 [Worker-65: Building] INFO  o.e.m.c.i.embedder.EclipseLogger - Using 'UTF-8' encoding to copy filtered resources.
2024-09-21 17:31:43,158 [Worker-65: Building] INFO  o.e.m.c.i.embedder.EclipseLogger - Using 'UTF-8' encoding to copy filtered properties files.
2024-09-21 17:31:43,159 [Worker-65: Building] INFO  o.e.m.c.i.embedder.EclipseLogger - Copying 0 resource
2024-09-21 17:35:21,652 [Worker-66: Building] INFO  o.e.m.c.i.embedder.EclipseLogger - Using 'UTF-8' encoding to copy filtered resources.
2024-09-21 17:35:21,652 [Worker-66: Building] INFO  o.e.m.c.i.embedder.EclipseLogger - Using 'UTF-8' encoding to copy filtered properties files.
2024-09-21 17:35:21,653 [Worker-66: Building] INFO  o.e.m.c.i.embedder.EclipseLogger - Copying 1 resource
2024-09-21 17:35:21,657 [Worker-66: Building] INFO  o.e.m.c.i.embedder.EclipseLogger - Copying 3 resources
2024-09-21 17:35:21,660 [Worker-66: Building] INFO  o.e.m.c.i.embedder.EclipseLogger - Using 'UTF-8' encoding to copy filtered resources.
2024-09-21 17:35:21,660 [Worker-66: Building] INFO  o.e.m.c.i.embedder.EclipseLogger - Using 'UTF-8' encoding to copy filtered properties files.
2024-09-21 17:35:21,660 [Worker-66: Building] INFO  o.e.m.c.i.embedder.EclipseLogger - Copying 0 resource
2024-09-21 17:35:38,208 [Worker-66: Building] INFO  o.e.m.c.i.embedder.EclipseLogger - Using 'UTF-8' encoding to copy filtered resources.
2024-09-21 17:35:38,208 [Worker-66: Building] INFO  o.e.m.c.i.embedder.EclipseLogger - Using 'UTF-8' encoding to copy filtered properties files.
2024-09-21 17:35:38,208 [Worker-66: Building] INFO  o.e.m.c.i.embedder.EclipseLogger - Copying 1 resource
2024-09-21 17:35:38,209 [Worker-66: Building] INFO  o.e.m.c.i.embedder.EclipseLogger - Copying 3 resources
2024-09-21 17:35:38,213 [Worker-66: Building] INFO  o.e.m.c.i.embedder.EclipseLogger - Using 'UTF-8' encoding to copy filtered resources.
2024-09-21 17:35:38,215 [Worker-66: Building] INFO  o.e.m.c.i.embedder.EclipseLogger - Using 'UTF-8' encoding to copy filtered properties files.
2024-09-21 17:35:38,215 [Worker-66: Building] INFO  o.e.m.c.i.embedder.EclipseLogger - Copying 0 resource
2024-09-21 17:42:24,526 [Worker-47: Building] INFO  o.e.m.c.i.embedder.EclipseLogger - Using 'UTF-8' encoding to copy filtered resources.
2024-09-21 17:42:24,526 [Worker-47: Building] INFO  o.e.m.c.i.embedder.EclipseLogger - Using 'UTF-8' encoding to copy filtered properties files.
2024-09-21 17:42:24,526 [Worker-47: Building] INFO  o.e.m.c.i.embedder.EclipseLogger - Copying 1 resource
2024-09-21 17:42:24,531 [Worker-47: Building] INFO  o.e.m.c.i.embedder.EclipseLogger - Copying 3 resources
2024-09-21 17:42:24,535 [Worker-47: Building] INFO  o.e.m.c.i.embedder.EclipseLogger - Using 'UTF-8' encoding to copy filtered resources.
2024-09-21 17:42:24,536 [Worker-47: Building] INFO  o.e.m.c.i.embedder.EclipseLogger - Using 'UTF-8' encoding to copy filtered properties files.
2024-09-21 17:42:24,536 [Worker-47: Building] INFO  o.e.m.c.i.embedder.EclipseLogger - Copying 0 resource
2024-09-21 17:42:59,479 [Worker-54: Building] INFO  o.e.m.c.i.embedder.EclipseLogger - Using 'UTF-8' encoding to copy filtered resources.
2024-09-21 17:42:59,479 [Worker-54: Building] INFO  o.e.m.c.i.embedder.EclipseLogger - Using 'UTF-8' encoding to copy filtered properties files.
2024-09-21 17:42:59,480 [Worker-54: Building] INFO  o.e.m.c.i.embedder.EclipseLogger - Copying 1 resource
2024-09-21 17:42:59,481 [Worker-54: Building] INFO  o.e.m.c.i.embedder.EclipseLogger - Copying 3 resources
2024-09-21 17:42:59,485 [Worker-54: Building] INFO  o.e.m.c.i.embedder.EclipseLogger - Using 'UTF-8' encoding to copy filtered resources.
2024-09-21 17:42:59,485 [Worker-54: Building] INFO  o.e.m.c.i.embedder.EclipseLogger - Using 'UTF-8' encoding to copy filtered properties files.
2024-09-21 17:42:59,485 [Worker-54: Building] INFO  o.e.m.c.i.embedder.EclipseLogger - Copying 0 resource
2024-09-22 10:19:57,184 [Worker-4: Loading available Gradle versions] INFO  o.e.b.c.i.u.g.PublishedGradleVersions - Gradle version information cache is up-to-date. Trying to read.
2024-09-22 10:53:38,880 [main] INFO  o.e.m2e.actions.ExecutePomAction - Creating new launch configuration
2024-09-22 10:53:52,430 [Worker-39: Launching hddt-SES] INFO  o.eclipse.m2e.core.internal.Bundles - getClasspathEntries(Bundle=org.eclipse.m2e.maven.runtime_3.9.400.20230826-0755 [297])
2024-09-22 10:53:52,439 [Worker-39: Launching hddt-SES] INFO  o.eclipse.m2e.core.internal.Bundles - 	Entry: C:\Users\hoang\.p2\pool\plugins\org.eclipse.m2e.maven.runtime_3.9.400.20230826-0755
2024-09-22 10:53:52,440 [Worker-39: Launching hddt-SES] INFO  o.eclipse.m2e.core.internal.Bundles - 	Entry: C:\Users\hoang\.p2\pool\plugins\org.eclipse.m2e.maven.runtime_3.9.400.20230826-0755\jars\aether-connector-okhttp-0.17.8.jar
2024-09-22 10:53:52,440 [Worker-39: Launching hddt-SES] INFO  o.eclipse.m2e.core.internal.Bundles - 	Entry: C:\Users\hoang\.p2\pool\plugins\org.eclipse.m2e.maven.runtime_3.9.400.20230826-0755\jars\aopalliance-1.0.jar
2024-09-22 10:53:52,440 [Worker-39: Launching hddt-SES] INFO  o.eclipse.m2e.core.internal.Bundles - 	Entry: C:\Users\hoang\.p2\pool\plugins\org.eclipse.m2e.maven.runtime_3.9.400.20230826-0755\jars\commons-lang3-3.12.0.jar
2024-09-22 10:53:52,441 [Worker-39: Launching hddt-SES] INFO  o.eclipse.m2e.core.internal.Bundles - 	Entry: C:\Users\hoang\.p2\pool\plugins\org.eclipse.m2e.maven.runtime_3.9.400.20230826-0755\jars\guice-5.1.0.jar
2024-09-22 10:53:52,441 [Worker-39: Launching hddt-SES] INFO  o.eclipse.m2e.core.internal.Bundles - 	Entry: C:\Users\hoang\.p2\pool\plugins\org.eclipse.m2e.maven.runtime_3.9.400.20230826-0755\jars\jansi-2.4.0.jar
2024-09-22 10:53:52,441 [Worker-39: Launching hddt-SES] INFO  o.eclipse.m2e.core.internal.Bundles - 	Entry: C:\Users\hoang\.p2\pool\plugins\org.eclipse.m2e.maven.runtime_3.9.400.20230826-0755\jars\maven-artifact-3.9.4.jar
2024-09-22 10:53:52,442 [Worker-39: Launching hddt-SES] INFO  o.eclipse.m2e.core.internal.Bundles - 	Entry: C:\Users\hoang\.p2\pool\plugins\org.eclipse.m2e.maven.runtime_3.9.400.20230826-0755\jars\maven-builder-support-3.9.4.jar
2024-09-22 10:53:52,442 [Worker-39: Launching hddt-SES] INFO  o.eclipse.m2e.core.internal.Bundles - 	Entry: C:\Users\hoang\.p2\pool\plugins\org.eclipse.m2e.maven.runtime_3.9.400.20230826-0755\jars\maven-compat-3.9.4.jar
2024-09-22 10:53:52,442 [Worker-39: Launching hddt-SES] INFO  o.eclipse.m2e.core.internal.Bundles - 	Entry: C:\Users\hoang\.p2\pool\plugins\org.eclipse.m2e.maven.runtime_3.9.400.20230826-0755\jars\maven-core-3.9.4.jar
2024-09-22 10:53:52,442 [Worker-39: Launching hddt-SES] INFO  o.eclipse.m2e.core.internal.Bundles - 	Entry: C:\Users\hoang\.p2\pool\plugins\org.eclipse.m2e.maven.runtime_3.9.400.20230826-0755\jars\maven-embedder-3.9.4.jar
2024-09-22 10:53:52,443 [Worker-39: Launching hddt-SES] INFO  o.eclipse.m2e.core.internal.Bundles - 	Entry: C:\Users\hoang\.p2\pool\plugins\org.eclipse.m2e.maven.runtime_3.9.400.20230826-0755\jars\maven-model-3.9.4.jar
2024-09-22 10:53:52,443 [Worker-39: Launching hddt-SES] INFO  o.eclipse.m2e.core.internal.Bundles - 	Entry: C:\Users\hoang\.p2\pool\plugins\org.eclipse.m2e.maven.runtime_3.9.400.20230826-0755\jars\maven-model-builder-3.9.4.jar
2024-09-22 10:53:52,443 [Worker-39: Launching hddt-SES] INFO  o.eclipse.m2e.core.internal.Bundles - 	Entry: C:\Users\hoang\.p2\pool\plugins\org.eclipse.m2e.maven.runtime_3.9.400.20230826-0755\jars\maven-plugin-api-3.9.4.jar
2024-09-22 10:53:52,443 [Worker-39: Launching hddt-SES] INFO  o.eclipse.m2e.core.internal.Bundles - 	Entry: C:\Users\hoang\.p2\pool\plugins\org.eclipse.m2e.maven.runtime_3.9.400.20230826-0755\jars\maven-repository-metadata-3.9.4.jar
2024-09-22 10:53:52,444 [Worker-39: Launching hddt-SES] INFO  o.eclipse.m2e.core.internal.Bundles - 	Entry: C:\Users\hoang\.p2\pool\plugins\org.eclipse.m2e.maven.runtime_3.9.400.20230826-0755\jars\maven-resolver-api-1.9.14.jar
2024-09-22 10:53:52,444 [Worker-39: Launching hddt-SES] INFO  o.eclipse.m2e.core.internal.Bundles - 	Entry: C:\Users\hoang\.p2\pool\plugins\org.eclipse.m2e.maven.runtime_3.9.400.20230826-0755\jars\maven-resolver-connector-basic-1.9.14.jar
2024-09-22 10:53:52,444 [Worker-39: Launching hddt-SES] INFO  o.eclipse.m2e.core.internal.Bundles - 	Entry: C:\Users\hoang\.p2\pool\plugins\org.eclipse.m2e.maven.runtime_3.9.400.20230826-0755\jars\maven-resolver-impl-1.9.14.jar
2024-09-22 10:53:52,444 [Worker-39: Launching hddt-SES] INFO  o.eclipse.m2e.core.internal.Bundles - 	Entry: C:\Users\hoang\.p2\pool\plugins\org.eclipse.m2e.maven.runtime_3.9.400.20230826-0755\jars\maven-resolver-named-locks-1.9.14.jar
2024-09-22 10:53:52,445 [Worker-39: Launching hddt-SES] INFO  o.eclipse.m2e.core.internal.Bundles - 	Entry: C:\Users\hoang\.p2\pool\plugins\org.eclipse.m2e.maven.runtime_3.9.400.20230826-0755\jars\maven-resolver-provider-3.9.4.jar
2024-09-22 10:53:52,445 [Worker-39: Launching hddt-SES] INFO  o.eclipse.m2e.core.internal.Bundles - 	Entry: C:\Users\hoang\.p2\pool\plugins\org.eclipse.m2e.maven.runtime_3.9.400.20230826-0755\jars\maven-resolver-spi-1.9.14.jar
2024-09-22 10:53:52,445 [Worker-39: Launching hddt-SES] INFO  o.eclipse.m2e.core.internal.Bundles - 	Entry: C:\Users\hoang\.p2\pool\plugins\org.eclipse.m2e.maven.runtime_3.9.400.20230826-0755\jars\maven-resolver-transport-wagon-1.9.14.jar
2024-09-22 10:53:52,445 [Worker-39: Launching hddt-SES] INFO  o.eclipse.m2e.core.internal.Bundles - 	Entry: C:\Users\hoang\.p2\pool\plugins\org.eclipse.m2e.maven.runtime_3.9.400.20230826-0755\jars\maven-resolver-util-1.9.14.jar
2024-09-22 10:53:52,445 [Worker-39: Launching hddt-SES] INFO  o.eclipse.m2e.core.internal.Bundles - 	Entry: C:\Users\hoang\.p2\pool\plugins\org.eclipse.m2e.maven.runtime_3.9.400.20230826-0755\jars\maven-settings-3.9.4.jar
2024-09-22 10:53:52,446 [Worker-39: Launching hddt-SES] INFO  o.eclipse.m2e.core.internal.Bundles - 	Entry: C:\Users\hoang\.p2\pool\plugins\org.eclipse.m2e.maven.runtime_3.9.400.20230826-0755\jars\maven-settings-builder-3.9.4.jar
2024-09-22 10:53:52,446 [Worker-39: Launching hddt-SES] INFO  o.eclipse.m2e.core.internal.Bundles - 	Entry: C:\Users\hoang\.p2\pool\plugins\org.eclipse.m2e.maven.runtime_3.9.400.20230826-0755\jars\maven-shared-utils-3.3.4.jar
2024-09-22 10:53:52,446 [Worker-39: Launching hddt-SES] INFO  o.eclipse.m2e.core.internal.Bundles - 	Entry: C:\Users\hoang\.p2\pool\plugins\org.eclipse.m2e.maven.runtime_3.9.400.20230826-0755\jars\okhttp-3.14.1.jar
2024-09-22 10:53:52,447 [Worker-39: Launching hddt-SES] INFO  o.eclipse.m2e.core.internal.Bundles - 	Entry: C:\Users\hoang\.p2\pool\plugins\org.eclipse.m2e.maven.runtime_3.9.400.20230826-0755\jars\okio-1.17.3.jar
2024-09-22 10:53:52,447 [Worker-39: Launching hddt-SES] INFO  o.eclipse.m2e.core.internal.Bundles - 	Entry: C:\Users\hoang\.p2\pool\plugins\org.eclipse.m2e.maven.runtime_3.9.400.20230826-0755\jars\org.eclipse.sisu.inject-0.3.5.jar
2024-09-22 10:53:52,447 [Worker-39: Launching hddt-SES] INFO  o.eclipse.m2e.core.internal.Bundles - 	Entry: C:\Users\hoang\.p2\pool\plugins\org.eclipse.m2e.maven.runtime_3.9.400.20230826-0755\jars\org.eclipse.sisu.plexus-0.3.5.jar
2024-09-22 10:53:52,447 [Worker-39: Launching hddt-SES] INFO  o.eclipse.m2e.core.internal.Bundles - 	Entry: C:\Users\hoang\.p2\pool\plugins\org.eclipse.m2e.maven.runtime_3.9.400.20230826-0755\jars\plexus-build-api-0.0.7.jar
2024-09-22 10:53:52,448 [Worker-39: Launching hddt-SES] INFO  o.eclipse.m2e.core.internal.Bundles - 	Entry: C:\Users\hoang\.p2\pool\plugins\org.eclipse.m2e.maven.runtime_3.9.400.20230826-0755\jars\plexus-cipher-2.0.jar
2024-09-22 10:53:52,448 [Worker-39: Launching hddt-SES] INFO  o.eclipse.m2e.core.internal.Bundles - 	Entry: C:\Users\hoang\.p2\pool\plugins\org.eclipse.m2e.maven.runtime_3.9.400.20230826-0755\jars\plexus-classworlds-2.7.0.jar
2024-09-22 10:53:52,448 [Worker-39: Launching hddt-SES] INFO  o.eclipse.m2e.core.internal.Bundles - 	Entry: C:\Users\hoang\.p2\pool\plugins\org.eclipse.m2e.maven.runtime_3.9.400.20230826-0755\jars\plexus-component-annotations-2.1.0.jar
2024-09-22 10:53:52,449 [Worker-39: Launching hddt-SES] INFO  o.eclipse.m2e.core.internal.Bundles - 	Entry: C:\Users\hoang\.p2\pool\plugins\org.eclipse.m2e.maven.runtime_3.9.400.20230826-0755\jars\plexus-interpolation-1.26.jar
2024-09-22 10:53:52,449 [Worker-39: Launching hddt-SES] INFO  o.eclipse.m2e.core.internal.Bundles - 	Entry: C:\Users\hoang\.p2\pool\plugins\org.eclipse.m2e.maven.runtime_3.9.400.20230826-0755\jars\plexus-sec-dispatcher-2.0.jar
2024-09-22 10:53:52,450 [Worker-39: Launching hddt-SES] INFO  o.eclipse.m2e.core.internal.Bundles - 	Entry: C:\Users\hoang\.p2\pool\plugins\org.eclipse.m2e.maven.runtime_3.9.400.20230826-0755\jars\plexus-utils-3.5.1.jar
2024-09-22 10:53:52,450 [Worker-39: Launching hddt-SES] INFO  o.eclipse.m2e.core.internal.Bundles - 	Entry: C:\Users\hoang\.p2\pool\plugins\org.eclipse.m2e.maven.runtime_3.9.400.20230826-0755\jars\wagon-file-3.5.3.jar
2024-09-22 10:53:52,450 [Worker-39: Launching hddt-SES] INFO  o.eclipse.m2e.core.internal.Bundles - 	Entry: C:\Users\hoang\.p2\pool\plugins\org.eclipse.m2e.maven.runtime_3.9.400.20230826-0755\jars\wagon-provider-api-3.5.3.jar
2024-09-22 10:53:52,453 [Worker-39: Launching hddt-SES] INFO  o.eclipse.m2e.core.internal.Bundles - getClasspathEntries(Bundle=com.google.guava_32.1.2.jre [10])
2024-09-22 10:53:52,454 [Worker-39: Launching hddt-SES] INFO  o.eclipse.m2e.core.internal.Bundles - 	Entry: C:\Users\hoang\.p2\pool\plugins\com.google.guava_32.1.2.jre.jar
2024-09-22 10:53:52,454 [Worker-39: Launching hddt-SES] INFO  o.eclipse.m2e.core.internal.Bundles - getClasspathEntries(Bundle=slf4j.api_2.0.9 [518])
2024-09-22 10:53:52,455 [Worker-39: Launching hddt-SES] INFO  o.eclipse.m2e.core.internal.Bundles - 	Entry: C:\Users\hoang\.p2\pool\plugins\slf4j.api_2.0.9.jar
2024-09-22 10:53:52,455 [Worker-39: Launching hddt-SES] INFO  o.eclipse.m2e.core.internal.Bundles - getClasspathEntries(Bundle=javax.inject_1.0.0.v20220405-0441 [26])
2024-09-22 10:53:52,455 [Worker-39: Launching hddt-SES] INFO  o.eclipse.m2e.core.internal.Bundles - 	Entry: C:\Users\hoang\.p2\pool\plugins\javax.inject_1.0.0.v20220405-0441.jar
2024-09-22 10:53:52,455 [Worker-39: Launching hddt-SES] INFO  o.eclipse.m2e.core.internal.Bundles - getClasspathEntries(Bundle=javax.annotation_1.3.5.v20200909-1856 [24])
2024-09-22 10:53:52,456 [Worker-39: Launching hddt-SES] INFO  o.eclipse.m2e.core.internal.Bundles - 	Entry: C:\Users\hoang\.p2\pool\plugins\javax.annotation_1.3.5.v20200909-1856.jar
2024-09-22 10:53:52,456 [Worker-39: Launching hddt-SES] INFO  o.eclipse.m2e.core.internal.Bundles - getClasspathEntries(Bundle=org.apache.commons.cli_1.5.0 [49])
2024-09-22 10:53:52,457 [Worker-39: Launching hddt-SES] INFO  o.eclipse.m2e.core.internal.Bundles - 	Entry: C:\Users\hoang\.p2\pool\plugins\org.apache.commons.cli_1.5.0.jar
2024-09-22 10:53:52,457 [Worker-39: Launching hddt-SES] INFO  o.eclipse.m2e.core.internal.Bundles - getClasspathEntries(Bundle=com.google.guava.failureaccess_1.0.1 [12])
2024-09-22 10:53:52,458 [Worker-39: Launching hddt-SES] INFO  o.eclipse.m2e.core.internal.Bundles - 	Entry: C:\Users\hoang\.p2\pool\plugins\com.google.guava.failureaccess_1.0.1.jar
2024-09-22 10:53:52,464 [Worker-39: Launching hddt-SES] INFO  o.e.m.i.launch.MavenLaunchDelegate - Run build in "D:\WorkSpace Eclipse\ses inv 10.09.2024\hddt-SES":
2024-09-22 10:53:52,465 [Worker-39: Launching hddt-SES] INFO  o.e.m.i.launch.MavenLaunchDelegate -  mvn  -Pclean,compile,install,package -B -Dstyle.color=always clean compile install package
2024-09-22 10:55:49,481 [main] INFO  o.e.m2e.actions.ExecutePomAction - Creating new launch configuration
2024-09-22 10:56:01,371 [Worker-40: Launching hddt SES-api] INFO  o.eclipse.m2e.core.internal.Bundles - getClasspathEntries(Bundle=org.eclipse.m2e.maven.runtime_3.9.400.20230826-0755 [297])
2024-09-22 10:56:01,373 [Worker-40: Launching hddt SES-api] INFO  o.eclipse.m2e.core.internal.Bundles - 	Entry: C:\Users\hoang\.p2\pool\plugins\org.eclipse.m2e.maven.runtime_3.9.400.20230826-0755
2024-09-22 10:56:01,373 [Worker-40: Launching hddt SES-api] INFO  o.eclipse.m2e.core.internal.Bundles - 	Entry: C:\Users\hoang\.p2\pool\plugins\org.eclipse.m2e.maven.runtime_3.9.400.20230826-0755\jars\aether-connector-okhttp-0.17.8.jar
2024-09-22 10:56:01,375 [Worker-40: Launching hddt SES-api] INFO  o.eclipse.m2e.core.internal.Bundles - 	Entry: C:\Users\hoang\.p2\pool\plugins\org.eclipse.m2e.maven.runtime_3.9.400.20230826-0755\jars\aopalliance-1.0.jar
2024-09-22 10:56:01,375 [Worker-40: Launching hddt SES-api] INFO  o.eclipse.m2e.core.internal.Bundles - 	Entry: C:\Users\hoang\.p2\pool\plugins\org.eclipse.m2e.maven.runtime_3.9.400.20230826-0755\jars\commons-lang3-3.12.0.jar
2024-09-22 10:56:01,375 [Worker-40: Launching hddt SES-api] INFO  o.eclipse.m2e.core.internal.Bundles - 	Entry: C:\Users\hoang\.p2\pool\plugins\org.eclipse.m2e.maven.runtime_3.9.400.20230826-0755\jars\guice-5.1.0.jar
2024-09-22 10:56:01,375 [Worker-40: Launching hddt SES-api] INFO  o.eclipse.m2e.core.internal.Bundles - 	Entry: C:\Users\hoang\.p2\pool\plugins\org.eclipse.m2e.maven.runtime_3.9.400.20230826-0755\jars\jansi-2.4.0.jar
2024-09-22 10:56:01,375 [Worker-40: Launching hddt SES-api] INFO  o.eclipse.m2e.core.internal.Bundles - 	Entry: C:\Users\hoang\.p2\pool\plugins\org.eclipse.m2e.maven.runtime_3.9.400.20230826-0755\jars\maven-artifact-3.9.4.jar
2024-09-22 10:56:01,375 [Worker-40: Launching hddt SES-api] INFO  o.eclipse.m2e.core.internal.Bundles - 	Entry: C:\Users\hoang\.p2\pool\plugins\org.eclipse.m2e.maven.runtime_3.9.400.20230826-0755\jars\maven-builder-support-3.9.4.jar
2024-09-22 10:56:01,376 [Worker-40: Launching hddt SES-api] INFO  o.eclipse.m2e.core.internal.Bundles - 	Entry: C:\Users\hoang\.p2\pool\plugins\org.eclipse.m2e.maven.runtime_3.9.400.20230826-0755\jars\maven-compat-3.9.4.jar
2024-09-22 10:56:01,376 [Worker-40: Launching hddt SES-api] INFO  o.eclipse.m2e.core.internal.Bundles - 	Entry: C:\Users\hoang\.p2\pool\plugins\org.eclipse.m2e.maven.runtime_3.9.400.20230826-0755\jars\maven-core-3.9.4.jar
2024-09-22 10:56:01,377 [Worker-40: Launching hddt SES-api] INFO  o.eclipse.m2e.core.internal.Bundles - 	Entry: C:\Users\hoang\.p2\pool\plugins\org.eclipse.m2e.maven.runtime_3.9.400.20230826-0755\jars\maven-embedder-3.9.4.jar
2024-09-22 10:56:01,378 [Worker-40: Launching hddt SES-api] INFO  o.eclipse.m2e.core.internal.Bundles - 	Entry: C:\Users\hoang\.p2\pool\plugins\org.eclipse.m2e.maven.runtime_3.9.400.20230826-0755\jars\maven-model-3.9.4.jar
2024-09-22 10:56:01,378 [Worker-40: Launching hddt SES-api] INFO  o.eclipse.m2e.core.internal.Bundles - 	Entry: C:\Users\hoang\.p2\pool\plugins\org.eclipse.m2e.maven.runtime_3.9.400.20230826-0755\jars\maven-model-builder-3.9.4.jar
2024-09-22 10:56:01,378 [Worker-40: Launching hddt SES-api] INFO  o.eclipse.m2e.core.internal.Bundles - 	Entry: C:\Users\hoang\.p2\pool\plugins\org.eclipse.m2e.maven.runtime_3.9.400.20230826-0755\jars\maven-plugin-api-3.9.4.jar
2024-09-22 10:56:01,379 [Worker-40: Launching hddt SES-api] INFO  o.eclipse.m2e.core.internal.Bundles - 	Entry: C:\Users\hoang\.p2\pool\plugins\org.eclipse.m2e.maven.runtime_3.9.400.20230826-0755\jars\maven-repository-metadata-3.9.4.jar
2024-09-22 10:56:01,379 [Worker-40: Launching hddt SES-api] INFO  o.eclipse.m2e.core.internal.Bundles - 	Entry: C:\Users\hoang\.p2\pool\plugins\org.eclipse.m2e.maven.runtime_3.9.400.20230826-0755\jars\maven-resolver-api-1.9.14.jar
2024-09-22 10:56:01,379 [Worker-40: Launching hddt SES-api] INFO  o.eclipse.m2e.core.internal.Bundles - 	Entry: C:\Users\hoang\.p2\pool\plugins\org.eclipse.m2e.maven.runtime_3.9.400.20230826-0755\jars\maven-resolver-connector-basic-1.9.14.jar
2024-09-22 10:56:01,379 [Worker-40: Launching hddt SES-api] INFO  o.eclipse.m2e.core.internal.Bundles - 	Entry: C:\Users\hoang\.p2\pool\plugins\org.eclipse.m2e.maven.runtime_3.9.400.20230826-0755\jars\maven-resolver-impl-1.9.14.jar
2024-09-22 10:56:01,380 [Worker-40: Launching hddt SES-api] INFO  o.eclipse.m2e.core.internal.Bundles - 	Entry: C:\Users\hoang\.p2\pool\plugins\org.eclipse.m2e.maven.runtime_3.9.400.20230826-0755\jars\maven-resolver-named-locks-1.9.14.jar
2024-09-22 10:56:01,380 [Worker-40: Launching hddt SES-api] INFO  o.eclipse.m2e.core.internal.Bundles - 	Entry: C:\Users\hoang\.p2\pool\plugins\org.eclipse.m2e.maven.runtime_3.9.400.20230826-0755\jars\maven-resolver-provider-3.9.4.jar
2024-09-22 10:56:01,380 [Worker-40: Launching hddt SES-api] INFO  o.eclipse.m2e.core.internal.Bundles - 	Entry: C:\Users\hoang\.p2\pool\plugins\org.eclipse.m2e.maven.runtime_3.9.400.20230826-0755\jars\maven-resolver-spi-1.9.14.jar
2024-09-22 10:56:01,380 [Worker-40: Launching hddt SES-api] INFO  o.eclipse.m2e.core.internal.Bundles - 	Entry: C:\Users\hoang\.p2\pool\plugins\org.eclipse.m2e.maven.runtime_3.9.400.20230826-0755\jars\maven-resolver-transport-wagon-1.9.14.jar
2024-09-22 10:56:01,381 [Worker-40: Launching hddt SES-api] INFO  o.eclipse.m2e.core.internal.Bundles - 	Entry: C:\Users\hoang\.p2\pool\plugins\org.eclipse.m2e.maven.runtime_3.9.400.20230826-0755\jars\maven-resolver-util-1.9.14.jar
2024-09-22 10:56:01,381 [Worker-40: Launching hddt SES-api] INFO  o.eclipse.m2e.core.internal.Bundles - 	Entry: C:\Users\hoang\.p2\pool\plugins\org.eclipse.m2e.maven.runtime_3.9.400.20230826-0755\jars\maven-settings-3.9.4.jar
2024-09-22 10:56:01,381 [Worker-40: Launching hddt SES-api] INFO  o.eclipse.m2e.core.internal.Bundles - 	Entry: C:\Users\hoang\.p2\pool\plugins\org.eclipse.m2e.maven.runtime_3.9.400.20230826-0755\jars\maven-settings-builder-3.9.4.jar
2024-09-22 10:56:01,381 [Worker-40: Launching hddt SES-api] INFO  o.eclipse.m2e.core.internal.Bundles - 	Entry: C:\Users\hoang\.p2\pool\plugins\org.eclipse.m2e.maven.runtime_3.9.400.20230826-0755\jars\maven-shared-utils-3.3.4.jar
2024-09-22 10:56:01,382 [Worker-40: Launching hddt SES-api] INFO  o.eclipse.m2e.core.internal.Bundles - 	Entry: C:\Users\hoang\.p2\pool\plugins\org.eclipse.m2e.maven.runtime_3.9.400.20230826-0755\jars\okhttp-3.14.1.jar
2024-09-22 10:56:01,382 [Worker-40: Launching hddt SES-api] INFO  o.eclipse.m2e.core.internal.Bundles - 	Entry: C:\Users\hoang\.p2\pool\plugins\org.eclipse.m2e.maven.runtime_3.9.400.20230826-0755\jars\okio-1.17.3.jar
2024-09-22 10:56:01,382 [Worker-40: Launching hddt SES-api] INFO  o.eclipse.m2e.core.internal.Bundles - 	Entry: C:\Users\hoang\.p2\pool\plugins\org.eclipse.m2e.maven.runtime_3.9.400.20230826-0755\jars\org.eclipse.sisu.inject-0.3.5.jar
2024-09-22 10:56:01,382 [Worker-40: Launching hddt SES-api] INFO  o.eclipse.m2e.core.internal.Bundles - 	Entry: C:\Users\hoang\.p2\pool\plugins\org.eclipse.m2e.maven.runtime_3.9.400.20230826-0755\jars\org.eclipse.sisu.plexus-0.3.5.jar
2024-09-22 10:56:01,382 [Worker-40: Launching hddt SES-api] INFO  o.eclipse.m2e.core.internal.Bundles - 	Entry: C:\Users\hoang\.p2\pool\plugins\org.eclipse.m2e.maven.runtime_3.9.400.20230826-0755\jars\plexus-build-api-0.0.7.jar
2024-09-22 10:56:01,383 [Worker-40: Launching hddt SES-api] INFO  o.eclipse.m2e.core.internal.Bundles - 	Entry: C:\Users\hoang\.p2\pool\plugins\org.eclipse.m2e.maven.runtime_3.9.400.20230826-0755\jars\plexus-cipher-2.0.jar
2024-09-22 10:56:01,383 [Worker-40: Launching hddt SES-api] INFO  o.eclipse.m2e.core.internal.Bundles - 	Entry: C:\Users\hoang\.p2\pool\plugins\org.eclipse.m2e.maven.runtime_3.9.400.20230826-0755\jars\plexus-classworlds-2.7.0.jar
2024-09-22 10:56:01,383 [Worker-40: Launching hddt SES-api] INFO  o.eclipse.m2e.core.internal.Bundles - 	Entry: C:\Users\hoang\.p2\pool\plugins\org.eclipse.m2e.maven.runtime_3.9.400.20230826-0755\jars\plexus-component-annotations-2.1.0.jar
2024-09-22 10:56:01,383 [Worker-40: Launching hddt SES-api] INFO  o.eclipse.m2e.core.internal.Bundles - 	Entry: C:\Users\hoang\.p2\pool\plugins\org.eclipse.m2e.maven.runtime_3.9.400.20230826-0755\jars\plexus-interpolation-1.26.jar
2024-09-22 10:56:01,383 [Worker-40: Launching hddt SES-api] INFO  o.eclipse.m2e.core.internal.Bundles - 	Entry: C:\Users\hoang\.p2\pool\plugins\org.eclipse.m2e.maven.runtime_3.9.400.20230826-0755\jars\plexus-sec-dispatcher-2.0.jar
2024-09-22 10:56:01,384 [Worker-40: Launching hddt SES-api] INFO  o.eclipse.m2e.core.internal.Bundles - 	Entry: C:\Users\hoang\.p2\pool\plugins\org.eclipse.m2e.maven.runtime_3.9.400.20230826-0755\jars\plexus-utils-3.5.1.jar
2024-09-22 10:56:01,384 [Worker-40: Launching hddt SES-api] INFO  o.eclipse.m2e.core.internal.Bundles - 	Entry: C:\Users\hoang\.p2\pool\plugins\org.eclipse.m2e.maven.runtime_3.9.400.20230826-0755\jars\wagon-file-3.5.3.jar
2024-09-22 10:56:01,384 [Worker-40: Launching hddt SES-api] INFO  o.eclipse.m2e.core.internal.Bundles - 	Entry: C:\Users\hoang\.p2\pool\plugins\org.eclipse.m2e.maven.runtime_3.9.400.20230826-0755\jars\wagon-provider-api-3.5.3.jar
2024-09-22 10:56:01,385 [Worker-40: Launching hddt SES-api] INFO  o.eclipse.m2e.core.internal.Bundles - getClasspathEntries(Bundle=com.google.guava_32.1.2.jre [10])
2024-09-22 10:56:01,385 [Worker-40: Launching hddt SES-api] INFO  o.eclipse.m2e.core.internal.Bundles - 	Entry: C:\Users\hoang\.p2\pool\plugins\com.google.guava_32.1.2.jre.jar
2024-09-22 10:56:01,386 [Worker-40: Launching hddt SES-api] INFO  o.eclipse.m2e.core.internal.Bundles - getClasspathEntries(Bundle=slf4j.api_2.0.9 [518])
2024-09-22 10:56:01,386 [Worker-40: Launching hddt SES-api] INFO  o.eclipse.m2e.core.internal.Bundles - 	Entry: C:\Users\hoang\.p2\pool\plugins\slf4j.api_2.0.9.jar
2024-09-22 10:56:01,386 [Worker-40: Launching hddt SES-api] INFO  o.eclipse.m2e.core.internal.Bundles - getClasspathEntries(Bundle=javax.inject_1.0.0.v20220405-0441 [26])
2024-09-22 10:56:01,387 [Worker-40: Launching hddt SES-api] INFO  o.eclipse.m2e.core.internal.Bundles - 	Entry: C:\Users\hoang\.p2\pool\plugins\javax.inject_1.0.0.v20220405-0441.jar
2024-09-22 10:56:01,387 [Worker-40: Launching hddt SES-api] INFO  o.eclipse.m2e.core.internal.Bundles - getClasspathEntries(Bundle=javax.annotation_1.3.5.v20200909-1856 [24])
2024-09-22 10:56:01,387 [Worker-40: Launching hddt SES-api] INFO  o.eclipse.m2e.core.internal.Bundles - 	Entry: C:\Users\hoang\.p2\pool\plugins\javax.annotation_1.3.5.v20200909-1856.jar
2024-09-22 10:56:01,388 [Worker-40: Launching hddt SES-api] INFO  o.eclipse.m2e.core.internal.Bundles - getClasspathEntries(Bundle=org.apache.commons.cli_1.5.0 [49])
2024-09-22 10:56:01,388 [Worker-40: Launching hddt SES-api] INFO  o.eclipse.m2e.core.internal.Bundles - 	Entry: C:\Users\hoang\.p2\pool\plugins\org.apache.commons.cli_1.5.0.jar
2024-09-22 10:56:01,388 [Worker-40: Launching hddt SES-api] INFO  o.eclipse.m2e.core.internal.Bundles - getClasspathEntries(Bundle=com.google.guava.failureaccess_1.0.1 [12])
2024-09-22 10:56:01,390 [Worker-40: Launching hddt SES-api] INFO  o.eclipse.m2e.core.internal.Bundles - 	Entry: C:\Users\hoang\.p2\pool\plugins\com.google.guava.failureaccess_1.0.1.jar
2024-09-22 10:56:01,391 [Worker-40: Launching hddt SES-api] INFO  o.e.m.i.launch.MavenLaunchDelegate - Run build in "D:\WorkSpace Eclipse\ses inv 10.09.2024\hddt SES-api":
2024-09-22 10:56:01,391 [Worker-40: Launching hddt SES-api] INFO  o.e.m.i.launch.MavenLaunchDelegate -  mvn  -Pclean,compile,install,package -B -Dstyle.color=always clean compile install package
2024-09-22 11:49:41,894 [Worker-9: Loading available Gradle versions] INFO  o.e.b.c.i.u.g.PublishedGradleVersions - Gradle version information cache is up-to-date. Trying to read.
2024-09-22 12:25:55,779 [Worker-17: Building] INFO  o.e.m.c.i.embedder.EclipseLogger - Using 'UTF-8' encoding to copy filtered resources.
2024-09-22 12:25:55,781 [Worker-17: Building] INFO  o.e.m.c.i.embedder.EclipseLogger - Using 'UTF-8' encoding to copy filtered properties files.
2024-09-22 12:25:55,798 [Worker-17: Building] INFO  o.e.m.c.i.embedder.EclipseLogger - Copying 1 resource
2024-09-22 12:25:55,825 [Worker-17: Building] INFO  o.e.m.c.i.embedder.EclipseLogger - Copying 3 resources
2024-09-22 12:25:55,835 [Worker-17: Building] INFO  o.e.m.c.i.embedder.EclipseLogger - Using 'UTF-8' encoding to copy filtered resources.
2024-09-22 12:25:55,835 [Worker-17: Building] INFO  o.e.m.c.i.embedder.EclipseLogger - Using 'UTF-8' encoding to copy filtered properties files.
2024-09-22 12:25:55,836 [Worker-17: Building] INFO  o.e.m.c.i.embedder.EclipseLogger - Copying 0 resource
2024-09-22 12:40:07,835 [Worker-45: Building] INFO  o.e.m.c.i.embedder.EclipseLogger - Using 'UTF-8' encoding to copy filtered resources.
2024-09-22 12:40:07,836 [Worker-45: Building] INFO  o.e.m.c.i.embedder.EclipseLogger - Using 'UTF-8' encoding to copy filtered properties files.
2024-09-22 12:40:07,838 [Worker-45: Building] INFO  o.e.m.c.i.embedder.EclipseLogger - Copying 1 resource
2024-09-22 12:40:07,847 [Worker-45: Building] INFO  o.e.m.c.i.embedder.EclipseLogger - Copying 3 resources
2024-09-22 12:40:07,853 [Worker-45: Building] INFO  o.e.m.c.i.embedder.EclipseLogger - Using 'UTF-8' encoding to copy filtered resources.
2024-09-22 12:40:07,853 [Worker-45: Building] INFO  o.e.m.c.i.embedder.EclipseLogger - Using 'UTF-8' encoding to copy filtered properties files.
2024-09-22 12:40:07,854 [Worker-45: Building] INFO  o.e.m.c.i.embedder.EclipseLogger - Copying 0 resource
2024-09-24 17:44:18,519 [Worker-7: Loading available Gradle versions] INFO  o.e.b.c.i.u.g.PublishedGradleVersions - Gradle version information cache is up-to-date. Trying to read.
2024-09-24 18:13:24,633 [Worker-41: Building] INFO  o.e.m.c.i.embedder.EclipseLogger - Using 'UTF-8' encoding to copy filtered resources.
2024-09-24 18:13:24,634 [Worker-41: Building] INFO  o.e.m.c.i.embedder.EclipseLogger - Using 'UTF-8' encoding to copy filtered properties files.
2024-09-24 18:13:24,644 [Worker-41: Building] INFO  o.e.m.c.i.embedder.EclipseLogger - Copying 1 resource
2024-09-24 18:13:24,676 [Worker-41: Building] INFO  o.e.m.c.i.embedder.EclipseLogger - Copying 3 resources
2024-09-24 18:13:24,688 [Worker-41: Building] INFO  o.e.m.c.i.embedder.EclipseLogger - Using 'UTF-8' encoding to copy filtered resources.
2024-09-24 18:13:24,689 [Worker-41: Building] INFO  o.e.m.c.i.embedder.EclipseLogger - Using 'UTF-8' encoding to copy filtered properties files.
2024-09-24 18:13:24,689 [Worker-41: Building] INFO  o.e.m.c.i.embedder.EclipseLogger - Copying 0 resource
2024-09-24 19:00:29,050 [Worker-48: Building] INFO  o.e.m.c.i.embedder.EclipseLogger - Using 'UTF-8' encoding to copy filtered resources.
2024-09-24 19:00:29,051 [Worker-48: Building] INFO  o.e.m.c.i.embedder.EclipseLogger - Using 'UTF-8' encoding to copy filtered properties files.
2024-09-24 19:00:29,054 [Worker-48: Building] INFO  o.e.m.c.i.embedder.EclipseLogger - Copying 0 resource
2024-09-24 19:00:29,058 [Worker-48: Building] INFO  o.e.m.c.i.embedder.EclipseLogger - Copying 0 resource
2024-09-24 19:00:29,065 [Worker-48: Building] INFO  o.e.m.c.i.embedder.EclipseLogger - Using 'UTF-8' encoding to copy filtered resources.
2024-09-24 19:00:29,065 [Worker-48: Building] INFO  o.e.m.c.i.embedder.EclipseLogger - Using 'UTF-8' encoding to copy filtered properties files.
2024-09-24 19:00:29,067 [Worker-48: Building] INFO  o.e.m.c.i.embedder.EclipseLogger - Copying 0 resource
2024-09-24 19:05:04,158 [Worker-48: Building] INFO  o.e.m.c.i.embedder.EclipseLogger - Using 'UTF-8' encoding to copy filtered resources.
2024-09-24 19:05:04,158 [Worker-48: Building] INFO  o.e.m.c.i.embedder.EclipseLogger - Using 'UTF-8' encoding to copy filtered properties files.
2024-09-24 19:05:04,160 [Worker-48: Building] INFO  o.e.m.c.i.embedder.EclipseLogger - Copying 0 resource
2024-09-24 19:05:04,164 [Worker-48: Building] INFO  o.e.m.c.i.embedder.EclipseLogger - Copying 0 resource
2024-09-24 19:05:04,171 [Worker-48: Building] INFO  o.e.m.c.i.embedder.EclipseLogger - Using 'UTF-8' encoding to copy filtered resources.
2024-09-24 19:05:04,171 [Worker-48: Building] INFO  o.e.m.c.i.embedder.EclipseLogger - Using 'UTF-8' encoding to copy filtered properties files.
2024-09-24 19:05:04,172 [Worker-48: Building] INFO  o.e.m.c.i.embedder.EclipseLogger - Copying 0 resource
2024-09-24 19:16:43,721 [Worker-52: Building] INFO  o.e.m.c.i.embedder.EclipseLogger - Using 'UTF-8' encoding to copy filtered resources.
2024-09-24 19:16:43,721 [Worker-52: Building] INFO  o.e.m.c.i.embedder.EclipseLogger - Using 'UTF-8' encoding to copy filtered properties files.
2024-09-24 19:16:43,722 [Worker-52: Building] INFO  o.e.m.c.i.embedder.EclipseLogger - Copying 0 resource
2024-09-24 19:16:43,723 [Worker-52: Building] INFO  o.e.m.c.i.embedder.EclipseLogger - Copying 0 resource
2024-09-24 19:16:43,725 [Worker-52: Building] INFO  o.e.m.c.i.embedder.EclipseLogger - Using 'UTF-8' encoding to copy filtered resources.
2024-09-24 19:16:43,725 [Worker-52: Building] INFO  o.e.m.c.i.embedder.EclipseLogger - Using 'UTF-8' encoding to copy filtered properties files.
2024-09-24 19:16:43,725 [Worker-52: Building] INFO  o.e.m.c.i.embedder.EclipseLogger - Copying 0 resource
2024-09-24 19:18:20,331 [Worker-50: Building] INFO  o.e.m.c.i.embedder.EclipseLogger - Using 'UTF-8' encoding to copy filtered resources.
2024-09-24 19:18:20,331 [Worker-50: Building] INFO  o.e.m.c.i.embedder.EclipseLogger - Using 'UTF-8' encoding to copy filtered properties files.
2024-09-24 19:18:20,332 [Worker-50: Building] INFO  o.e.m.c.i.embedder.EclipseLogger - Copying 0 resource
2024-09-24 19:18:20,333 [Worker-50: Building] INFO  o.e.m.c.i.embedder.EclipseLogger - Copying 0 resource
2024-09-24 19:18:20,335 [Worker-50: Building] INFO  o.e.m.c.i.embedder.EclipseLogger - Using 'UTF-8' encoding to copy filtered resources.
2024-09-24 19:18:20,335 [Worker-50: Building] INFO  o.e.m.c.i.embedder.EclipseLogger - Using 'UTF-8' encoding to copy filtered properties files.
2024-09-24 19:18:20,336 [Worker-50: Building] INFO  o.e.m.c.i.embedder.EclipseLogger - Copying 0 resource
2024-09-24 19:21:00,923 [Worker-50: Building] INFO  o.e.m.c.i.embedder.EclipseLogger - Using 'UTF-8' encoding to copy filtered resources.
2024-09-24 19:21:00,924 [Worker-50: Building] INFO  o.e.m.c.i.embedder.EclipseLogger - Using 'UTF-8' encoding to copy filtered properties files.
2024-09-24 19:21:00,924 [Worker-50: Building] INFO  o.e.m.c.i.embedder.EclipseLogger - Copying 0 resource
2024-09-24 19:21:00,925 [Worker-50: Building] INFO  o.e.m.c.i.embedder.EclipseLogger - Copying 0 resource
2024-09-24 19:21:00,927 [Worker-50: Building] INFO  o.e.m.c.i.embedder.EclipseLogger - Using 'UTF-8' encoding to copy filtered resources.
2024-09-24 19:21:00,927 [Worker-50: Building] INFO  o.e.m.c.i.embedder.EclipseLogger - Using 'UTF-8' encoding to copy filtered properties files.
2024-09-24 19:21:00,928 [Worker-50: Building] INFO  o.e.m.c.i.embedder.EclipseLogger - Copying 0 resource
2024-09-24 19:21:38,124 [Worker-55: Building] INFO  o.e.m.c.i.embedder.EclipseLogger - Using 'UTF-8' encoding to copy filtered resources.
2024-09-24 19:21:38,124 [Worker-55: Building] INFO  o.e.m.c.i.embedder.EclipseLogger - Using 'UTF-8' encoding to copy filtered properties files.
2024-09-24 19:21:38,124 [Worker-55: Building] INFO  o.e.m.c.i.embedder.EclipseLogger - Copying 1 resource
2024-09-24 19:21:38,126 [Worker-55: Building] INFO  o.e.m.c.i.embedder.EclipseLogger - Copying 3 resources
2024-09-24 19:21:38,138 [Worker-55: Building] INFO  o.e.m.c.i.embedder.EclipseLogger - Using 'UTF-8' encoding to copy filtered resources.
2024-09-24 19:21:38,138 [Worker-55: Building] INFO  o.e.m.c.i.embedder.EclipseLogger - Using 'UTF-8' encoding to copy filtered properties files.
2024-09-24 19:21:38,138 [Worker-55: Building] INFO  o.e.m.c.i.embedder.EclipseLogger - Copying 0 resource
2024-09-24 19:23:13,407 [Worker-50: Building] INFO  o.e.m.c.i.embedder.EclipseLogger - Using 'UTF-8' encoding to copy filtered resources.
2024-09-24 19:23:13,408 [Worker-50: Building] INFO  o.e.m.c.i.embedder.EclipseLogger - Using 'UTF-8' encoding to copy filtered properties files.
2024-09-24 19:23:13,409 [Worker-50: Building] INFO  o.e.m.c.i.embedder.EclipseLogger - Copying 0 resource
2024-09-24 19:23:13,410 [Worker-50: Building] INFO  o.e.m.c.i.embedder.EclipseLogger - Copying 0 resource
2024-09-24 19:23:13,413 [Worker-50: Building] INFO  o.e.m.c.i.embedder.EclipseLogger - Using 'UTF-8' encoding to copy filtered resources.
2024-09-24 19:23:13,415 [Worker-50: Building] INFO  o.e.m.c.i.embedder.EclipseLogger - Using 'UTF-8' encoding to copy filtered properties files.
2024-09-24 19:23:13,416 [Worker-50: Building] INFO  o.e.m.c.i.embedder.EclipseLogger - Copying 0 resource
2024-09-24 19:24:41,786 [Worker-56: Building] INFO  o.e.m.c.i.embedder.EclipseLogger - Using 'UTF-8' encoding to copy filtered resources.
2024-09-24 19:24:41,786 [Worker-56: Building] INFO  o.e.m.c.i.embedder.EclipseLogger - Using 'UTF-8' encoding to copy filtered properties files.
2024-09-24 19:24:41,787 [Worker-56: Building] INFO  o.e.m.c.i.embedder.EclipseLogger - Copying 0 resource
2024-09-24 19:24:41,787 [Worker-56: Building] INFO  o.e.m.c.i.embedder.EclipseLogger - Copying 0 resource
2024-09-24 19:24:41,792 [Worker-56: Building] INFO  o.e.m.c.i.embedder.EclipseLogger - Using 'UTF-8' encoding to copy filtered resources.
2024-09-24 19:24:41,792 [Worker-56: Building] INFO  o.e.m.c.i.embedder.EclipseLogger - Using 'UTF-8' encoding to copy filtered properties files.
2024-09-24 19:24:41,794 [Worker-56: Building] INFO  o.e.m.c.i.embedder.EclipseLogger - Copying 0 resource
2024-09-24 19:28:17,851 [Worker-56: Building] INFO  o.e.m.c.i.embedder.EclipseLogger - Using 'UTF-8' encoding to copy filtered resources.
2024-09-24 19:28:17,852 [Worker-56: Building] INFO  o.e.m.c.i.embedder.EclipseLogger - Using 'UTF-8' encoding to copy filtered properties files.
2024-09-24 19:28:17,852 [Worker-56: Building] INFO  o.e.m.c.i.embedder.EclipseLogger - Copying 0 resource
2024-09-24 19:28:17,853 [Worker-56: Building] INFO  o.e.m.c.i.embedder.EclipseLogger - Copying 0 resource
2024-09-24 19:28:17,854 [Worker-56: Building] INFO  o.e.m.c.i.embedder.EclipseLogger - Using 'UTF-8' encoding to copy filtered resources.
2024-09-24 19:28:17,854 [Worker-56: Building] INFO  o.e.m.c.i.embedder.EclipseLogger - Using 'UTF-8' encoding to copy filtered properties files.
2024-09-24 19:28:17,854 [Worker-56: Building] INFO  o.e.m.c.i.embedder.EclipseLogger - Copying 0 resource
2024-09-24 19:28:30,637 [Worker-56: Updating Maven Project] INFO  o.e.m.c.i.p.ProjectConfigurationManager - Update started
2024-09-24 19:28:32,805 [Worker-56: Updating Maven Project] INFO  o.e.m.c.i.l.LifecycleMappingFactory - Using org.eclipse.m2e.jdt.JarLifecycleMapping lifecycle mapping for MavenProject: vn.sesgroup:hddt-api:0.0.1-SNAPSHOT @ D:\WorkSpace Eclipse\ses inv 23.09.2024\hddt SES-api\pom.xml.
2024-09-24 19:28:33,278 [Worker-56: Updating Maven Project] INFO  o.e.m.j.i.AbstractJavaProjectConfigurator - Adding source folder /hddt SES-api/src/main/java
2024-09-24 19:28:33,279 [Worker-56: Updating Maven Project] INFO  o.e.m.j.i.AbstractJavaProjectConfigurator - Adding resource folder /hddt SES-api/src/main/resources
2024-09-24 19:28:33,279 [Worker-56: Updating Maven Project] INFO  o.e.m.j.i.AbstractJavaProjectConfigurator - Adding resource folder /hddt SES-api/src/main/resources
2024-09-24 19:28:33,279 [Worker-56: Updating Maven Project] INFO  o.e.m.j.i.AbstractJavaProjectConfigurator - Adding source folder /hddt SES-api/src/test/java
2024-09-24 19:28:33,279 [Worker-56: Updating Maven Project] INFO  o.e.m.j.i.AbstractJavaProjectConfigurator - Adding resource folder /hddt SES-api/src/test/resources
2024-09-24 19:28:33,808 [Worker-56: Updating Maven Project] INFO  o.e.m.c.i.p.ProjectConfigurationManager - Update completed for 1 poms: local refresh takes 0.00 sec, refresh facades takes 2.00 sec, update config takes 0.00 sec 
2024-09-24 19:28:36,975 [Worker-56: Building] INFO  o.e.m.c.i.embedder.EclipseLogger - Using 'UTF-8' encoding to copy filtered resources.
2024-09-24 19:28:36,975 [Worker-56: Building] INFO  o.e.m.c.i.embedder.EclipseLogger - Using 'UTF-8' encoding to copy filtered properties files.
2024-09-24 19:28:36,975 [Worker-56: Building] INFO  o.e.m.c.i.embedder.EclipseLogger - Copying 1 resource
2024-09-24 19:28:36,989 [Worker-56: Building] INFO  o.e.m.c.i.embedder.EclipseLogger - Copying 3 resources
2024-09-24 19:28:36,995 [Worker-56: Building] INFO  o.e.m.c.i.embedder.EclipseLogger - Using 'UTF-8' encoding to copy filtered resources.
2024-09-24 19:28:36,995 [Worker-56: Building] INFO  o.e.m.c.i.embedder.EclipseLogger - Using 'UTF-8' encoding to copy filtered properties files.
2024-09-24 19:28:36,995 [Worker-56: Building] INFO  o.e.m.c.i.embedder.EclipseLogger - Copying 0 resource
2024-09-24 19:34:27,299 [Worker-52: Building] INFO  o.e.m.c.i.embedder.EclipseLogger - Using 'UTF-8' encoding to copy filtered resources.
2024-09-24 19:34:27,299 [Worker-52: Building] INFO  o.e.m.c.i.embedder.EclipseLogger - Using 'UTF-8' encoding to copy filtered properties files.
2024-09-24 19:34:27,300 [Worker-52: Building] INFO  o.e.m.c.i.embedder.EclipseLogger - Copying 1 resource
2024-09-24 19:34:27,305 [Worker-52: Building] INFO  o.e.m.c.i.embedder.EclipseLogger - Copying 3 resources
2024-09-24 19:34:27,308 [Worker-52: Building] INFO  o.e.m.c.i.embedder.EclipseLogger - Using 'UTF-8' encoding to copy filtered resources.
2024-09-24 19:34:27,308 [Worker-52: Building] INFO  o.e.m.c.i.embedder.EclipseLogger - Using 'UTF-8' encoding to copy filtered properties files.
2024-09-24 19:34:27,308 [Worker-52: Building] INFO  o.e.m.c.i.embedder.EclipseLogger - Copying 0 resource
2024-11-25 14:02:56,156 [Worker-7: Loading available Gradle versions] INFO  o.e.b.c.i.u.g.PublishedGradleVersions - Gradle version information cache is out-of-date. Trying to update.
2024-11-25 14:03:30,635 [Worker-33: Building] INFO  o.e.m.c.i.l.LifecycleMappingFactory - Using org.eclipse.m2e.jdt.JarLifecycleMapping lifecycle mapping for MavenProject: vn.sesgroup:hddt-api:0.0.1-SNAPSHOT @ D:\WorkSpace Eclipse\ses inv 17.11.2024_ver2\hddt SES-api\pom.xml.
2024-11-25 14:03:33,882 [Worker-33: Building] INFO  o.e.m.c.i.embedder.EclipseLogger - Using 'UTF-8' encoding to copy filtered resources.
2024-11-25 14:03:33,882 [Worker-33: Building] INFO  o.e.m.c.i.embedder.EclipseLogger - Using 'UTF-8' encoding to copy filtered properties files.
2024-11-25 14:03:33,887 [Worker-33: Building] INFO  o.e.m.c.i.embedder.EclipseLogger - Copying 1 resource
2024-11-25 14:03:33,912 [Worker-33: Building] INFO  o.e.m.c.i.embedder.EclipseLogger - Copying 3 resources
2024-11-25 14:03:33,926 [Worker-33: Building] INFO  o.e.m.c.i.embedder.EclipseLogger - Using 'UTF-8' encoding to copy filtered resources.
2024-11-25 14:03:33,926 [Worker-33: Building] INFO  o.e.m.c.i.embedder.EclipseLogger - Using 'UTF-8' encoding to copy filtered properties files.
2024-11-25 14:03:33,927 [Worker-33: Building] INFO  o.e.m.c.i.embedder.EclipseLogger - Copying 0 resource
2024-11-25 14:03:36,264 [Worker-12: Updating Maven Project] INFO  o.e.m.c.i.p.ProjectConfigurationManager - Update started
2024-11-25 14:03:36,746 [Worker-12: Updating Maven Project] INFO  o.e.m.c.i.l.LifecycleMappingFactory - Using org.eclipse.m2e.jdt.JarLifecycleMapping lifecycle mapping for MavenProject: vn.sesgroup:hddt-api:0.0.1-SNAPSHOT @ D:\WorkSpace Eclipse\ses inv 17.11.2024_ver2\hddt SES-api\pom.xml.
2024-11-25 14:03:38,781 [Worker-12: Updating Maven Project] INFO  o.e.m.j.i.AbstractJavaProjectConfigurator - Adding source folder /hddt SES-api/src/main/java
2024-11-25 14:03:38,784 [Worker-12: Updating Maven Project] INFO  o.e.m.j.i.AbstractJavaProjectConfigurator - Adding resource folder /hddt SES-api/src/main/resources
2024-11-25 14:03:38,785 [Worker-12: Updating Maven Project] INFO  o.e.m.j.i.AbstractJavaProjectConfigurator - Adding resource folder /hddt SES-api/src/main/resources
2024-11-25 14:03:38,785 [Worker-12: Updating Maven Project] INFO  o.e.m.j.i.AbstractJavaProjectConfigurator - Adding source folder /hddt SES-api/src/test/java
2024-11-25 14:03:38,786 [Worker-12: Updating Maven Project] INFO  o.e.m.j.i.AbstractJavaProjectConfigurator - Adding resource folder /hddt SES-api/src/test/resources
2024-11-25 14:03:39,759 [Worker-12: Updating Maven Project] INFO  o.e.m.c.i.p.ProjectConfigurationManager - Update completed for 1 poms: local refresh takes 0.00 sec, refresh facades takes 1.00 sec, update config takes 0.00 sec 
2024-11-25 14:03:48,419 [Worker-15: Building] INFO  o.e.m.c.i.embedder.EclipseLogger - Using 'UTF-8' encoding to copy filtered resources.
2024-11-25 14:03:48,419 [Worker-15: Building] INFO  o.e.m.c.i.embedder.EclipseLogger - Using 'UTF-8' encoding to copy filtered properties files.
2024-11-25 14:03:48,419 [Worker-15: Building] INFO  o.e.m.c.i.embedder.EclipseLogger - Copying 1 resource
2024-11-25 14:03:48,450 [Worker-15: Building] INFO  o.e.m.c.i.embedder.EclipseLogger - Copying 3 resources
2024-11-25 14:03:48,468 [Worker-15: Building] INFO  o.e.m.c.i.embedder.EclipseLogger - Using 'UTF-8' encoding to copy filtered resources.
2024-11-25 14:03:48,468 [Worker-15: Building] INFO  o.e.m.c.i.embedder.EclipseLogger - Using 'UTF-8' encoding to copy filtered properties files.
2024-11-25 14:03:48,469 [Worker-15: Building] INFO  o.e.m.c.i.embedder.EclipseLogger - Copying 0 resource
2024-11-25 14:03:55,038 [Worker-15: Building] WARN  o.a.m.r.i.DefaultArtifactDescriptorReader - 1 problem was encountered while building the effective model for org.javassist:javassist:jar:3.20.0-GA during dependency collection step for project (use -X to see details)
2024-11-25 14:03:56,250 [Worker-15: Building] INFO  o.e.m.c.i.embedder.EclipseLogger - Using 'UTF-8' encoding to copy filtered resources.
2024-11-25 14:03:56,250 [Worker-15: Building] INFO  o.e.m.c.i.embedder.EclipseLogger - Using 'UTF-8' encoding to copy filtered properties files.
2024-11-25 14:03:56,257 [Worker-15: Building] INFO  o.e.m.c.i.embedder.EclipseLogger - Copying 1 resource
2024-11-25 14:03:56,306 [Worker-15: Building] INFO  o.e.m.c.i.embedder.EclipseLogger - Copying 1461 resources
2024-11-25 14:04:01,168 [Worker-15: Building] INFO  o.e.m.c.i.embedder.EclipseLogger - Using 'UTF-8' encoding to copy filtered resources.
2024-11-25 14:04:01,168 [Worker-15: Building] INFO  o.e.m.c.i.embedder.EclipseLogger - Using 'UTF-8' encoding to copy filtered properties files.
2024-11-25 14:04:01,169 [Worker-15: Building] INFO  o.e.m.c.i.embedder.EclipseLogger - Copying 0 resource
2024-11-25 14:04:11,334 [Worker-30: Building] INFO  o.e.m.c.i.embedder.EclipseLogger - Using 'UTF-8' encoding to copy filtered resources.
2024-11-25 14:04:11,334 [Worker-30: Building] INFO  o.e.m.c.i.embedder.EclipseLogger - Using 'UTF-8' encoding to copy filtered properties files.
2024-11-25 14:04:11,341 [Worker-30: Building] INFO  o.e.m.c.i.embedder.EclipseLogger - Copying 1 resource
2024-11-25 14:04:11,394 [Worker-30: Building] INFO  o.e.m.c.i.embedder.EclipseLogger - Copying 1461 resources
2024-11-25 14:04:15,357 [Worker-30: Building] INFO  o.e.m.c.i.embedder.EclipseLogger - Using 'UTF-8' encoding to copy filtered resources.
2024-11-25 14:04:15,357 [Worker-30: Building] INFO  o.e.m.c.i.embedder.EclipseLogger - Using 'UTF-8' encoding to copy filtered properties files.
2024-11-25 14:04:15,357 [Worker-30: Building] INFO  o.e.m.c.i.embedder.EclipseLogger - Copying 0 resource
2024-11-25 14:30:50,599 [Worker-36: Building] INFO  o.e.m.c.i.embedder.EclipseLogger - Using 'UTF-8' encoding to copy filtered resources.
2024-11-25 14:30:50,600 [Worker-36: Building] INFO  o.e.m.c.i.embedder.EclipseLogger - Using 'UTF-8' encoding to copy filtered properties files.
2024-11-25 14:30:50,711 [Worker-36: Building] INFO  o.e.m.c.i.embedder.EclipseLogger - Copying 0 resource
2024-11-25 14:30:50,882 [Worker-36: Building] INFO  o.e.m.c.i.embedder.EclipseLogger - Copying 1 resource
2024-11-25 14:30:50,887 [Worker-36: Building] INFO  o.e.m.c.i.embedder.EclipseLogger - Using 'UTF-8' encoding to copy filtered resources.
2024-11-25 14:30:50,887 [Worker-36: Building] INFO  o.e.m.c.i.embedder.EclipseLogger - Using 'UTF-8' encoding to copy filtered properties files.
2024-11-25 14:30:50,887 [Worker-36: Building] INFO  o.e.m.c.i.embedder.EclipseLogger - Copying 0 resource
2024-11-25 14:37:04,393 [main] INFO  o.e.m2e.actions.ExecutePomAction - Creating new launch configuration
2024-11-25 14:37:10,804 [Worker-45: Launching hddt-SES (1)] INFO  o.eclipse.m2e.core.internal.Bundles - getClasspathEntries(Bundle=org.eclipse.m2e.maven.runtime_3.9.900.20240824-1409 [643])
2024-11-25 14:37:10,805 [Worker-45: Launching hddt-SES (1)] INFO  o.eclipse.m2e.core.internal.Bundles - 	Entry: D:\Workspace_Giang\eclipse-jee-2024-09-R-win32-x86_64\eclipse\plugins\org.eclipse.m2e.maven.runtime_3.9.900.20240824-1409
2024-11-25 14:37:10,805 [Worker-45: Launching hddt-SES (1)] INFO  o.eclipse.m2e.core.internal.Bundles - 	Entry: D:\Workspace_Giang\eclipse-jee-2024-09-R-win32-x86_64\eclipse\plugins\org.eclipse.m2e.maven.runtime_3.9.900.20240824-1409\jars\aopalliance-1.0.jar
2024-11-25 14:37:10,805 [Worker-45: Launching hddt-SES (1)] INFO  o.eclipse.m2e.core.internal.Bundles - 	Entry: D:\Workspace_Giang\eclipse-jee-2024-09-R-win32-x86_64\eclipse\plugins\org.eclipse.m2e.maven.runtime_3.9.900.20240824-1409\jars\guice-5.1.0.jar
2024-11-25 14:37:10,806 [Worker-45: Launching hddt-SES (1)] INFO  o.eclipse.m2e.core.internal.Bundles - 	Entry: D:\Workspace_Giang\eclipse-jee-2024-09-R-win32-x86_64\eclipse\plugins\org.eclipse.m2e.maven.runtime_3.9.900.20240824-1409\jars\httpclient-4.5.14.jar
2024-11-25 14:37:10,806 [Worker-45: Launching hddt-SES (1)] INFO  o.eclipse.m2e.core.internal.Bundles - 	Entry: D:\Workspace_Giang\eclipse-jee-2024-09-R-win32-x86_64\eclipse\plugins\org.eclipse.m2e.maven.runtime_3.9.900.20240824-1409\jars\httpcore-4.4.16.jar
2024-11-25 14:37:10,806 [Worker-45: Launching hddt-SES (1)] INFO  o.eclipse.m2e.core.internal.Bundles - 	Entry: D:\Workspace_Giang\eclipse-jee-2024-09-R-win32-x86_64\eclipse\plugins\org.eclipse.m2e.maven.runtime_3.9.900.20240824-1409\jars\jansi-2.4.1.jar
2024-11-25 14:37:10,806 [Worker-45: Launching hddt-SES (1)] INFO  o.eclipse.m2e.core.internal.Bundles - 	Entry: D:\Workspace_Giang\eclipse-jee-2024-09-R-win32-x86_64\eclipse\plugins\org.eclipse.m2e.maven.runtime_3.9.900.20240824-1409\jars\jcl-over-slf4j-1.7.36.jar
2024-11-25 14:37:10,806 [Worker-45: Launching hddt-SES (1)] INFO  o.eclipse.m2e.core.internal.Bundles - 	Entry: D:\Workspace_Giang\eclipse-jee-2024-09-R-win32-x86_64\eclipse\plugins\org.eclipse.m2e.maven.runtime_3.9.900.20240824-1409\jars\maven-artifact-3.9.9.jar
2024-11-25 14:37:10,806 [Worker-45: Launching hddt-SES (1)] INFO  o.eclipse.m2e.core.internal.Bundles - 	Entry: D:\Workspace_Giang\eclipse-jee-2024-09-R-win32-x86_64\eclipse\plugins\org.eclipse.m2e.maven.runtime_3.9.900.20240824-1409\jars\maven-builder-support-3.9.9.jar
2024-11-25 14:37:10,806 [Worker-45: Launching hddt-SES (1)] INFO  o.eclipse.m2e.core.internal.Bundles - 	Entry: D:\Workspace_Giang\eclipse-jee-2024-09-R-win32-x86_64\eclipse\plugins\org.eclipse.m2e.maven.runtime_3.9.900.20240824-1409\jars\maven-compat-3.9.9.jar
2024-11-25 14:37:10,806 [Worker-45: Launching hddt-SES (1)] INFO  o.eclipse.m2e.core.internal.Bundles - 	Entry: D:\Workspace_Giang\eclipse-jee-2024-09-R-win32-x86_64\eclipse\plugins\org.eclipse.m2e.maven.runtime_3.9.900.20240824-1409\jars\maven-core-3.9.9.jar
2024-11-25 14:37:10,806 [Worker-45: Launching hddt-SES (1)] INFO  o.eclipse.m2e.core.internal.Bundles - 	Entry: D:\Workspace_Giang\eclipse-jee-2024-09-R-win32-x86_64\eclipse\plugins\org.eclipse.m2e.maven.runtime_3.9.900.20240824-1409\jars\maven-embedder-3.9.9.jar
2024-11-25 14:37:10,806 [Worker-45: Launching hddt-SES (1)] INFO  o.eclipse.m2e.core.internal.Bundles - 	Entry: D:\Workspace_Giang\eclipse-jee-2024-09-R-win32-x86_64\eclipse\plugins\org.eclipse.m2e.maven.runtime_3.9.900.20240824-1409\jars\maven-model-3.9.9.jar
2024-11-25 14:37:10,807 [Worker-45: Launching hddt-SES (1)] INFO  o.eclipse.m2e.core.internal.Bundles - 	Entry: D:\Workspace_Giang\eclipse-jee-2024-09-R-win32-x86_64\eclipse\plugins\org.eclipse.m2e.maven.runtime_3.9.900.20240824-1409\jars\maven-model-builder-3.9.9.jar
2024-11-25 14:37:10,807 [Worker-45: Launching hddt-SES (1)] INFO  o.eclipse.m2e.core.internal.Bundles - 	Entry: D:\Workspace_Giang\eclipse-jee-2024-09-R-win32-x86_64\eclipse\plugins\org.eclipse.m2e.maven.runtime_3.9.900.20240824-1409\jars\maven-plugin-api-3.9.9.jar
2024-11-25 14:37:10,807 [Worker-45: Launching hddt-SES (1)] INFO  o.eclipse.m2e.core.internal.Bundles - 	Entry: D:\Workspace_Giang\eclipse-jee-2024-09-R-win32-x86_64\eclipse\plugins\org.eclipse.m2e.maven.runtime_3.9.900.20240824-1409\jars\maven-repository-metadata-3.9.9.jar
2024-11-25 14:37:10,807 [Worker-45: Launching hddt-SES (1)] INFO  o.eclipse.m2e.core.internal.Bundles - 	Entry: D:\Workspace_Giang\eclipse-jee-2024-09-R-win32-x86_64\eclipse\plugins\org.eclipse.m2e.maven.runtime_3.9.900.20240824-1409\jars\maven-resolver-api-1.9.22.jar
2024-11-25 14:37:10,807 [Worker-45: Launching hddt-SES (1)] INFO  o.eclipse.m2e.core.internal.Bundles - 	Entry: D:\Workspace_Giang\eclipse-jee-2024-09-R-win32-x86_64\eclipse\plugins\org.eclipse.m2e.maven.runtime_3.9.900.20240824-1409\jars\maven-resolver-connector-basic-1.9.22.jar
2024-11-25 14:37:10,807 [Worker-45: Launching hddt-SES (1)] INFO  o.eclipse.m2e.core.internal.Bundles - 	Entry: D:\Workspace_Giang\eclipse-jee-2024-09-R-win32-x86_64\eclipse\plugins\org.eclipse.m2e.maven.runtime_3.9.900.20240824-1409\jars\maven-resolver-impl-1.9.22.jar
2024-11-25 14:37:10,807 [Worker-45: Launching hddt-SES (1)] INFO  o.eclipse.m2e.core.internal.Bundles - 	Entry: D:\Workspace_Giang\eclipse-jee-2024-09-R-win32-x86_64\eclipse\plugins\org.eclipse.m2e.maven.runtime_3.9.900.20240824-1409\jars\maven-resolver-named-locks-1.9.22.jar
2024-11-25 14:37:10,807 [Worker-45: Launching hddt-SES (1)] INFO  o.eclipse.m2e.core.internal.Bundles - 	Entry: D:\Workspace_Giang\eclipse-jee-2024-09-R-win32-x86_64\eclipse\plugins\org.eclipse.m2e.maven.runtime_3.9.900.20240824-1409\jars\maven-resolver-provider-3.9.9.jar
2024-11-25 14:37:10,807 [Worker-45: Launching hddt-SES (1)] INFO  o.eclipse.m2e.core.internal.Bundles - 	Entry: D:\Workspace_Giang\eclipse-jee-2024-09-R-win32-x86_64\eclipse\plugins\org.eclipse.m2e.maven.runtime_3.9.900.20240824-1409\jars\maven-resolver-spi-1.9.22.jar
2024-11-25 14:37:10,807 [Worker-45: Launching hddt-SES (1)] INFO  o.eclipse.m2e.core.internal.Bundles - 	Entry: D:\Workspace_Giang\eclipse-jee-2024-09-R-win32-x86_64\eclipse\plugins\org.eclipse.m2e.maven.runtime_3.9.900.20240824-1409\jars\maven-resolver-transport-file-1.9.22.jar
2024-11-25 14:37:10,807 [Worker-45: Launching hddt-SES (1)] INFO  o.eclipse.m2e.core.internal.Bundles - 	Entry: D:\Workspace_Giang\eclipse-jee-2024-09-R-win32-x86_64\eclipse\plugins\org.eclipse.m2e.maven.runtime_3.9.900.20240824-1409\jars\maven-resolver-transport-http-1.9.22.jar
2024-11-25 14:37:10,808 [Worker-45: Launching hddt-SES (1)] INFO  o.eclipse.m2e.core.internal.Bundles - 	Entry: D:\Workspace_Giang\eclipse-jee-2024-09-R-win32-x86_64\eclipse\plugins\org.eclipse.m2e.maven.runtime_3.9.900.20240824-1409\jars\maven-resolver-transport-wagon-1.9.22.jar
2024-11-25 14:37:10,808 [Worker-45: Launching hddt-SES (1)] INFO  o.eclipse.m2e.core.internal.Bundles - 	Entry: D:\Workspace_Giang\eclipse-jee-2024-09-R-win32-x86_64\eclipse\plugins\org.eclipse.m2e.maven.runtime_3.9.900.20240824-1409\jars\maven-resolver-util-1.9.22.jar
2024-11-25 14:37:10,808 [Worker-45: Launching hddt-SES (1)] INFO  o.eclipse.m2e.core.internal.Bundles - 	Entry: D:\Workspace_Giang\eclipse-jee-2024-09-R-win32-x86_64\eclipse\plugins\org.eclipse.m2e.maven.runtime_3.9.900.20240824-1409\jars\maven-settings-3.9.9.jar
2024-11-25 14:37:10,808 [Worker-45: Launching hddt-SES (1)] INFO  o.eclipse.m2e.core.internal.Bundles - 	Entry: D:\Workspace_Giang\eclipse-jee-2024-09-R-win32-x86_64\eclipse\plugins\org.eclipse.m2e.maven.runtime_3.9.900.20240824-1409\jars\maven-settings-builder-3.9.9.jar
2024-11-25 14:37:10,808 [Worker-45: Launching hddt-SES (1)] INFO  o.eclipse.m2e.core.internal.Bundles - 	Entry: D:\Workspace_Giang\eclipse-jee-2024-09-R-win32-x86_64\eclipse\plugins\org.eclipse.m2e.maven.runtime_3.9.900.20240824-1409\jars\maven-shared-utils-3.4.2.jar
2024-11-25 14:37:10,808 [Worker-45: Launching hddt-SES (1)] INFO  o.eclipse.m2e.core.internal.Bundles - 	Entry: D:\Workspace_Giang\eclipse-jee-2024-09-R-win32-x86_64\eclipse\plugins\org.eclipse.m2e.maven.runtime_3.9.900.20240824-1409\jars\org.eclipse.sisu.inject-0.9.0.M3.jar
2024-11-25 14:37:10,808 [Worker-45: Launching hddt-SES (1)] INFO  o.eclipse.m2e.core.internal.Bundles - 	Entry: D:\Workspace_Giang\eclipse-jee-2024-09-R-win32-x86_64\eclipse\plugins\org.eclipse.m2e.maven.runtime_3.9.900.20240824-1409\jars\org.eclipse.sisu.plexus-0.9.0.M3.jar
2024-11-25 14:37:10,808 [Worker-45: Launching hddt-SES (1)] INFO  o.eclipse.m2e.core.internal.Bundles - 	Entry: D:\Workspace_Giang\eclipse-jee-2024-09-R-win32-x86_64\eclipse\plugins\org.eclipse.m2e.maven.runtime_3.9.900.20240824-1409\jars\plexus-build-api-0.0.7.jar
2024-11-25 14:37:10,808 [Worker-45: Launching hddt-SES (1)] INFO  o.eclipse.m2e.core.internal.Bundles - 	Entry: D:\Workspace_Giang\eclipse-jee-2024-09-R-win32-x86_64\eclipse\plugins\org.eclipse.m2e.maven.runtime_3.9.900.20240824-1409\jars\plexus-build-api-1.2.0.jar
2024-11-25 14:37:10,808 [Worker-45: Launching hddt-SES (1)] INFO  o.eclipse.m2e.core.internal.Bundles - 	Entry: D:\Workspace_Giang\eclipse-jee-2024-09-R-win32-x86_64\eclipse\plugins\org.eclipse.m2e.maven.runtime_3.9.900.20240824-1409\jars\plexus-cipher-2.0.jar
2024-11-25 14:37:10,808 [Worker-45: Launching hddt-SES (1)] INFO  o.eclipse.m2e.core.internal.Bundles - 	Entry: D:\Workspace_Giang\eclipse-jee-2024-09-R-win32-x86_64\eclipse\plugins\org.eclipse.m2e.maven.runtime_3.9.900.20240824-1409\jars\plexus-classworlds-2.8.0.jar
2024-11-25 14:37:10,809 [Worker-45: Launching hddt-SES (1)] INFO  o.eclipse.m2e.core.internal.Bundles - 	Entry: D:\Workspace_Giang\eclipse-jee-2024-09-R-win32-x86_64\eclipse\plugins\org.eclipse.m2e.maven.runtime_3.9.900.20240824-1409\jars\plexus-component-annotations-2.1.0.jar
2024-11-25 14:37:10,809 [Worker-45: Launching hddt-SES (1)] INFO  o.eclipse.m2e.core.internal.Bundles - 	Entry: D:\Workspace_Giang\eclipse-jee-2024-09-R-win32-x86_64\eclipse\plugins\org.eclipse.m2e.maven.runtime_3.9.900.20240824-1409\jars\plexus-interpolation-1.27.jar
2024-11-25 14:37:10,809 [Worker-45: Launching hddt-SES (1)] INFO  o.eclipse.m2e.core.internal.Bundles - 	Entry: D:\Workspace_Giang\eclipse-jee-2024-09-R-win32-x86_64\eclipse\plugins\org.eclipse.m2e.maven.runtime_3.9.900.20240824-1409\jars\plexus-sec-dispatcher-2.0.jar
2024-11-25 14:37:10,809 [Worker-45: Launching hddt-SES (1)] INFO  o.eclipse.m2e.core.internal.Bundles - 	Entry: D:\Workspace_Giang\eclipse-jee-2024-09-R-win32-x86_64\eclipse\plugins\org.eclipse.m2e.maven.runtime_3.9.900.20240824-1409\jars\plexus-utils-3.5.1.jar
2024-11-25 14:37:10,809 [Worker-45: Launching hddt-SES (1)] INFO  o.eclipse.m2e.core.internal.Bundles - 	Entry: D:\Workspace_Giang\eclipse-jee-2024-09-R-win32-x86_64\eclipse\plugins\org.eclipse.m2e.maven.runtime_3.9.900.20240824-1409\jars\plexus-xml-3.0.1.jar
2024-11-25 14:37:10,809 [Worker-45: Launching hddt-SES (1)] INFO  o.eclipse.m2e.core.internal.Bundles - 	Entry: D:\Workspace_Giang\eclipse-jee-2024-09-R-win32-x86_64\eclipse\plugins\org.eclipse.m2e.maven.runtime_3.9.900.20240824-1409\jars\wagon-file-3.5.3.jar
2024-11-25 14:37:10,809 [Worker-45: Launching hddt-SES (1)] INFO  o.eclipse.m2e.core.internal.Bundles - 	Entry: D:\Workspace_Giang\eclipse-jee-2024-09-R-win32-x86_64\eclipse\plugins\org.eclipse.m2e.maven.runtime_3.9.900.20240824-1409\jars\wagon-http-3.5.3.jar
2024-11-25 14:37:10,809 [Worker-45: Launching hddt-SES (1)] INFO  o.eclipse.m2e.core.internal.Bundles - 	Entry: D:\Workspace_Giang\eclipse-jee-2024-09-R-win32-x86_64\eclipse\plugins\org.eclipse.m2e.maven.runtime_3.9.900.20240824-1409\jars\wagon-http-shared-3.5.3.jar
2024-11-25 14:37:10,809 [Worker-45: Launching hddt-SES (1)] INFO  o.eclipse.m2e.core.internal.Bundles - 	Entry: D:\Workspace_Giang\eclipse-jee-2024-09-R-win32-x86_64\eclipse\plugins\org.eclipse.m2e.maven.runtime_3.9.900.20240824-1409\jars\wagon-provider-api-3.5.3.jar
2024-11-25 14:37:10,811 [Worker-45: Launching hddt-SES (1)] INFO  o.eclipse.m2e.core.internal.Bundles - getClasspathEntries(Bundle=com.google.guava_33.3.0.jre [16])
2024-11-25 14:37:10,811 [Worker-45: Launching hddt-SES (1)] INFO  o.eclipse.m2e.core.internal.Bundles - 	Entry: D:\Workspace_Giang\eclipse-jee-2024-09-R-win32-x86_64\eclipse\plugins\com.google.guava_33.3.0.jre.jar
2024-11-25 14:37:10,811 [Worker-45: Launching hddt-SES (1)] INFO  o.eclipse.m2e.core.internal.Bundles - getClasspathEntries(Bundle=slf4j.api_2.0.16 [1008])
2024-11-25 14:37:10,812 [Worker-45: Launching hddt-SES (1)] INFO  o.eclipse.m2e.core.internal.Bundles - 	Entry: D:\Workspace_Giang\eclipse-jee-2024-09-R-win32-x86_64\eclipse\plugins\slf4j.api_2.0.16.jar
2024-11-25 14:37:10,812 [Worker-45: Launching hddt-SES (1)] INFO  o.eclipse.m2e.core.internal.Bundles - getClasspathEntries(Bundle=jakarta.inject.jakarta.inject-api_1.0.5 [34])
2024-11-25 14:37:10,812 [Worker-45: Launching hddt-SES (1)] INFO  o.eclipse.m2e.core.internal.Bundles - 	Entry: D:\Workspace_Giang\eclipse-jee-2024-09-R-win32-x86_64\eclipse\plugins\jakarta.inject.jakarta.inject-api_1.0.5.jar
2024-11-25 14:37:10,812 [Worker-45: Launching hddt-SES (1)] INFO  o.eclipse.m2e.core.internal.Bundles - getClasspathEntries(Bundle=jakarta.annotation-api_1.3.5 [29])
2024-11-25 14:37:10,812 [Worker-45: Launching hddt-SES (1)] INFO  o.eclipse.m2e.core.internal.Bundles - 	Entry: D:\Workspace_Giang\eclipse-jee-2024-09-R-win32-x86_64\eclipse\plugins\jakarta.annotation-api_1.3.5.jar
2024-11-25 14:37:10,812 [Worker-45: Launching hddt-SES (1)] INFO  o.eclipse.m2e.core.internal.Bundles - getClasspathEntries(Bundle=org.apache.commons.cli_1.9.0 [78])
2024-11-25 14:37:10,813 [Worker-45: Launching hddt-SES (1)] INFO  o.eclipse.m2e.core.internal.Bundles - 	Entry: D:\Workspace_Giang\eclipse-jee-2024-09-R-win32-x86_64\eclipse\plugins\org.apache.commons.cli_1.9.0.jar
2024-11-25 14:37:10,813 [Worker-45: Launching hddt-SES (1)] INFO  o.eclipse.m2e.core.internal.Bundles - getClasspathEntries(Bundle=org.apache.commons.commons-codec_1.16.0 [81])
2024-11-25 14:37:10,813 [Worker-45: Launching hddt-SES (1)] INFO  o.eclipse.m2e.core.internal.Bundles - 	Entry: D:\Workspace_Giang\eclipse-jee-2024-09-R-win32-x86_64\eclipse\plugins\org.apache.commons.commons-codec_1.16.0.jar
2024-11-25 14:37:10,813 [Worker-45: Launching hddt-SES (1)] INFO  o.eclipse.m2e.core.internal.Bundles - getClasspathEntries(Bundle=com.google.guava.failureaccess_1.0.2 [17])
2024-11-25 14:37:10,813 [Worker-45: Launching hddt-SES (1)] INFO  o.eclipse.m2e.core.internal.Bundles - 	Entry: D:\Workspace_Giang\eclipse-jee-2024-09-R-win32-x86_64\eclipse\plugins\com.google.guava.failureaccess_1.0.2.jar
2024-11-25 14:37:10,816 [Worker-45: Launching hddt-SES (1)] INFO  o.e.m.i.launch.MavenLaunchDelegate - Run build in "D:\WorkSpace Eclipse\ses inv 17.11.2024_ver2\hddt-SES":
2024-11-25 14:37:10,816 [Worker-45: Launching hddt-SES (1)] INFO  o.e.m.i.launch.MavenLaunchDelegate -  mvn  -B -Dstyle.color=always clean compile install package
2024-11-25 14:41:24,006 [Worker-52: Updating Maven Project] INFO  o.e.m.c.i.p.ProjectConfigurationManager - Update started
2024-11-25 14:41:26,031 [Worker-52: Updating Maven Project] WARN  o.a.m.r.i.DefaultArtifactDescriptorReader - 1 problem was encountered while building the effective model for org.javassist:javassist:jar:3.20.0-GA during dependency collection step for project (use -X to see details)
2024-11-25 14:41:26,593 [Worker-52: Updating Maven Project] INFO  o.e.m.c.i.l.LifecycleMappingFactory - Using org.eclipse.m2e.jdt.JarLifecycleMapping lifecycle mapping for MavenProject: vn.sesgroup:hddt:0.0.1-SNAPSHOT @ D:\WorkSpace Eclipse\ses inv 17.11.2024_ver2\hddt-SES\pom.xml.
2024-11-25 14:41:26,846 [Worker-52: Updating Maven Project] INFO  o.e.m.c.i.l.LifecycleMappingFactory - Using org.eclipse.m2e.jdt.JarLifecycleMapping lifecycle mapping for MavenProject: vn.sesgroup:hddt-api:0.0.1-SNAPSHOT @ D:\WorkSpace Eclipse\ses inv 17.11.2024_ver2\hddt SES-api\pom.xml.
2024-11-25 14:41:28,195 [Worker-52: Updating Maven Project] INFO  o.e.m.c.i.l.LifecycleMappingFactory - Using org.eclipse.m2e.jdt.JarLifecycleMapping lifecycle mapping for MavenProject: vn.sesgroup:hddt-pdf:0.0.1-SNAPSHOT @ D:\WorkSpace Eclipse\ses inv 17.11.2024_ver2\hddt SES-pdf\pom.xml.
2024-11-25 14:41:30,289 [Worker-52: Updating Maven Project] INFO  o.e.m.j.i.AbstractJavaProjectConfigurator - Adding source folder /hddt-SES/src/main/java
2024-11-25 14:41:30,290 [Worker-52: Updating Maven Project] INFO  o.e.m.j.i.AbstractJavaProjectConfigurator - Adding resource folder /hddt-SES/src/main/resources
2024-11-25 14:41:30,290 [Worker-52: Updating Maven Project] INFO  o.e.m.j.i.AbstractJavaProjectConfigurator - Adding resource folder /hddt-SES/src/main/resources
2024-11-25 14:41:30,290 [Worker-52: Updating Maven Project] INFO  o.e.m.j.i.AbstractJavaProjectConfigurator - Adding source folder /hddt-SES/src/test/java
2024-11-25 14:41:30,291 [Worker-52: Updating Maven Project] INFO  o.e.m.j.i.AbstractJavaProjectConfigurator - Adding resource folder /hddt-SES/src/test/resources
2024-11-25 14:41:30,657 [Worker-52: Updating Maven Project] INFO  o.e.m.j.i.AbstractJavaProjectConfigurator - Adding source folder /hddt SES-api/src/main/java
2024-11-25 14:41:30,657 [Worker-52: Updating Maven Project] INFO  o.e.m.j.i.AbstractJavaProjectConfigurator - Adding resource folder /hddt SES-api/src/main/resources
2024-11-25 14:41:30,658 [Worker-52: Updating Maven Project] INFO  o.e.m.j.i.AbstractJavaProjectConfigurator - Adding resource folder /hddt SES-api/src/main/resources
2024-11-25 14:41:30,658 [Worker-52: Updating Maven Project] INFO  o.e.m.j.i.AbstractJavaProjectConfigurator - Adding source folder /hddt SES-api/src/test/java
2024-11-25 14:41:30,658 [Worker-52: Updating Maven Project] INFO  o.e.m.j.i.AbstractJavaProjectConfigurator - Adding resource folder /hddt SES-api/src/test/resources
2024-11-25 14:41:31,058 [Worker-52: Updating Maven Project] INFO  o.e.m.j.i.AbstractJavaProjectConfigurator - Adding source folder /hddt SES-pdf/src/main/java
2024-11-25 14:41:31,059 [Worker-52: Updating Maven Project] INFO  o.e.m.j.i.AbstractJavaProjectConfigurator - Adding resource folder /hddt SES-pdf/src/main/resources
2024-11-25 14:41:31,060 [Worker-52: Updating Maven Project] INFO  o.e.m.j.i.AbstractJavaProjectConfigurator - Adding resource folder /hddt SES-pdf/src/main/resources
2024-11-25 14:41:31,060 [Worker-52: Updating Maven Project] INFO  o.e.m.j.i.AbstractJavaProjectConfigurator - Adding source folder /hddt SES-pdf/src/test/java
2024-11-25 14:41:31,061 [Worker-52: Updating Maven Project] INFO  o.e.m.j.i.AbstractJavaProjectConfigurator - Adding resource folder /hddt SES-pdf/src/test/resources
2024-11-25 14:41:32,836 [Worker-52: Updating Maven Project] INFO  o.e.m.c.i.p.ProjectConfigurationManager - Update completed for 3 poms: local refresh takes 0.00 sec, refresh facades takes 5.00 sec, update config takes 1.00 sec 
2024-11-25 14:41:32,846 [Worker-50: Updating Maven Project] INFO  o.e.m.c.i.p.ProjectConfigurationManager - Update started
2024-11-25 14:41:33,702 [Worker-50: Updating Maven Project] INFO  o.e.m.c.i.l.LifecycleMappingFactory - Using org.eclipse.m2e.jdt.JarLifecycleMapping lifecycle mapping for MavenProject: vn.sesgroup:hddt-pdf:0.0.1-SNAPSHOT @ D:\WorkSpace Eclipse\ses inv 17.11.2024_ver2\hddt SES-pdf\pom.xml.
2024-11-25 14:41:34,852 [Worker-50: Updating Maven Project] INFO  o.e.m.c.i.l.LifecycleMappingFactory - Using org.eclipse.m2e.jdt.JarLifecycleMapping lifecycle mapping for MavenProject: vn.sesgroup:hddt:0.0.1-SNAPSHOT @ D:\WorkSpace Eclipse\ses inv 17.11.2024_ver2\hddt-SES\pom.xml.
2024-11-25 14:41:35,065 [Worker-50: Updating Maven Project] WARN  o.a.m.r.i.DefaultArtifactDescriptorReader - 1 problem was encountered while building the effective model for org.javassist:javassist:jar:3.20.0-GA during dependency collection step for project (use -X to see details)
2024-11-25 14:41:36,294 [Worker-50: Updating Maven Project] INFO  o.e.m.j.i.AbstractJavaProjectConfigurator - Adding source folder /hddt SES-pdf/src/main/java
2024-11-25 14:41:36,295 [Worker-50: Updating Maven Project] INFO  o.e.m.j.i.AbstractJavaProjectConfigurator - Adding resource folder /hddt SES-pdf/src/main/resources
2024-11-25 14:41:36,295 [Worker-50: Updating Maven Project] INFO  o.e.m.j.i.AbstractJavaProjectConfigurator - Adding resource folder /hddt SES-pdf/src/main/resources
2024-11-25 14:41:36,295 [Worker-50: Updating Maven Project] INFO  o.e.m.j.i.AbstractJavaProjectConfigurator - Adding source folder /hddt SES-pdf/src/test/java
2024-11-25 14:41:36,296 [Worker-50: Updating Maven Project] INFO  o.e.m.j.i.AbstractJavaProjectConfigurator - Adding resource folder /hddt SES-pdf/src/test/resources
2024-11-25 14:41:36,893 [Worker-50: Updating Maven Project] INFO  o.e.m.j.i.AbstractJavaProjectConfigurator - Adding source folder /hddt-SES/src/main/java
2024-11-25 14:41:36,893 [Worker-50: Updating Maven Project] INFO  o.e.m.j.i.AbstractJavaProjectConfigurator - Adding resource folder /hddt-SES/src/main/resources
2024-11-25 14:41:36,894 [Worker-50: Updating Maven Project] INFO  o.e.m.j.i.AbstractJavaProjectConfigurator - Adding resource folder /hddt-SES/src/main/resources
2024-11-25 14:41:36,894 [Worker-50: Updating Maven Project] INFO  o.e.m.j.i.AbstractJavaProjectConfigurator - Adding source folder /hddt-SES/src/test/java
2024-11-25 14:41:36,894 [Worker-50: Updating Maven Project] INFO  o.e.m.j.i.AbstractJavaProjectConfigurator - Adding resource folder /hddt-SES/src/test/resources
2024-11-25 14:41:37,495 [Worker-50: Updating Maven Project] INFO  o.e.m.c.i.p.ProjectConfigurationManager - Update completed for 2 poms: local refresh takes 0.00 sec, refresh facades takes 3.00 sec, update config takes 0.00 sec 
2024-11-25 14:41:42,928 [Worker-50: Building] INFO  o.e.m.c.i.embedder.EclipseLogger - Using 'UTF-8' encoding to copy filtered resources.
2024-11-25 14:41:42,928 [Worker-50: Building] INFO  o.e.m.c.i.embedder.EclipseLogger - Using 'UTF-8' encoding to copy filtered properties files.
2024-11-25 14:41:42,929 [Worker-50: Building] INFO  o.e.m.c.i.embedder.EclipseLogger - Copying 1 resource
2024-11-25 14:41:42,985 [Worker-50: Building] INFO  o.e.m.c.i.embedder.EclipseLogger - Copying 3 resources
2024-11-25 14:41:43,000 [Worker-50: Building] INFO  o.e.m.c.i.embedder.EclipseLogger - Using 'UTF-8' encoding to copy filtered resources.
2024-11-25 14:41:43,000 [Worker-50: Building] INFO  o.e.m.c.i.embedder.EclipseLogger - Using 'UTF-8' encoding to copy filtered properties files.
2024-11-25 14:41:43,000 [Worker-50: Building] INFO  o.e.m.c.i.embedder.EclipseLogger - Copying 0 resource
2024-11-25 14:41:44,476 [Worker-55: Building] INFO  o.e.m.c.i.embedder.EclipseLogger - Using 'UTF-8' encoding to copy filtered resources.
2024-11-25 14:41:44,476 [Worker-55: Building] INFO  o.e.m.c.i.embedder.EclipseLogger - Using 'UTF-8' encoding to copy filtered properties files.
2024-11-25 14:41:44,476 [Worker-55: Building] INFO  o.e.m.c.i.embedder.EclipseLogger - Copying 1 resource
2024-11-25 14:41:44,488 [Worker-55: Building] INFO  o.e.m.c.i.embedder.EclipseLogger - Copying 2 resources
2024-11-25 14:41:44,498 [Worker-55: Building] INFO  o.e.m.c.i.embedder.EclipseLogger - Using 'UTF-8' encoding to copy filtered resources.
2024-11-25 14:41:44,498 [Worker-55: Building] INFO  o.e.m.c.i.embedder.EclipseLogger - Using 'UTF-8' encoding to copy filtered properties files.
2024-11-25 14:41:44,498 [Worker-55: Building] INFO  o.e.m.c.i.embedder.EclipseLogger - Copying 0 resource
2024-11-25 14:41:46,551 [Worker-53: Building] INFO  o.e.m.c.i.embedder.EclipseLogger - Using 'UTF-8' encoding to copy filtered resources.
2024-11-25 14:41:46,551 [Worker-53: Building] INFO  o.e.m.c.i.embedder.EclipseLogger - Using 'UTF-8' encoding to copy filtered properties files.
2024-11-25 14:41:46,556 [Worker-53: Building] INFO  o.e.m.c.i.embedder.EclipseLogger - Copying 1 resource
2024-11-25 14:41:46,683 [Worker-53: Building] INFO  o.e.m.c.i.embedder.EclipseLogger - Copying 1461 resources
2024-11-25 14:41:50,651 [Worker-53: Building] INFO  o.e.m.c.i.embedder.EclipseLogger - Using 'UTF-8' encoding to copy filtered resources.
2024-11-25 14:41:50,651 [Worker-53: Building] INFO  o.e.m.c.i.embedder.EclipseLogger - Using 'UTF-8' encoding to copy filtered properties files.
2024-11-25 14:41:50,652 [Worker-53: Building] INFO  o.e.m.c.i.embedder.EclipseLogger - Copying 0 resource
2024-11-25 20:26:44,768 [Worker-7: Loading available Gradle versions] INFO  o.e.b.c.i.u.g.PublishedGradleVersions - Gradle version information cache is up-to-date. Trying to read.
2024-11-25 20:31:25,359 [Worker-1: Updating Maven Project] INFO  o.e.m.c.i.p.ProjectConfigurationManager - Update started
2024-11-25 20:31:27,968 [Worker-1: Updating Maven Project] INFO  o.e.m.c.i.l.LifecycleMappingFactory - Using org.eclipse.m2e.jdt.JarLifecycleMapping lifecycle mapping for MavenProject: vn.sesgroup:hddt:0.0.1-SNAPSHOT @ D:\WorkSpace Eclipse\ses inv 17.11.2024_ver2\hddt-SES\pom.xml.
2024-11-25 20:31:28,384 [Worker-1: Updating Maven Project] WARN  o.a.m.r.i.DefaultArtifactDescriptorReader - 1 problem was encountered while building the effective model for org.javassist:javassist:jar:3.20.0-GA during dependency collection step for project (use -X to see details)
2024-11-25 20:31:28,882 [Worker-1: Updating Maven Project] INFO  o.e.m.c.i.l.LifecycleMappingFactory - Using org.eclipse.m2e.jdt.JarLifecycleMapping lifecycle mapping for MavenProject: vn.sesgroup:hddt-api:0.0.1-SNAPSHOT @ D:\WorkSpace Eclipse\ses inv 17.11.2024_ver2\hddt SES-api\pom.xml.
2024-11-25 20:31:29,608 [Worker-1: Updating Maven Project] INFO  o.e.m.c.i.l.LifecycleMappingFactory - Using org.eclipse.m2e.jdt.JarLifecycleMapping lifecycle mapping for MavenProject: vn.sesgroup:hddt-pdf:0.0.1-SNAPSHOT @ D:\WorkSpace Eclipse\ses inv 17.11.2024_ver2\hddt SES-pdf\pom.xml.
2024-11-25 20:31:31,666 [Worker-1: Updating Maven Project] INFO  o.e.m.j.i.AbstractJavaProjectConfigurator - Adding source folder /hddt-SES/src/main/java
2024-11-25 20:31:31,668 [Worker-1: Updating Maven Project] INFO  o.e.m.j.i.AbstractJavaProjectConfigurator - Adding resource folder /hddt-SES/src/main/resources
2024-11-25 20:31:31,670 [Worker-1: Updating Maven Project] INFO  o.e.m.j.i.AbstractJavaProjectConfigurator - Adding resource folder /hddt-SES/src/main/resources
2024-11-25 20:31:31,670 [Worker-1: Updating Maven Project] INFO  o.e.m.j.i.AbstractJavaProjectConfigurator - Adding source folder /hddt-SES/src/test/java
2024-11-25 20:31:31,671 [Worker-1: Updating Maven Project] INFO  o.e.m.j.i.AbstractJavaProjectConfigurator - Adding resource folder /hddt-SES/src/test/resources
2024-11-25 20:31:32,116 [Worker-1: Updating Maven Project] INFO  o.e.m.j.i.AbstractJavaProjectConfigurator - Adding source folder /hddt SES-api/src/main/java
2024-11-25 20:31:32,116 [Worker-1: Updating Maven Project] INFO  o.e.m.j.i.AbstractJavaProjectConfigurator - Adding resource folder /hddt SES-api/src/main/resources
2024-11-25 20:31:32,117 [Worker-1: Updating Maven Project] INFO  o.e.m.j.i.AbstractJavaProjectConfigurator - Adding resource folder /hddt SES-api/src/main/resources
2024-11-25 20:31:32,117 [Worker-1: Updating Maven Project] INFO  o.e.m.j.i.AbstractJavaProjectConfigurator - Adding source folder /hddt SES-api/src/test/java
2024-11-25 20:31:32,117 [Worker-1: Updating Maven Project] INFO  o.e.m.j.i.AbstractJavaProjectConfigurator - Adding resource folder /hddt SES-api/src/test/resources
2024-11-25 20:31:32,507 [Worker-1: Updating Maven Project] INFO  o.e.m.j.i.AbstractJavaProjectConfigurator - Adding source folder /hddt SES-pdf/src/main/java
2024-11-25 20:31:32,508 [Worker-1: Updating Maven Project] INFO  o.e.m.j.i.AbstractJavaProjectConfigurator - Adding resource folder /hddt SES-pdf/src/main/resources
2024-11-25 20:31:32,508 [Worker-1: Updating Maven Project] INFO  o.e.m.j.i.AbstractJavaProjectConfigurator - Adding resource folder /hddt SES-pdf/src/main/resources
2024-11-25 20:31:32,508 [Worker-1: Updating Maven Project] INFO  o.e.m.j.i.AbstractJavaProjectConfigurator - Adding source folder /hddt SES-pdf/src/test/java
2024-11-25 20:31:32,509 [Worker-1: Updating Maven Project] INFO  o.e.m.j.i.AbstractJavaProjectConfigurator - Adding resource folder /hddt SES-pdf/src/test/resources
2024-11-25 20:31:34,540 [Worker-1: Updating Maven Project] INFO  o.e.m.c.i.p.ProjectConfigurationManager - Update completed for 3 poms: local refresh takes 0.00 sec, refresh facades takes 5.00 sec, update config takes 1.00 sec 
2024-11-25 20:31:40,302 [Worker-39: Building] INFO  o.e.m.c.i.embedder.EclipseLogger - Using 'UTF-8' encoding to copy filtered resources.
2024-11-25 20:31:40,303 [Worker-39: Building] INFO  o.e.m.c.i.embedder.EclipseLogger - Using 'UTF-8' encoding to copy filtered properties files.
2024-11-25 20:31:40,308 [Worker-39: Building] INFO  o.e.m.c.i.embedder.EclipseLogger - Copying 1 resource
2024-11-25 20:31:40,321 [Worker-39: Building] INFO  o.e.m.c.i.embedder.EclipseLogger - Copying 3 resources
2024-11-25 20:31:40,331 [Worker-39: Building] INFO  o.e.m.c.i.embedder.EclipseLogger - Using 'UTF-8' encoding to copy filtered resources.
2024-11-25 20:31:40,332 [Worker-39: Building] INFO  o.e.m.c.i.embedder.EclipseLogger - Using 'UTF-8' encoding to copy filtered properties files.
2024-11-25 20:31:40,332 [Worker-39: Building] INFO  o.e.m.c.i.embedder.EclipseLogger - Copying 0 resource
2024-11-25 20:31:41,695 [Worker-39: Building] INFO  o.e.m.c.i.embedder.EclipseLogger - Using 'UTF-8' encoding to copy filtered resources.
2024-11-25 20:31:41,695 [Worker-39: Building] INFO  o.e.m.c.i.embedder.EclipseLogger - Using 'UTF-8' encoding to copy filtered properties files.
2024-11-25 20:31:41,695 [Worker-39: Building] INFO  o.e.m.c.i.embedder.EclipseLogger - Copying 1 resource
2024-11-25 20:31:41,743 [Worker-39: Building] INFO  o.e.m.c.i.embedder.EclipseLogger - Copying 2 resources
2024-11-25 20:31:41,753 [Worker-39: Building] INFO  o.e.m.c.i.embedder.EclipseLogger - Using 'UTF-8' encoding to copy filtered resources.
2024-11-25 20:31:41,753 [Worker-39: Building] INFO  o.e.m.c.i.embedder.EclipseLogger - Using 'UTF-8' encoding to copy filtered properties files.
2024-11-25 20:31:41,753 [Worker-39: Building] INFO  o.e.m.c.i.embedder.EclipseLogger - Copying 0 resource
2024-11-25 20:31:44,052 [Worker-39: Building] INFO  o.e.m.c.i.embedder.EclipseLogger - Using 'UTF-8' encoding to copy filtered resources.
2024-11-25 20:31:44,052 [Worker-39: Building] INFO  o.e.m.c.i.embedder.EclipseLogger - Using 'UTF-8' encoding to copy filtered properties files.
2024-11-25 20:31:44,063 [Worker-39: Building] INFO  o.e.m.c.i.embedder.EclipseLogger - Copying 1 resource
2024-11-25 20:31:44,119 [Worker-39: Building] INFO  o.e.m.c.i.embedder.EclipseLogger - Copying 1461 resources
2024-11-25 20:31:47,389 [Worker-39: Building] INFO  o.e.m.c.i.embedder.EclipseLogger - Using 'UTF-8' encoding to copy filtered resources.
2024-11-25 20:31:47,389 [Worker-39: Building] INFO  o.e.m.c.i.embedder.EclipseLogger - Using 'UTF-8' encoding to copy filtered properties files.
2024-11-25 20:31:47,389 [Worker-39: Building] INFO  o.e.m.c.i.embedder.EclipseLogger - Copying 0 resource
2024-11-25 20:33:46,626 [main] INFO  o.e.m2e.actions.ExecutePomAction - Creating new launch configuration
2024-11-25 20:34:05,547 [Worker-40: Launching hddt-SES (2)] INFO  o.eclipse.m2e.core.internal.Bundles - getClasspathEntries(Bundle=org.eclipse.m2e.maven.runtime_3.9.900.20240824-1409 [643])
2024-11-25 20:34:05,550 [Worker-40: Launching hddt-SES (2)] INFO  o.eclipse.m2e.core.internal.Bundles - 	Entry: D:\Workspace_Giang\eclipse-jee-2024-09-R-win32-x86_64\eclipse\plugins\org.eclipse.m2e.maven.runtime_3.9.900.20240824-1409
2024-11-25 20:34:05,550 [Worker-40: Launching hddt-SES (2)] INFO  o.eclipse.m2e.core.internal.Bundles - 	Entry: D:\Workspace_Giang\eclipse-jee-2024-09-R-win32-x86_64\eclipse\plugins\org.eclipse.m2e.maven.runtime_3.9.900.20240824-1409\jars\aopalliance-1.0.jar
2024-11-25 20:34:05,550 [Worker-40: Launching hddt-SES (2)] INFO  o.eclipse.m2e.core.internal.Bundles - 	Entry: D:\Workspace_Giang\eclipse-jee-2024-09-R-win32-x86_64\eclipse\plugins\org.eclipse.m2e.maven.runtime_3.9.900.20240824-1409\jars\guice-5.1.0.jar
2024-11-25 20:34:05,550 [Worker-40: Launching hddt-SES (2)] INFO  o.eclipse.m2e.core.internal.Bundles - 	Entry: D:\Workspace_Giang\eclipse-jee-2024-09-R-win32-x86_64\eclipse\plugins\org.eclipse.m2e.maven.runtime_3.9.900.20240824-1409\jars\httpclient-4.5.14.jar
2024-11-25 20:34:05,550 [Worker-40: Launching hddt-SES (2)] INFO  o.eclipse.m2e.core.internal.Bundles - 	Entry: D:\Workspace_Giang\eclipse-jee-2024-09-R-win32-x86_64\eclipse\plugins\org.eclipse.m2e.maven.runtime_3.9.900.20240824-1409\jars\httpcore-4.4.16.jar
2024-11-25 20:34:05,551 [Worker-40: Launching hddt-SES (2)] INFO  o.eclipse.m2e.core.internal.Bundles - 	Entry: D:\Workspace_Giang\eclipse-jee-2024-09-R-win32-x86_64\eclipse\plugins\org.eclipse.m2e.maven.runtime_3.9.900.20240824-1409\jars\jansi-2.4.1.jar
2024-11-25 20:34:05,551 [Worker-40: Launching hddt-SES (2)] INFO  o.eclipse.m2e.core.internal.Bundles - 	Entry: D:\Workspace_Giang\eclipse-jee-2024-09-R-win32-x86_64\eclipse\plugins\org.eclipse.m2e.maven.runtime_3.9.900.20240824-1409\jars\jcl-over-slf4j-1.7.36.jar
2024-11-25 20:34:05,551 [Worker-40: Launching hddt-SES (2)] INFO  o.eclipse.m2e.core.internal.Bundles - 	Entry: D:\Workspace_Giang\eclipse-jee-2024-09-R-win32-x86_64\eclipse\plugins\org.eclipse.m2e.maven.runtime_3.9.900.20240824-1409\jars\maven-artifact-3.9.9.jar
2024-11-25 20:34:05,551 [Worker-40: Launching hddt-SES (2)] INFO  o.eclipse.m2e.core.internal.Bundles - 	Entry: D:\Workspace_Giang\eclipse-jee-2024-09-R-win32-x86_64\eclipse\plugins\org.eclipse.m2e.maven.runtime_3.9.900.20240824-1409\jars\maven-builder-support-3.9.9.jar
2024-11-25 20:34:05,551 [Worker-40: Launching hddt-SES (2)] INFO  o.eclipse.m2e.core.internal.Bundles - 	Entry: D:\Workspace_Giang\eclipse-jee-2024-09-R-win32-x86_64\eclipse\plugins\org.eclipse.m2e.maven.runtime_3.9.900.20240824-1409\jars\maven-compat-3.9.9.jar
2024-11-25 20:34:05,551 [Worker-40: Launching hddt-SES (2)] INFO  o.eclipse.m2e.core.internal.Bundles - 	Entry: D:\Workspace_Giang\eclipse-jee-2024-09-R-win32-x86_64\eclipse\plugins\org.eclipse.m2e.maven.runtime_3.9.900.20240824-1409\jars\maven-core-3.9.9.jar
2024-11-25 20:34:05,551 [Worker-40: Launching hddt-SES (2)] INFO  o.eclipse.m2e.core.internal.Bundles - 	Entry: D:\Workspace_Giang\eclipse-jee-2024-09-R-win32-x86_64\eclipse\plugins\org.eclipse.m2e.maven.runtime_3.9.900.20240824-1409\jars\maven-embedder-3.9.9.jar
2024-11-25 20:34:05,551 [Worker-40: Launching hddt-SES (2)] INFO  o.eclipse.m2e.core.internal.Bundles - 	Entry: D:\Workspace_Giang\eclipse-jee-2024-09-R-win32-x86_64\eclipse\plugins\org.eclipse.m2e.maven.runtime_3.9.900.20240824-1409\jars\maven-model-3.9.9.jar
2024-11-25 20:34:05,551 [Worker-40: Launching hddt-SES (2)] INFO  o.eclipse.m2e.core.internal.Bundles - 	Entry: D:\Workspace_Giang\eclipse-jee-2024-09-R-win32-x86_64\eclipse\plugins\org.eclipse.m2e.maven.runtime_3.9.900.20240824-1409\jars\maven-model-builder-3.9.9.jar
2024-11-25 20:34:05,552 [Worker-40: Launching hddt-SES (2)] INFO  o.eclipse.m2e.core.internal.Bundles - 	Entry: D:\Workspace_Giang\eclipse-jee-2024-09-R-win32-x86_64\eclipse\plugins\org.eclipse.m2e.maven.runtime_3.9.900.20240824-1409\jars\maven-plugin-api-3.9.9.jar
2024-11-25 20:34:05,552 [Worker-40: Launching hddt-SES (2)] INFO  o.eclipse.m2e.core.internal.Bundles - 	Entry: D:\Workspace_Giang\eclipse-jee-2024-09-R-win32-x86_64\eclipse\plugins\org.eclipse.m2e.maven.runtime_3.9.900.20240824-1409\jars\maven-repository-metadata-3.9.9.jar
2024-11-25 20:34:05,552 [Worker-40: Launching hddt-SES (2)] INFO  o.eclipse.m2e.core.internal.Bundles - 	Entry: D:\Workspace_Giang\eclipse-jee-2024-09-R-win32-x86_64\eclipse\plugins\org.eclipse.m2e.maven.runtime_3.9.900.20240824-1409\jars\maven-resolver-api-1.9.22.jar
2024-11-25 20:34:05,552 [Worker-40: Launching hddt-SES (2)] INFO  o.eclipse.m2e.core.internal.Bundles - 	Entry: D:\Workspace_Giang\eclipse-jee-2024-09-R-win32-x86_64\eclipse\plugins\org.eclipse.m2e.maven.runtime_3.9.900.20240824-1409\jars\maven-resolver-connector-basic-1.9.22.jar
2024-11-25 20:34:05,552 [Worker-40: Launching hddt-SES (2)] INFO  o.eclipse.m2e.core.internal.Bundles - 	Entry: D:\Workspace_Giang\eclipse-jee-2024-09-R-win32-x86_64\eclipse\plugins\org.eclipse.m2e.maven.runtime_3.9.900.20240824-1409\jars\maven-resolver-impl-1.9.22.jar
2024-11-25 20:34:05,553 [Worker-40: Launching hddt-SES (2)] INFO  o.eclipse.m2e.core.internal.Bundles - 	Entry: D:\Workspace_Giang\eclipse-jee-2024-09-R-win32-x86_64\eclipse\plugins\org.eclipse.m2e.maven.runtime_3.9.900.20240824-1409\jars\maven-resolver-named-locks-1.9.22.jar
2024-11-25 20:34:05,553 [Worker-40: Launching hddt-SES (2)] INFO  o.eclipse.m2e.core.internal.Bundles - 	Entry: D:\Workspace_Giang\eclipse-jee-2024-09-R-win32-x86_64\eclipse\plugins\org.eclipse.m2e.maven.runtime_3.9.900.20240824-1409\jars\maven-resolver-provider-3.9.9.jar
2024-11-25 20:34:05,553 [Worker-40: Launching hddt-SES (2)] INFO  o.eclipse.m2e.core.internal.Bundles - 	Entry: D:\Workspace_Giang\eclipse-jee-2024-09-R-win32-x86_64\eclipse\plugins\org.eclipse.m2e.maven.runtime_3.9.900.20240824-1409\jars\maven-resolver-spi-1.9.22.jar
2024-11-25 20:34:05,553 [Worker-40: Launching hddt-SES (2)] INFO  o.eclipse.m2e.core.internal.Bundles - 	Entry: D:\Workspace_Giang\eclipse-jee-2024-09-R-win32-x86_64\eclipse\plugins\org.eclipse.m2e.maven.runtime_3.9.900.20240824-1409\jars\maven-resolver-transport-file-1.9.22.jar
2024-11-25 20:34:05,553 [Worker-40: Launching hddt-SES (2)] INFO  o.eclipse.m2e.core.internal.Bundles - 	Entry: D:\Workspace_Giang\eclipse-jee-2024-09-R-win32-x86_64\eclipse\plugins\org.eclipse.m2e.maven.runtime_3.9.900.20240824-1409\jars\maven-resolver-transport-http-1.9.22.jar
2024-11-25 20:34:05,554 [Worker-40: Launching hddt-SES (2)] INFO  o.eclipse.m2e.core.internal.Bundles - 	Entry: D:\Workspace_Giang\eclipse-jee-2024-09-R-win32-x86_64\eclipse\plugins\org.eclipse.m2e.maven.runtime_3.9.900.20240824-1409\jars\maven-resolver-transport-wagon-1.9.22.jar
2024-11-25 20:34:05,554 [Worker-40: Launching hddt-SES (2)] INFO  o.eclipse.m2e.core.internal.Bundles - 	Entry: D:\Workspace_Giang\eclipse-jee-2024-09-R-win32-x86_64\eclipse\plugins\org.eclipse.m2e.maven.runtime_3.9.900.20240824-1409\jars\maven-resolver-util-1.9.22.jar
2024-11-25 20:34:05,554 [Worker-40: Launching hddt-SES (2)] INFO  o.eclipse.m2e.core.internal.Bundles - 	Entry: D:\Workspace_Giang\eclipse-jee-2024-09-R-win32-x86_64\eclipse\plugins\org.eclipse.m2e.maven.runtime_3.9.900.20240824-1409\jars\maven-settings-3.9.9.jar
2024-11-25 20:34:05,554 [Worker-40: Launching hddt-SES (2)] INFO  o.eclipse.m2e.core.internal.Bundles - 	Entry: D:\Workspace_Giang\eclipse-jee-2024-09-R-win32-x86_64\eclipse\plugins\org.eclipse.m2e.maven.runtime_3.9.900.20240824-1409\jars\maven-settings-builder-3.9.9.jar
2024-11-25 20:34:05,554 [Worker-40: Launching hddt-SES (2)] INFO  o.eclipse.m2e.core.internal.Bundles - 	Entry: D:\Workspace_Giang\eclipse-jee-2024-09-R-win32-x86_64\eclipse\plugins\org.eclipse.m2e.maven.runtime_3.9.900.20240824-1409\jars\maven-shared-utils-3.4.2.jar
2024-11-25 20:34:05,554 [Worker-40: Launching hddt-SES (2)] INFO  o.eclipse.m2e.core.internal.Bundles - 	Entry: D:\Workspace_Giang\eclipse-jee-2024-09-R-win32-x86_64\eclipse\plugins\org.eclipse.m2e.maven.runtime_3.9.900.20240824-1409\jars\org.eclipse.sisu.inject-0.9.0.M3.jar
2024-11-25 20:34:05,555 [Worker-40: Launching hddt-SES (2)] INFO  o.eclipse.m2e.core.internal.Bundles - 	Entry: D:\Workspace_Giang\eclipse-jee-2024-09-R-win32-x86_64\eclipse\plugins\org.eclipse.m2e.maven.runtime_3.9.900.20240824-1409\jars\org.eclipse.sisu.plexus-0.9.0.M3.jar
2024-11-25 20:34:05,555 [Worker-40: Launching hddt-SES (2)] INFO  o.eclipse.m2e.core.internal.Bundles - 	Entry: D:\Workspace_Giang\eclipse-jee-2024-09-R-win32-x86_64\eclipse\plugins\org.eclipse.m2e.maven.runtime_3.9.900.20240824-1409\jars\plexus-build-api-0.0.7.jar
2024-11-25 20:34:05,555 [Worker-40: Launching hddt-SES (2)] INFO  o.eclipse.m2e.core.internal.Bundles - 	Entry: D:\Workspace_Giang\eclipse-jee-2024-09-R-win32-x86_64\eclipse\plugins\org.eclipse.m2e.maven.runtime_3.9.900.20240824-1409\jars\plexus-build-api-1.2.0.jar
2024-11-25 20:34:05,555 [Worker-40: Launching hddt-SES (2)] INFO  o.eclipse.m2e.core.internal.Bundles - 	Entry: D:\Workspace_Giang\eclipse-jee-2024-09-R-win32-x86_64\eclipse\plugins\org.eclipse.m2e.maven.runtime_3.9.900.20240824-1409\jars\plexus-cipher-2.0.jar
2024-11-25 20:34:05,555 [Worker-40: Launching hddt-SES (2)] INFO  o.eclipse.m2e.core.internal.Bundles - 	Entry: D:\Workspace_Giang\eclipse-jee-2024-09-R-win32-x86_64\eclipse\plugins\org.eclipse.m2e.maven.runtime_3.9.900.20240824-1409\jars\plexus-classworlds-2.8.0.jar
2024-11-25 20:34:05,555 [Worker-40: Launching hddt-SES (2)] INFO  o.eclipse.m2e.core.internal.Bundles - 	Entry: D:\Workspace_Giang\eclipse-jee-2024-09-R-win32-x86_64\eclipse\plugins\org.eclipse.m2e.maven.runtime_3.9.900.20240824-1409\jars\plexus-component-annotations-2.1.0.jar
2024-11-25 20:34:05,555 [Worker-40: Launching hddt-SES (2)] INFO  o.eclipse.m2e.core.internal.Bundles - 	Entry: D:\Workspace_Giang\eclipse-jee-2024-09-R-win32-x86_64\eclipse\plugins\org.eclipse.m2e.maven.runtime_3.9.900.20240824-1409\jars\plexus-interpolation-1.27.jar
2024-11-25 20:34:05,556 [Worker-40: Launching hddt-SES (2)] INFO  o.eclipse.m2e.core.internal.Bundles - 	Entry: D:\Workspace_Giang\eclipse-jee-2024-09-R-win32-x86_64\eclipse\plugins\org.eclipse.m2e.maven.runtime_3.9.900.20240824-1409\jars\plexus-sec-dispatcher-2.0.jar
2024-11-25 20:34:05,556 [Worker-40: Launching hddt-SES (2)] INFO  o.eclipse.m2e.core.internal.Bundles - 	Entry: D:\Workspace_Giang\eclipse-jee-2024-09-R-win32-x86_64\eclipse\plugins\org.eclipse.m2e.maven.runtime_3.9.900.20240824-1409\jars\plexus-utils-3.5.1.jar
2024-11-25 20:34:05,556 [Worker-40: Launching hddt-SES (2)] INFO  o.eclipse.m2e.core.internal.Bundles - 	Entry: D:\Workspace_Giang\eclipse-jee-2024-09-R-win32-x86_64\eclipse\plugins\org.eclipse.m2e.maven.runtime_3.9.900.20240824-1409\jars\plexus-xml-3.0.1.jar
2024-11-25 20:34:05,556 [Worker-40: Launching hddt-SES (2)] INFO  o.eclipse.m2e.core.internal.Bundles - 	Entry: D:\Workspace_Giang\eclipse-jee-2024-09-R-win32-x86_64\eclipse\plugins\org.eclipse.m2e.maven.runtime_3.9.900.20240824-1409\jars\wagon-file-3.5.3.jar
2024-11-25 20:34:05,556 [Worker-40: Launching hddt-SES (2)] INFO  o.eclipse.m2e.core.internal.Bundles - 	Entry: D:\Workspace_Giang\eclipse-jee-2024-09-R-win32-x86_64\eclipse\plugins\org.eclipse.m2e.maven.runtime_3.9.900.20240824-1409\jars\wagon-http-3.5.3.jar
2024-11-25 20:34:05,557 [Worker-40: Launching hddt-SES (2)] INFO  o.eclipse.m2e.core.internal.Bundles - 	Entry: D:\Workspace_Giang\eclipse-jee-2024-09-R-win32-x86_64\eclipse\plugins\org.eclipse.m2e.maven.runtime_3.9.900.20240824-1409\jars\wagon-http-shared-3.5.3.jar
2024-11-25 20:34:05,557 [Worker-40: Launching hddt-SES (2)] INFO  o.eclipse.m2e.core.internal.Bundles - 	Entry: D:\Workspace_Giang\eclipse-jee-2024-09-R-win32-x86_64\eclipse\plugins\org.eclipse.m2e.maven.runtime_3.9.900.20240824-1409\jars\wagon-provider-api-3.5.3.jar
2024-11-25 20:34:05,559 [Worker-40: Launching hddt-SES (2)] INFO  o.eclipse.m2e.core.internal.Bundles - getClasspathEntries(Bundle=com.google.guava_33.3.0.jre [16])
2024-11-25 20:34:05,560 [Worker-40: Launching hddt-SES (2)] INFO  o.eclipse.m2e.core.internal.Bundles - 	Entry: D:\Workspace_Giang\eclipse-jee-2024-09-R-win32-x86_64\eclipse\plugins\com.google.guava_33.3.0.jre.jar
2024-11-25 20:34:05,560 [Worker-40: Launching hddt-SES (2)] INFO  o.eclipse.m2e.core.internal.Bundles - getClasspathEntries(Bundle=slf4j.api_2.0.16 [1008])
2024-11-25 20:34:05,560 [Worker-40: Launching hddt-SES (2)] INFO  o.eclipse.m2e.core.internal.Bundles - 	Entry: D:\Workspace_Giang\eclipse-jee-2024-09-R-win32-x86_64\eclipse\plugins\slf4j.api_2.0.16.jar
2024-11-25 20:34:05,560 [Worker-40: Launching hddt-SES (2)] INFO  o.eclipse.m2e.core.internal.Bundles - getClasspathEntries(Bundle=jakarta.inject.jakarta.inject-api_1.0.5 [34])
2024-11-25 20:34:05,560 [Worker-40: Launching hddt-SES (2)] INFO  o.eclipse.m2e.core.internal.Bundles - 	Entry: D:\Workspace_Giang\eclipse-jee-2024-09-R-win32-x86_64\eclipse\plugins\jakarta.inject.jakarta.inject-api_1.0.5.jar
2024-11-25 20:34:05,560 [Worker-40: Launching hddt-SES (2)] INFO  o.eclipse.m2e.core.internal.Bundles - getClasspathEntries(Bundle=jakarta.annotation-api_1.3.5 [29])
2024-11-25 20:34:05,561 [Worker-40: Launching hddt-SES (2)] INFO  o.eclipse.m2e.core.internal.Bundles - 	Entry: D:\Workspace_Giang\eclipse-jee-2024-09-R-win32-x86_64\eclipse\plugins\jakarta.annotation-api_1.3.5.jar
2024-11-25 20:34:05,561 [Worker-40: Launching hddt-SES (2)] INFO  o.eclipse.m2e.core.internal.Bundles - getClasspathEntries(Bundle=org.apache.commons.cli_1.9.0 [78])
2024-11-25 20:34:05,561 [Worker-40: Launching hddt-SES (2)] INFO  o.eclipse.m2e.core.internal.Bundles - 	Entry: D:\Workspace_Giang\eclipse-jee-2024-09-R-win32-x86_64\eclipse\plugins\org.apache.commons.cli_1.9.0.jar
2024-11-25 20:34:05,561 [Worker-40: Launching hddt-SES (2)] INFO  o.eclipse.m2e.core.internal.Bundles - getClasspathEntries(Bundle=org.apache.commons.commons-codec_1.16.0 [81])
2024-11-25 20:34:05,561 [Worker-40: Launching hddt-SES (2)] INFO  o.eclipse.m2e.core.internal.Bundles - 	Entry: D:\Workspace_Giang\eclipse-jee-2024-09-R-win32-x86_64\eclipse\plugins\org.apache.commons.commons-codec_1.16.0.jar
2024-11-25 20:34:05,561 [Worker-40: Launching hddt-SES (2)] INFO  o.eclipse.m2e.core.internal.Bundles - getClasspathEntries(Bundle=com.google.guava.failureaccess_1.0.2 [17])
2024-11-25 20:34:05,561 [Worker-40: Launching hddt-SES (2)] INFO  o.eclipse.m2e.core.internal.Bundles - 	Entry: D:\Workspace_Giang\eclipse-jee-2024-09-R-win32-x86_64\eclipse\plugins\com.google.guava.failureaccess_1.0.2.jar
2024-11-25 20:34:05,565 [Worker-40: Launching hddt-SES (2)] INFO  o.e.m.i.launch.MavenLaunchDelegate - Run build in "D:\WorkSpace Eclipse\ses inv 17.11.2024_ver2\hddt-SES":
2024-11-25 20:34:05,569 [Worker-40: Launching hddt-SES (2)] INFO  o.e.m.i.launch.MavenLaunchDelegate -  mvn  -B -Dstyle.color=always clean compile install package
2024-11-25 20:37:22,259 [Worker-43: Building] INFO  o.e.m.c.i.embedder.EclipseLogger - Using 'UTF-8' encoding to copy filtered resources.
2024-11-25 20:37:22,260 [Worker-43: Building] INFO  o.e.m.c.i.embedder.EclipseLogger - Using 'UTF-8' encoding to copy filtered properties files.
2024-11-25 20:37:22,297 [Worker-43: Building] INFO  o.e.m.c.i.embedder.EclipseLogger - Copying 1 resource
2024-11-25 20:37:22,381 [Worker-43: Building] INFO  o.e.m.c.i.embedder.EclipseLogger - Copying 1461 resources
2024-11-25 20:37:25,406 [Worker-43: Building] INFO  o.e.m.c.i.embedder.EclipseLogger - Using 'UTF-8' encoding to copy filtered resources.
2024-11-25 20:37:25,406 [Worker-43: Building] INFO  o.e.m.c.i.embedder.EclipseLogger - Using 'UTF-8' encoding to copy filtered properties files.
2024-11-25 20:37:25,407 [Worker-43: Building] INFO  o.e.m.c.i.embedder.EclipseLogger - Copying 0 resource
2024-11-25 20:37:34,916 [Worker-43: Launching hddt-SES (2)] INFO  o.eclipse.m2e.core.internal.Bundles - getClasspathEntries(Bundle=org.eclipse.m2e.maven.runtime_3.9.900.20240824-1409 [643])
2024-11-25 20:37:34,917 [Worker-43: Launching hddt-SES (2)] INFO  o.eclipse.m2e.core.internal.Bundles - 	Entry: D:\Workspace_Giang\eclipse-jee-2024-09-R-win32-x86_64\eclipse\plugins\org.eclipse.m2e.maven.runtime_3.9.900.20240824-1409
2024-11-25 20:37:34,917 [Worker-43: Launching hddt-SES (2)] INFO  o.eclipse.m2e.core.internal.Bundles - 	Entry: D:\Workspace_Giang\eclipse-jee-2024-09-R-win32-x86_64\eclipse\plugins\org.eclipse.m2e.maven.runtime_3.9.900.20240824-1409\jars\aopalliance-1.0.jar
2024-11-25 20:37:34,917 [Worker-43: Launching hddt-SES (2)] INFO  o.eclipse.m2e.core.internal.Bundles - 	Entry: D:\Workspace_Giang\eclipse-jee-2024-09-R-win32-x86_64\eclipse\plugins\org.eclipse.m2e.maven.runtime_3.9.900.20240824-1409\jars\guice-5.1.0.jar
2024-11-25 20:37:34,917 [Worker-43: Launching hddt-SES (2)] INFO  o.eclipse.m2e.core.internal.Bundles - 	Entry: D:\Workspace_Giang\eclipse-jee-2024-09-R-win32-x86_64\eclipse\plugins\org.eclipse.m2e.maven.runtime_3.9.900.20240824-1409\jars\httpclient-4.5.14.jar
2024-11-25 20:37:34,917 [Worker-43: Launching hddt-SES (2)] INFO  o.eclipse.m2e.core.internal.Bundles - 	Entry: D:\Workspace_Giang\eclipse-jee-2024-09-R-win32-x86_64\eclipse\plugins\org.eclipse.m2e.maven.runtime_3.9.900.20240824-1409\jars\httpcore-4.4.16.jar
2024-11-25 20:37:34,917 [Worker-43: Launching hddt-SES (2)] INFO  o.eclipse.m2e.core.internal.Bundles - 	Entry: D:\Workspace_Giang\eclipse-jee-2024-09-R-win32-x86_64\eclipse\plugins\org.eclipse.m2e.maven.runtime_3.9.900.20240824-1409\jars\jansi-2.4.1.jar
2024-11-25 20:37:34,917 [Worker-43: Launching hddt-SES (2)] INFO  o.eclipse.m2e.core.internal.Bundles - 	Entry: D:\Workspace_Giang\eclipse-jee-2024-09-R-win32-x86_64\eclipse\plugins\org.eclipse.m2e.maven.runtime_3.9.900.20240824-1409\jars\jcl-over-slf4j-1.7.36.jar
2024-11-25 20:37:34,917 [Worker-43: Launching hddt-SES (2)] INFO  o.eclipse.m2e.core.internal.Bundles - 	Entry: D:\Workspace_Giang\eclipse-jee-2024-09-R-win32-x86_64\eclipse\plugins\org.eclipse.m2e.maven.runtime_3.9.900.20240824-1409\jars\maven-artifact-3.9.9.jar
2024-11-25 20:37:34,918 [Worker-43: Launching hddt-SES (2)] INFO  o.eclipse.m2e.core.internal.Bundles - 	Entry: D:\Workspace_Giang\eclipse-jee-2024-09-R-win32-x86_64\eclipse\plugins\org.eclipse.m2e.maven.runtime_3.9.900.20240824-1409\jars\maven-builder-support-3.9.9.jar
2024-11-25 20:37:34,918 [Worker-43: Launching hddt-SES (2)] INFO  o.eclipse.m2e.core.internal.Bundles - 	Entry: D:\Workspace_Giang\eclipse-jee-2024-09-R-win32-x86_64\eclipse\plugins\org.eclipse.m2e.maven.runtime_3.9.900.20240824-1409\jars\maven-compat-3.9.9.jar
2024-11-25 20:37:34,918 [Worker-43: Launching hddt-SES (2)] INFO  o.eclipse.m2e.core.internal.Bundles - 	Entry: D:\Workspace_Giang\eclipse-jee-2024-09-R-win32-x86_64\eclipse\plugins\org.eclipse.m2e.maven.runtime_3.9.900.20240824-1409\jars\maven-core-3.9.9.jar
2024-11-25 20:37:34,918 [Worker-43: Launching hddt-SES (2)] INFO  o.eclipse.m2e.core.internal.Bundles - 	Entry: D:\Workspace_Giang\eclipse-jee-2024-09-R-win32-x86_64\eclipse\plugins\org.eclipse.m2e.maven.runtime_3.9.900.20240824-1409\jars\maven-embedder-3.9.9.jar
2024-11-25 20:37:34,918 [Worker-43: Launching hddt-SES (2)] INFO  o.eclipse.m2e.core.internal.Bundles - 	Entry: D:\Workspace_Giang\eclipse-jee-2024-09-R-win32-x86_64\eclipse\plugins\org.eclipse.m2e.maven.runtime_3.9.900.20240824-1409\jars\maven-model-3.9.9.jar
2024-11-25 20:37:34,918 [Worker-43: Launching hddt-SES (2)] INFO  o.eclipse.m2e.core.internal.Bundles - 	Entry: D:\Workspace_Giang\eclipse-jee-2024-09-R-win32-x86_64\eclipse\plugins\org.eclipse.m2e.maven.runtime_3.9.900.20240824-1409\jars\maven-model-builder-3.9.9.jar
2024-11-25 20:37:34,918 [Worker-43: Launching hddt-SES (2)] INFO  o.eclipse.m2e.core.internal.Bundles - 	Entry: D:\Workspace_Giang\eclipse-jee-2024-09-R-win32-x86_64\eclipse\plugins\org.eclipse.m2e.maven.runtime_3.9.900.20240824-1409\jars\maven-plugin-api-3.9.9.jar
2024-11-25 20:37:34,918 [Worker-43: Launching hddt-SES (2)] INFO  o.eclipse.m2e.core.internal.Bundles - 	Entry: D:\Workspace_Giang\eclipse-jee-2024-09-R-win32-x86_64\eclipse\plugins\org.eclipse.m2e.maven.runtime_3.9.900.20240824-1409\jars\maven-repository-metadata-3.9.9.jar
2024-11-25 20:37:34,918 [Worker-43: Launching hddt-SES (2)] INFO  o.eclipse.m2e.core.internal.Bundles - 	Entry: D:\Workspace_Giang\eclipse-jee-2024-09-R-win32-x86_64\eclipse\plugins\org.eclipse.m2e.maven.runtime_3.9.900.20240824-1409\jars\maven-resolver-api-1.9.22.jar
2024-11-25 20:37:34,918 [Worker-43: Launching hddt-SES (2)] INFO  o.eclipse.m2e.core.internal.Bundles - 	Entry: D:\Workspace_Giang\eclipse-jee-2024-09-R-win32-x86_64\eclipse\plugins\org.eclipse.m2e.maven.runtime_3.9.900.20240824-1409\jars\maven-resolver-connector-basic-1.9.22.jar
2024-11-25 20:37:34,920 [Worker-43: Launching hddt-SES (2)] INFO  o.eclipse.m2e.core.internal.Bundles - 	Entry: D:\Workspace_Giang\eclipse-jee-2024-09-R-win32-x86_64\eclipse\plugins\org.eclipse.m2e.maven.runtime_3.9.900.20240824-1409\jars\maven-resolver-impl-1.9.22.jar
2024-11-25 20:37:34,920 [Worker-43: Launching hddt-SES (2)] INFO  o.eclipse.m2e.core.internal.Bundles - 	Entry: D:\Workspace_Giang\eclipse-jee-2024-09-R-win32-x86_64\eclipse\plugins\org.eclipse.m2e.maven.runtime_3.9.900.20240824-1409\jars\maven-resolver-named-locks-1.9.22.jar
2024-11-25 20:37:34,920 [Worker-43: Launching hddt-SES (2)] INFO  o.eclipse.m2e.core.internal.Bundles - 	Entry: D:\Workspace_Giang\eclipse-jee-2024-09-R-win32-x86_64\eclipse\plugins\org.eclipse.m2e.maven.runtime_3.9.900.20240824-1409\jars\maven-resolver-provider-3.9.9.jar
2024-11-25 20:37:34,920 [Worker-43: Launching hddt-SES (2)] INFO  o.eclipse.m2e.core.internal.Bundles - 	Entry: D:\Workspace_Giang\eclipse-jee-2024-09-R-win32-x86_64\eclipse\plugins\org.eclipse.m2e.maven.runtime_3.9.900.20240824-1409\jars\maven-resolver-spi-1.9.22.jar
2024-11-25 20:37:34,920 [Worker-43: Launching hddt-SES (2)] INFO  o.eclipse.m2e.core.internal.Bundles - 	Entry: D:\Workspace_Giang\eclipse-jee-2024-09-R-win32-x86_64\eclipse\plugins\org.eclipse.m2e.maven.runtime_3.9.900.20240824-1409\jars\maven-resolver-transport-file-1.9.22.jar
2024-11-25 20:37:34,920 [Worker-43: Launching hddt-SES (2)] INFO  o.eclipse.m2e.core.internal.Bundles - 	Entry: D:\Workspace_Giang\eclipse-jee-2024-09-R-win32-x86_64\eclipse\plugins\org.eclipse.m2e.maven.runtime_3.9.900.20240824-1409\jars\maven-resolver-transport-http-1.9.22.jar
2024-11-25 20:37:34,920 [Worker-43: Launching hddt-SES (2)] INFO  o.eclipse.m2e.core.internal.Bundles - 	Entry: D:\Workspace_Giang\eclipse-jee-2024-09-R-win32-x86_64\eclipse\plugins\org.eclipse.m2e.maven.runtime_3.9.900.20240824-1409\jars\maven-resolver-transport-wagon-1.9.22.jar
2024-11-25 20:37:34,920 [Worker-43: Launching hddt-SES (2)] INFO  o.eclipse.m2e.core.internal.Bundles - 	Entry: D:\Workspace_Giang\eclipse-jee-2024-09-R-win32-x86_64\eclipse\plugins\org.eclipse.m2e.maven.runtime_3.9.900.20240824-1409\jars\maven-resolver-util-1.9.22.jar
2024-11-25 20:37:34,920 [Worker-43: Launching hddt-SES (2)] INFO  o.eclipse.m2e.core.internal.Bundles - 	Entry: D:\Workspace_Giang\eclipse-jee-2024-09-R-win32-x86_64\eclipse\plugins\org.eclipse.m2e.maven.runtime_3.9.900.20240824-1409\jars\maven-settings-3.9.9.jar
2024-11-25 20:37:34,920 [Worker-43: Launching hddt-SES (2)] INFO  o.eclipse.m2e.core.internal.Bundles - 	Entry: D:\Workspace_Giang\eclipse-jee-2024-09-R-win32-x86_64\eclipse\plugins\org.eclipse.m2e.maven.runtime_3.9.900.20240824-1409\jars\maven-settings-builder-3.9.9.jar
2024-11-25 20:37:34,921 [Worker-43: Launching hddt-SES (2)] INFO  o.eclipse.m2e.core.internal.Bundles - 	Entry: D:\Workspace_Giang\eclipse-jee-2024-09-R-win32-x86_64\eclipse\plugins\org.eclipse.m2e.maven.runtime_3.9.900.20240824-1409\jars\maven-shared-utils-3.4.2.jar
2024-11-25 20:37:34,921 [Worker-43: Launching hddt-SES (2)] INFO  o.eclipse.m2e.core.internal.Bundles - 	Entry: D:\Workspace_Giang\eclipse-jee-2024-09-R-win32-x86_64\eclipse\plugins\org.eclipse.m2e.maven.runtime_3.9.900.20240824-1409\jars\org.eclipse.sisu.inject-0.9.0.M3.jar
2024-11-25 20:37:34,921 [Worker-43: Launching hddt-SES (2)] INFO  o.eclipse.m2e.core.internal.Bundles - 	Entry: D:\Workspace_Giang\eclipse-jee-2024-09-R-win32-x86_64\eclipse\plugins\org.eclipse.m2e.maven.runtime_3.9.900.20240824-1409\jars\org.eclipse.sisu.plexus-0.9.0.M3.jar
2024-11-25 20:37:34,921 [Worker-43: Launching hddt-SES (2)] INFO  o.eclipse.m2e.core.internal.Bundles - 	Entry: D:\Workspace_Giang\eclipse-jee-2024-09-R-win32-x86_64\eclipse\plugins\org.eclipse.m2e.maven.runtime_3.9.900.20240824-1409\jars\plexus-build-api-0.0.7.jar
2024-11-25 20:37:34,921 [Worker-43: Launching hddt-SES (2)] INFO  o.eclipse.m2e.core.internal.Bundles - 	Entry: D:\Workspace_Giang\eclipse-jee-2024-09-R-win32-x86_64\eclipse\plugins\org.eclipse.m2e.maven.runtime_3.9.900.20240824-1409\jars\plexus-build-api-1.2.0.jar
2024-11-25 20:37:34,921 [Worker-43: Launching hddt-SES (2)] INFO  o.eclipse.m2e.core.internal.Bundles - 	Entry: D:\Workspace_Giang\eclipse-jee-2024-09-R-win32-x86_64\eclipse\plugins\org.eclipse.m2e.maven.runtime_3.9.900.20240824-1409\jars\plexus-cipher-2.0.jar
2024-11-25 20:37:34,921 [Worker-43: Launching hddt-SES (2)] INFO  o.eclipse.m2e.core.internal.Bundles - 	Entry: D:\Workspace_Giang\eclipse-jee-2024-09-R-win32-x86_64\eclipse\plugins\org.eclipse.m2e.maven.runtime_3.9.900.20240824-1409\jars\plexus-classworlds-2.8.0.jar
2024-11-25 20:37:34,921 [Worker-43: Launching hddt-SES (2)] INFO  o.eclipse.m2e.core.internal.Bundles - 	Entry: D:\Workspace_Giang\eclipse-jee-2024-09-R-win32-x86_64\eclipse\plugins\org.eclipse.m2e.maven.runtime_3.9.900.20240824-1409\jars\plexus-component-annotations-2.1.0.jar
2024-11-25 20:37:34,921 [Worker-43: Launching hddt-SES (2)] INFO  o.eclipse.m2e.core.internal.Bundles - 	Entry: D:\Workspace_Giang\eclipse-jee-2024-09-R-win32-x86_64\eclipse\plugins\org.eclipse.m2e.maven.runtime_3.9.900.20240824-1409\jars\plexus-interpolation-1.27.jar
2024-11-25 20:37:34,921 [Worker-43: Launching hddt-SES (2)] INFO  o.eclipse.m2e.core.internal.Bundles - 	Entry: D:\Workspace_Giang\eclipse-jee-2024-09-R-win32-x86_64\eclipse\plugins\org.eclipse.m2e.maven.runtime_3.9.900.20240824-1409\jars\plexus-sec-dispatcher-2.0.jar
2024-11-25 20:37:34,921 [Worker-43: Launching hddt-SES (2)] INFO  o.eclipse.m2e.core.internal.Bundles - 	Entry: D:\Workspace_Giang\eclipse-jee-2024-09-R-win32-x86_64\eclipse\plugins\org.eclipse.m2e.maven.runtime_3.9.900.20240824-1409\jars\plexus-utils-3.5.1.jar
2024-11-25 20:37:34,921 [Worker-43: Launching hddt-SES (2)] INFO  o.eclipse.m2e.core.internal.Bundles - 	Entry: D:\Workspace_Giang\eclipse-jee-2024-09-R-win32-x86_64\eclipse\plugins\org.eclipse.m2e.maven.runtime_3.9.900.20240824-1409\jars\plexus-xml-3.0.1.jar
2024-11-25 20:37:34,922 [Worker-43: Launching hddt-SES (2)] INFO  o.eclipse.m2e.core.internal.Bundles - 	Entry: D:\Workspace_Giang\eclipse-jee-2024-09-R-win32-x86_64\eclipse\plugins\org.eclipse.m2e.maven.runtime_3.9.900.20240824-1409\jars\wagon-file-3.5.3.jar
2024-11-25 20:37:34,922 [Worker-43: Launching hddt-SES (2)] INFO  o.eclipse.m2e.core.internal.Bundles - 	Entry: D:\Workspace_Giang\eclipse-jee-2024-09-R-win32-x86_64\eclipse\plugins\org.eclipse.m2e.maven.runtime_3.9.900.20240824-1409\jars\wagon-http-3.5.3.jar
2024-11-25 20:37:34,922 [Worker-43: Launching hddt-SES (2)] INFO  o.eclipse.m2e.core.internal.Bundles - 	Entry: D:\Workspace_Giang\eclipse-jee-2024-09-R-win32-x86_64\eclipse\plugins\org.eclipse.m2e.maven.runtime_3.9.900.20240824-1409\jars\wagon-http-shared-3.5.3.jar
2024-11-25 20:37:34,922 [Worker-43: Launching hddt-SES (2)] INFO  o.eclipse.m2e.core.internal.Bundles - 	Entry: D:\Workspace_Giang\eclipse-jee-2024-09-R-win32-x86_64\eclipse\plugins\org.eclipse.m2e.maven.runtime_3.9.900.20240824-1409\jars\wagon-provider-api-3.5.3.jar
2024-11-25 20:37:34,922 [Worker-43: Launching hddt-SES (2)] INFO  o.eclipse.m2e.core.internal.Bundles - getClasspathEntries(Bundle=com.google.guava_33.3.0.jre [16])
2024-11-25 20:37:34,922 [Worker-43: Launching hddt-SES (2)] INFO  o.eclipse.m2e.core.internal.Bundles - 	Entry: D:\Workspace_Giang\eclipse-jee-2024-09-R-win32-x86_64\eclipse\plugins\com.google.guava_33.3.0.jre.jar
2024-11-25 20:37:34,922 [Worker-43: Launching hddt-SES (2)] INFO  o.eclipse.m2e.core.internal.Bundles - getClasspathEntries(Bundle=slf4j.api_2.0.16 [1008])
2024-11-25 20:37:34,923 [Worker-43: Launching hddt-SES (2)] INFO  o.eclipse.m2e.core.internal.Bundles - 	Entry: D:\Workspace_Giang\eclipse-jee-2024-09-R-win32-x86_64\eclipse\plugins\slf4j.api_2.0.16.jar
2024-11-25 20:37:34,923 [Worker-43: Launching hddt-SES (2)] INFO  o.eclipse.m2e.core.internal.Bundles - getClasspathEntries(Bundle=jakarta.inject.jakarta.inject-api_1.0.5 [34])
2024-11-25 20:37:34,923 [Worker-43: Launching hddt-SES (2)] INFO  o.eclipse.m2e.core.internal.Bundles - 	Entry: D:\Workspace_Giang\eclipse-jee-2024-09-R-win32-x86_64\eclipse\plugins\jakarta.inject.jakarta.inject-api_1.0.5.jar
2024-11-25 20:37:34,923 [Worker-43: Launching hddt-SES (2)] INFO  o.eclipse.m2e.core.internal.Bundles - getClasspathEntries(Bundle=jakarta.annotation-api_1.3.5 [29])
2024-11-25 20:37:34,923 [Worker-43: Launching hddt-SES (2)] INFO  o.eclipse.m2e.core.internal.Bundles - 	Entry: D:\Workspace_Giang\eclipse-jee-2024-09-R-win32-x86_64\eclipse\plugins\jakarta.annotation-api_1.3.5.jar
2024-11-25 20:37:34,923 [Worker-43: Launching hddt-SES (2)] INFO  o.eclipse.m2e.core.internal.Bundles - getClasspathEntries(Bundle=org.apache.commons.cli_1.9.0 [78])
2024-11-25 20:37:34,923 [Worker-43: Launching hddt-SES (2)] INFO  o.eclipse.m2e.core.internal.Bundles - 	Entry: D:\Workspace_Giang\eclipse-jee-2024-09-R-win32-x86_64\eclipse\plugins\org.apache.commons.cli_1.9.0.jar
2024-11-25 20:37:34,923 [Worker-43: Launching hddt-SES (2)] INFO  o.eclipse.m2e.core.internal.Bundles - getClasspathEntries(Bundle=org.apache.commons.commons-codec_1.16.0 [81])
2024-11-25 20:37:34,924 [Worker-43: Launching hddt-SES (2)] INFO  o.eclipse.m2e.core.internal.Bundles - 	Entry: D:\Workspace_Giang\eclipse-jee-2024-09-R-win32-x86_64\eclipse\plugins\org.apache.commons.commons-codec_1.16.0.jar
2024-11-25 20:37:34,924 [Worker-43: Launching hddt-SES (2)] INFO  o.eclipse.m2e.core.internal.Bundles - getClasspathEntries(Bundle=com.google.guava.failureaccess_1.0.2 [17])
2024-11-25 20:37:34,924 [Worker-43: Launching hddt-SES (2)] INFO  o.eclipse.m2e.core.internal.Bundles - 	Entry: D:\Workspace_Giang\eclipse-jee-2024-09-R-win32-x86_64\eclipse\plugins\com.google.guava.failureaccess_1.0.2.jar
2024-11-25 20:37:34,925 [Worker-43: Launching hddt-SES (2)] INFO  o.e.m.i.launch.MavenLaunchDelegate - Run build in "D:\WorkSpace Eclipse\ses inv 17.11.2024_ver2\hddt-SES":
2024-11-25 20:37:34,925 [Worker-43: Launching hddt-SES (2)] INFO  o.e.m.i.launch.MavenLaunchDelegate -  mvn  -B -Dstyle.color=always clean compile install package
2024-11-25 20:41:58,900 [Worker-44: Building] INFO  o.e.m.c.i.embedder.EclipseLogger - Using 'UTF-8' encoding to copy filtered resources.
2024-11-25 20:41:58,900 [Worker-44: Building] INFO  o.e.m.c.i.embedder.EclipseLogger - Using 'UTF-8' encoding to copy filtered properties files.
2024-11-25 20:41:58,901 [Worker-44: Building] INFO  o.e.m.c.i.embedder.EclipseLogger - Copying 1 resource
2024-11-25 20:41:58,904 [Worker-44: Building] INFO  o.e.m.c.i.embedder.EclipseLogger - Copying 3 resources
2024-11-25 20:41:58,912 [Worker-44: Building] INFO  o.e.m.c.i.embedder.EclipseLogger - Using 'UTF-8' encoding to copy filtered resources.
2024-11-25 20:41:58,912 [Worker-44: Building] INFO  o.e.m.c.i.embedder.EclipseLogger - Using 'UTF-8' encoding to copy filtered properties files.
2024-11-25 20:41:58,912 [Worker-44: Building] INFO  o.e.m.c.i.embedder.EclipseLogger - Copying 0 resource
2024-11-25 20:42:15,603 [main] INFO  o.e.m2e.actions.ExecutePomAction - Creating new launch configuration
2024-11-25 20:42:27,827 [Worker-45: Launching hddt SES-api (1)] INFO  o.eclipse.m2e.core.internal.Bundles - getClasspathEntries(Bundle=org.eclipse.m2e.maven.runtime_3.9.900.20240824-1409 [643])
2024-11-25 20:42:27,828 [Worker-45: Launching hddt SES-api (1)] INFO  o.eclipse.m2e.core.internal.Bundles - 	Entry: D:\Workspace_Giang\eclipse-jee-2024-09-R-win32-x86_64\eclipse\plugins\org.eclipse.m2e.maven.runtime_3.9.900.20240824-1409
2024-11-25 20:42:27,829 [Worker-45: Launching hddt SES-api (1)] INFO  o.eclipse.m2e.core.internal.Bundles - 	Entry: D:\Workspace_Giang\eclipse-jee-2024-09-R-win32-x86_64\eclipse\plugins\org.eclipse.m2e.maven.runtime_3.9.900.20240824-1409\jars\aopalliance-1.0.jar
2024-11-25 20:42:27,829 [Worker-45: Launching hddt SES-api (1)] INFO  o.eclipse.m2e.core.internal.Bundles - 	Entry: D:\Workspace_Giang\eclipse-jee-2024-09-R-win32-x86_64\eclipse\plugins\org.eclipse.m2e.maven.runtime_3.9.900.20240824-1409\jars\guice-5.1.0.jar
2024-11-25 20:42:27,829 [Worker-45: Launching hddt SES-api (1)] INFO  o.eclipse.m2e.core.internal.Bundles - 	Entry: D:\Workspace_Giang\eclipse-jee-2024-09-R-win32-x86_64\eclipse\plugins\org.eclipse.m2e.maven.runtime_3.9.900.20240824-1409\jars\httpclient-4.5.14.jar
2024-11-25 20:42:27,829 [Worker-45: Launching hddt SES-api (1)] INFO  o.eclipse.m2e.core.internal.Bundles - 	Entry: D:\Workspace_Giang\eclipse-jee-2024-09-R-win32-x86_64\eclipse\plugins\org.eclipse.m2e.maven.runtime_3.9.900.20240824-1409\jars\httpcore-4.4.16.jar
2024-11-25 20:42:27,829 [Worker-45: Launching hddt SES-api (1)] INFO  o.eclipse.m2e.core.internal.Bundles - 	Entry: D:\Workspace_Giang\eclipse-jee-2024-09-R-win32-x86_64\eclipse\plugins\org.eclipse.m2e.maven.runtime_3.9.900.20240824-1409\jars\jansi-2.4.1.jar
2024-11-25 20:42:27,829 [Worker-45: Launching hddt SES-api (1)] INFO  o.eclipse.m2e.core.internal.Bundles - 	Entry: D:\Workspace_Giang\eclipse-jee-2024-09-R-win32-x86_64\eclipse\plugins\org.eclipse.m2e.maven.runtime_3.9.900.20240824-1409\jars\jcl-over-slf4j-1.7.36.jar
2024-11-25 20:42:27,829 [Worker-45: Launching hddt SES-api (1)] INFO  o.eclipse.m2e.core.internal.Bundles - 	Entry: D:\Workspace_Giang\eclipse-jee-2024-09-R-win32-x86_64\eclipse\plugins\org.eclipse.m2e.maven.runtime_3.9.900.20240824-1409\jars\maven-artifact-3.9.9.jar
2024-11-25 20:42:27,829 [Worker-45: Launching hddt SES-api (1)] INFO  o.eclipse.m2e.core.internal.Bundles - 	Entry: D:\Workspace_Giang\eclipse-jee-2024-09-R-win32-x86_64\eclipse\plugins\org.eclipse.m2e.maven.runtime_3.9.900.20240824-1409\jars\maven-builder-support-3.9.9.jar
2024-11-25 20:42:27,829 [Worker-45: Launching hddt SES-api (1)] INFO  o.eclipse.m2e.core.internal.Bundles - 	Entry: D:\Workspace_Giang\eclipse-jee-2024-09-R-win32-x86_64\eclipse\plugins\org.eclipse.m2e.maven.runtime_3.9.900.20240824-1409\jars\maven-compat-3.9.9.jar
2024-11-25 20:42:27,830 [Worker-45: Launching hddt SES-api (1)] INFO  o.eclipse.m2e.core.internal.Bundles - 	Entry: D:\Workspace_Giang\eclipse-jee-2024-09-R-win32-x86_64\eclipse\plugins\org.eclipse.m2e.maven.runtime_3.9.900.20240824-1409\jars\maven-core-3.9.9.jar
2024-11-25 20:42:27,830 [Worker-45: Launching hddt SES-api (1)] INFO  o.eclipse.m2e.core.internal.Bundles - 	Entry: D:\Workspace_Giang\eclipse-jee-2024-09-R-win32-x86_64\eclipse\plugins\org.eclipse.m2e.maven.runtime_3.9.900.20240824-1409\jars\maven-embedder-3.9.9.jar
2024-11-25 20:42:27,830 [Worker-45: Launching hddt SES-api (1)] INFO  o.eclipse.m2e.core.internal.Bundles - 	Entry: D:\Workspace_Giang\eclipse-jee-2024-09-R-win32-x86_64\eclipse\plugins\org.eclipse.m2e.maven.runtime_3.9.900.20240824-1409\jars\maven-model-3.9.9.jar
2024-11-25 20:42:27,830 [Worker-45: Launching hddt SES-api (1)] INFO  o.eclipse.m2e.core.internal.Bundles - 	Entry: D:\Workspace_Giang\eclipse-jee-2024-09-R-win32-x86_64\eclipse\plugins\org.eclipse.m2e.maven.runtime_3.9.900.20240824-1409\jars\maven-model-builder-3.9.9.jar
2024-11-25 20:42:27,830 [Worker-45: Launching hddt SES-api (1)] INFO  o.eclipse.m2e.core.internal.Bundles - 	Entry: D:\Workspace_Giang\eclipse-jee-2024-09-R-win32-x86_64\eclipse\plugins\org.eclipse.m2e.maven.runtime_3.9.900.20240824-1409\jars\maven-plugin-api-3.9.9.jar
2024-11-25 20:42:27,830 [Worker-45: Launching hddt SES-api (1)] INFO  o.eclipse.m2e.core.internal.Bundles - 	Entry: D:\Workspace_Giang\eclipse-jee-2024-09-R-win32-x86_64\eclipse\plugins\org.eclipse.m2e.maven.runtime_3.9.900.20240824-1409\jars\maven-repository-metadata-3.9.9.jar
2024-11-25 20:42:27,830 [Worker-45: Launching hddt SES-api (1)] INFO  o.eclipse.m2e.core.internal.Bundles - 	Entry: D:\Workspace_Giang\eclipse-jee-2024-09-R-win32-x86_64\eclipse\plugins\org.eclipse.m2e.maven.runtime_3.9.900.20240824-1409\jars\maven-resolver-api-1.9.22.jar
2024-11-25 20:42:27,831 [Worker-45: Launching hddt SES-api (1)] INFO  o.eclipse.m2e.core.internal.Bundles - 	Entry: D:\Workspace_Giang\eclipse-jee-2024-09-R-win32-x86_64\eclipse\plugins\org.eclipse.m2e.maven.runtime_3.9.900.20240824-1409\jars\maven-resolver-connector-basic-1.9.22.jar
2024-11-25 20:42:27,831 [Worker-45: Launching hddt SES-api (1)] INFO  o.eclipse.m2e.core.internal.Bundles - 	Entry: D:\Workspace_Giang\eclipse-jee-2024-09-R-win32-x86_64\eclipse\plugins\org.eclipse.m2e.maven.runtime_3.9.900.20240824-1409\jars\maven-resolver-impl-1.9.22.jar
2024-11-25 20:42:27,831 [Worker-45: Launching hddt SES-api (1)] INFO  o.eclipse.m2e.core.internal.Bundles - 	Entry: D:\Workspace_Giang\eclipse-jee-2024-09-R-win32-x86_64\eclipse\plugins\org.eclipse.m2e.maven.runtime_3.9.900.20240824-1409\jars\maven-resolver-named-locks-1.9.22.jar
2024-11-25 20:42:27,831 [Worker-45: Launching hddt SES-api (1)] INFO  o.eclipse.m2e.core.internal.Bundles - 	Entry: D:\Workspace_Giang\eclipse-jee-2024-09-R-win32-x86_64\eclipse\plugins\org.eclipse.m2e.maven.runtime_3.9.900.20240824-1409\jars\maven-resolver-provider-3.9.9.jar
2024-11-25 20:42:27,831 [Worker-45: Launching hddt SES-api (1)] INFO  o.eclipse.m2e.core.internal.Bundles - 	Entry: D:\Workspace_Giang\eclipse-jee-2024-09-R-win32-x86_64\eclipse\plugins\org.eclipse.m2e.maven.runtime_3.9.900.20240824-1409\jars\maven-resolver-spi-1.9.22.jar
2024-11-25 20:42:27,831 [Worker-45: Launching hddt SES-api (1)] INFO  o.eclipse.m2e.core.internal.Bundles - 	Entry: D:\Workspace_Giang\eclipse-jee-2024-09-R-win32-x86_64\eclipse\plugins\org.eclipse.m2e.maven.runtime_3.9.900.20240824-1409\jars\maven-resolver-transport-file-1.9.22.jar
2024-11-25 20:42:27,831 [Worker-45: Launching hddt SES-api (1)] INFO  o.eclipse.m2e.core.internal.Bundles - 	Entry: D:\Workspace_Giang\eclipse-jee-2024-09-R-win32-x86_64\eclipse\plugins\org.eclipse.m2e.maven.runtime_3.9.900.20240824-1409\jars\maven-resolver-transport-http-1.9.22.jar
2024-11-25 20:42:27,831 [Worker-45: Launching hddt SES-api (1)] INFO  o.eclipse.m2e.core.internal.Bundles - 	Entry: D:\Workspace_Giang\eclipse-jee-2024-09-R-win32-x86_64\eclipse\plugins\org.eclipse.m2e.maven.runtime_3.9.900.20240824-1409\jars\maven-resolver-transport-wagon-1.9.22.jar
2024-11-25 20:42:27,831 [Worker-45: Launching hddt SES-api (1)] INFO  o.eclipse.m2e.core.internal.Bundles - 	Entry: D:\Workspace_Giang\eclipse-jee-2024-09-R-win32-x86_64\eclipse\plugins\org.eclipse.m2e.maven.runtime_3.9.900.20240824-1409\jars\maven-resolver-util-1.9.22.jar
2024-11-25 20:42:27,831 [Worker-45: Launching hddt SES-api (1)] INFO  o.eclipse.m2e.core.internal.Bundles - 	Entry: D:\Workspace_Giang\eclipse-jee-2024-09-R-win32-x86_64\eclipse\plugins\org.eclipse.m2e.maven.runtime_3.9.900.20240824-1409\jars\maven-settings-3.9.9.jar
2024-11-25 20:42:27,831 [Worker-45: Launching hddt SES-api (1)] INFO  o.eclipse.m2e.core.internal.Bundles - 	Entry: D:\Workspace_Giang\eclipse-jee-2024-09-R-win32-x86_64\eclipse\plugins\org.eclipse.m2e.maven.runtime_3.9.900.20240824-1409\jars\maven-settings-builder-3.9.9.jar
2024-11-25 20:42:27,832 [Worker-45: Launching hddt SES-api (1)] INFO  o.eclipse.m2e.core.internal.Bundles - 	Entry: D:\Workspace_Giang\eclipse-jee-2024-09-R-win32-x86_64\eclipse\plugins\org.eclipse.m2e.maven.runtime_3.9.900.20240824-1409\jars\maven-shared-utils-3.4.2.jar
2024-11-25 20:42:27,832 [Worker-45: Launching hddt SES-api (1)] INFO  o.eclipse.m2e.core.internal.Bundles - 	Entry: D:\Workspace_Giang\eclipse-jee-2024-09-R-win32-x86_64\eclipse\plugins\org.eclipse.m2e.maven.runtime_3.9.900.20240824-1409\jars\org.eclipse.sisu.inject-0.9.0.M3.jar
2024-11-25 20:42:27,832 [Worker-45: Launching hddt SES-api (1)] INFO  o.eclipse.m2e.core.internal.Bundles - 	Entry: D:\Workspace_Giang\eclipse-jee-2024-09-R-win32-x86_64\eclipse\plugins\org.eclipse.m2e.maven.runtime_3.9.900.20240824-1409\jars\org.eclipse.sisu.plexus-0.9.0.M3.jar
2024-11-25 20:42:27,832 [Worker-45: Launching hddt SES-api (1)] INFO  o.eclipse.m2e.core.internal.Bundles - 	Entry: D:\Workspace_Giang\eclipse-jee-2024-09-R-win32-x86_64\eclipse\plugins\org.eclipse.m2e.maven.runtime_3.9.900.20240824-1409\jars\plexus-build-api-0.0.7.jar
2024-11-25 20:42:27,832 [Worker-45: Launching hddt SES-api (1)] INFO  o.eclipse.m2e.core.internal.Bundles - 	Entry: D:\Workspace_Giang\eclipse-jee-2024-09-R-win32-x86_64\eclipse\plugins\org.eclipse.m2e.maven.runtime_3.9.900.20240824-1409\jars\plexus-build-api-1.2.0.jar
2024-11-25 20:42:27,832 [Worker-45: Launching hddt SES-api (1)] INFO  o.eclipse.m2e.core.internal.Bundles - 	Entry: D:\Workspace_Giang\eclipse-jee-2024-09-R-win32-x86_64\eclipse\plugins\org.eclipse.m2e.maven.runtime_3.9.900.20240824-1409\jars\plexus-cipher-2.0.jar
2024-11-25 20:42:27,832 [Worker-45: Launching hddt SES-api (1)] INFO  o.eclipse.m2e.core.internal.Bundles - 	Entry: D:\Workspace_Giang\eclipse-jee-2024-09-R-win32-x86_64\eclipse\plugins\org.eclipse.m2e.maven.runtime_3.9.900.20240824-1409\jars\plexus-classworlds-2.8.0.jar
2024-11-25 20:42:27,832 [Worker-45: Launching hddt SES-api (1)] INFO  o.eclipse.m2e.core.internal.Bundles - 	Entry: D:\Workspace_Giang\eclipse-jee-2024-09-R-win32-x86_64\eclipse\plugins\org.eclipse.m2e.maven.runtime_3.9.900.20240824-1409\jars\plexus-component-annotations-2.1.0.jar
2024-11-25 20:42:27,832 [Worker-45: Launching hddt SES-api (1)] INFO  o.eclipse.m2e.core.internal.Bundles - 	Entry: D:\Workspace_Giang\eclipse-jee-2024-09-R-win32-x86_64\eclipse\plugins\org.eclipse.m2e.maven.runtime_3.9.900.20240824-1409\jars\plexus-interpolation-1.27.jar
2024-11-25 20:42:27,832 [Worker-45: Launching hddt SES-api (1)] INFO  o.eclipse.m2e.core.internal.Bundles - 	Entry: D:\Workspace_Giang\eclipse-jee-2024-09-R-win32-x86_64\eclipse\plugins\org.eclipse.m2e.maven.runtime_3.9.900.20240824-1409\jars\plexus-sec-dispatcher-2.0.jar
2024-11-25 20:42:27,833 [Worker-45: Launching hddt SES-api (1)] INFO  o.eclipse.m2e.core.internal.Bundles - 	Entry: D:\Workspace_Giang\eclipse-jee-2024-09-R-win32-x86_64\eclipse\plugins\org.eclipse.m2e.maven.runtime_3.9.900.20240824-1409\jars\plexus-utils-3.5.1.jar
2024-11-25 20:42:27,833 [Worker-45: Launching hddt SES-api (1)] INFO  o.eclipse.m2e.core.internal.Bundles - 	Entry: D:\Workspace_Giang\eclipse-jee-2024-09-R-win32-x86_64\eclipse\plugins\org.eclipse.m2e.maven.runtime_3.9.900.20240824-1409\jars\plexus-xml-3.0.1.jar
2024-11-25 20:42:27,833 [Worker-45: Launching hddt SES-api (1)] INFO  o.eclipse.m2e.core.internal.Bundles - 	Entry: D:\Workspace_Giang\eclipse-jee-2024-09-R-win32-x86_64\eclipse\plugins\org.eclipse.m2e.maven.runtime_3.9.900.20240824-1409\jars\wagon-file-3.5.3.jar
2024-11-25 20:42:27,833 [Worker-45: Launching hddt SES-api (1)] INFO  o.eclipse.m2e.core.internal.Bundles - 	Entry: D:\Workspace_Giang\eclipse-jee-2024-09-R-win32-x86_64\eclipse\plugins\org.eclipse.m2e.maven.runtime_3.9.900.20240824-1409\jars\wagon-http-3.5.3.jar
2024-11-25 20:42:27,833 [Worker-45: Launching hddt SES-api (1)] INFO  o.eclipse.m2e.core.internal.Bundles - 	Entry: D:\Workspace_Giang\eclipse-jee-2024-09-R-win32-x86_64\eclipse\plugins\org.eclipse.m2e.maven.runtime_3.9.900.20240824-1409\jars\wagon-http-shared-3.5.3.jar
2024-11-25 20:42:27,833 [Worker-45: Launching hddt SES-api (1)] INFO  o.eclipse.m2e.core.internal.Bundles - 	Entry: D:\Workspace_Giang\eclipse-jee-2024-09-R-win32-x86_64\eclipse\plugins\org.eclipse.m2e.maven.runtime_3.9.900.20240824-1409\jars\wagon-provider-api-3.5.3.jar
2024-11-25 20:42:27,834 [Worker-45: Launching hddt SES-api (1)] INFO  o.eclipse.m2e.core.internal.Bundles - getClasspathEntries(Bundle=com.google.guava_33.3.0.jre [16])
2024-11-25 20:42:27,834 [Worker-45: Launching hddt SES-api (1)] INFO  o.eclipse.m2e.core.internal.Bundles - 	Entry: D:\Workspace_Giang\eclipse-jee-2024-09-R-win32-x86_64\eclipse\plugins\com.google.guava_33.3.0.jre.jar
2024-11-25 20:42:27,834 [Worker-45: Launching hddt SES-api (1)] INFO  o.eclipse.m2e.core.internal.Bundles - getClasspathEntries(Bundle=slf4j.api_2.0.16 [1008])
2024-11-25 20:42:27,834 [Worker-45: Launching hddt SES-api (1)] INFO  o.eclipse.m2e.core.internal.Bundles - 	Entry: D:\Workspace_Giang\eclipse-jee-2024-09-R-win32-x86_64\eclipse\plugins\slf4j.api_2.0.16.jar
2024-11-25 20:42:27,836 [Worker-45: Launching hddt SES-api (1)] INFO  o.eclipse.m2e.core.internal.Bundles - getClasspathEntries(Bundle=jakarta.inject.jakarta.inject-api_1.0.5 [34])
2024-11-25 20:42:27,836 [Worker-45: Launching hddt SES-api (1)] INFO  o.eclipse.m2e.core.internal.Bundles - 	Entry: D:\Workspace_Giang\eclipse-jee-2024-09-R-win32-x86_64\eclipse\plugins\jakarta.inject.jakarta.inject-api_1.0.5.jar
2024-11-25 20:42:27,836 [Worker-45: Launching hddt SES-api (1)] INFO  o.eclipse.m2e.core.internal.Bundles - getClasspathEntries(Bundle=jakarta.annotation-api_1.3.5 [29])
2024-11-25 20:42:27,836 [Worker-45: Launching hddt SES-api (1)] INFO  o.eclipse.m2e.core.internal.Bundles - 	Entry: D:\Workspace_Giang\eclipse-jee-2024-09-R-win32-x86_64\eclipse\plugins\jakarta.annotation-api_1.3.5.jar
2024-11-25 20:42:27,836 [Worker-45: Launching hddt SES-api (1)] INFO  o.eclipse.m2e.core.internal.Bundles - getClasspathEntries(Bundle=org.apache.commons.cli_1.9.0 [78])
2024-11-25 20:42:27,836 [Worker-45: Launching hddt SES-api (1)] INFO  o.eclipse.m2e.core.internal.Bundles - 	Entry: D:\Workspace_Giang\eclipse-jee-2024-09-R-win32-x86_64\eclipse\plugins\org.apache.commons.cli_1.9.0.jar
2024-11-25 20:42:27,836 [Worker-45: Launching hddt SES-api (1)] INFO  o.eclipse.m2e.core.internal.Bundles - getClasspathEntries(Bundle=org.apache.commons.commons-codec_1.16.0 [81])
2024-11-25 20:42:27,836 [Worker-45: Launching hddt SES-api (1)] INFO  o.eclipse.m2e.core.internal.Bundles - 	Entry: D:\Workspace_Giang\eclipse-jee-2024-09-R-win32-x86_64\eclipse\plugins\org.apache.commons.commons-codec_1.16.0.jar
2024-11-25 20:42:27,836 [Worker-45: Launching hddt SES-api (1)] INFO  o.eclipse.m2e.core.internal.Bundles - getClasspathEntries(Bundle=com.google.guava.failureaccess_1.0.2 [17])
2024-11-25 20:42:27,836 [Worker-45: Launching hddt SES-api (1)] INFO  o.eclipse.m2e.core.internal.Bundles - 	Entry: D:\Workspace_Giang\eclipse-jee-2024-09-R-win32-x86_64\eclipse\plugins\com.google.guava.failureaccess_1.0.2.jar
2024-11-25 20:42:27,838 [Worker-45: Launching hddt SES-api (1)] INFO  o.e.m.i.launch.MavenLaunchDelegate - Run build in "D:\WorkSpace Eclipse\ses inv 17.11.2024_ver2\hddt SES-api":
2024-11-25 20:42:27,838 [Worker-45: Launching hddt SES-api (1)] INFO  o.e.m.i.launch.MavenLaunchDelegate -  mvn  -B -Dstyle.color=always clean compile install package
2024-11-25 20:51:19,219 [Worker-44: Building] INFO  o.e.m.c.i.embedder.EclipseLogger - Using 'UTF-8' encoding to copy filtered resources.
2024-11-25 20:51:19,219 [Worker-44: Building] INFO  o.e.m.c.i.embedder.EclipseLogger - Using 'UTF-8' encoding to copy filtered properties files.
2024-11-25 20:51:19,222 [Worker-44: Building] INFO  o.e.m.c.i.embedder.EclipseLogger - Copying 1 resource
2024-11-25 20:51:19,228 [Worker-44: Building] INFO  o.e.m.c.i.embedder.EclipseLogger - Copying 3 resources
2024-11-25 20:51:19,232 [Worker-44: Building] INFO  o.e.m.c.i.embedder.EclipseLogger - Using 'UTF-8' encoding to copy filtered resources.
2024-11-25 20:51:19,232 [Worker-44: Building] INFO  o.e.m.c.i.embedder.EclipseLogger - Using 'UTF-8' encoding to copy filtered properties files.
2024-11-25 20:51:19,233 [Worker-44: Building] INFO  o.e.m.c.i.embedder.EclipseLogger - Copying 0 resource
2024-11-25 21:10:00,253 [Worker-4: Loading available Gradle versions] INFO  o.e.b.c.i.u.g.PublishedGradleVersions - Gradle version information cache is up-to-date. Trying to read.
2024-11-25 21:10:46,311 [Worker-33: Building] INFO  o.e.m.c.i.embedder.EclipseLogger - Using 'UTF-8' encoding to copy filtered resources.
2024-11-25 21:10:46,312 [Worker-33: Building] INFO  o.e.m.c.i.embedder.EclipseLogger - Using 'UTF-8' encoding to copy filtered properties files.
2024-11-25 21:10:46,315 [Worker-33: Building] INFO  o.e.m.c.i.embedder.EclipseLogger - Copying 1 resource
2024-11-25 21:10:46,334 [Worker-33: Building] INFO  o.e.m.c.i.embedder.EclipseLogger - Copying 2 resources
2024-11-25 21:10:46,343 [Worker-33: Building] INFO  o.e.m.c.i.embedder.EclipseLogger - Using 'UTF-8' encoding to copy filtered resources.
2024-11-25 21:10:46,343 [Worker-33: Building] INFO  o.e.m.c.i.embedder.EclipseLogger - Using 'UTF-8' encoding to copy filtered properties files.
2024-11-25 21:10:46,343 [Worker-33: Building] INFO  o.e.m.c.i.embedder.EclipseLogger - Copying 0 resource
2024-11-25 21:10:55,696 [main] INFO  o.e.m2e.actions.ExecutePomAction - Creating new launch configuration
2024-11-25 21:11:03,759 [Worker-22: Launching hddt SES-pdf] INFO  o.eclipse.m2e.core.internal.Bundles - getClasspathEntries(Bundle=org.eclipse.m2e.maven.runtime_3.9.900.20240824-1409 [643])
2024-11-25 21:11:03,761 [Worker-22: Launching hddt SES-pdf] INFO  o.eclipse.m2e.core.internal.Bundles - 	Entry: D:\Workspace_Giang\eclipse-jee-2024-09-R-win32-x86_64\eclipse\plugins\org.eclipse.m2e.maven.runtime_3.9.900.20240824-1409
2024-11-25 21:11:03,762 [Worker-22: Launching hddt SES-pdf] INFO  o.eclipse.m2e.core.internal.Bundles - 	Entry: D:\Workspace_Giang\eclipse-jee-2024-09-R-win32-x86_64\eclipse\plugins\org.eclipse.m2e.maven.runtime_3.9.900.20240824-1409\jars\aopalliance-1.0.jar
2024-11-25 21:11:03,762 [Worker-22: Launching hddt SES-pdf] INFO  o.eclipse.m2e.core.internal.Bundles - 	Entry: D:\Workspace_Giang\eclipse-jee-2024-09-R-win32-x86_64\eclipse\plugins\org.eclipse.m2e.maven.runtime_3.9.900.20240824-1409\jars\guice-5.1.0.jar
2024-11-25 21:11:03,762 [Worker-22: Launching hddt SES-pdf] INFO  o.eclipse.m2e.core.internal.Bundles - 	Entry: D:\Workspace_Giang\eclipse-jee-2024-09-R-win32-x86_64\eclipse\plugins\org.eclipse.m2e.maven.runtime_3.9.900.20240824-1409\jars\httpclient-4.5.14.jar
2024-11-25 21:11:03,762 [Worker-22: Launching hddt SES-pdf] INFO  o.eclipse.m2e.core.internal.Bundles - 	Entry: D:\Workspace_Giang\eclipse-jee-2024-09-R-win32-x86_64\eclipse\plugins\org.eclipse.m2e.maven.runtime_3.9.900.20240824-1409\jars\httpcore-4.4.16.jar
2024-11-25 21:11:03,762 [Worker-22: Launching hddt SES-pdf] INFO  o.eclipse.m2e.core.internal.Bundles - 	Entry: D:\Workspace_Giang\eclipse-jee-2024-09-R-win32-x86_64\eclipse\plugins\org.eclipse.m2e.maven.runtime_3.9.900.20240824-1409\jars\jansi-2.4.1.jar
2024-11-25 21:11:03,762 [Worker-22: Launching hddt SES-pdf] INFO  o.eclipse.m2e.core.internal.Bundles - 	Entry: D:\Workspace_Giang\eclipse-jee-2024-09-R-win32-x86_64\eclipse\plugins\org.eclipse.m2e.maven.runtime_3.9.900.20240824-1409\jars\jcl-over-slf4j-1.7.36.jar
2024-11-25 21:11:03,762 [Worker-22: Launching hddt SES-pdf] INFO  o.eclipse.m2e.core.internal.Bundles - 	Entry: D:\Workspace_Giang\eclipse-jee-2024-09-R-win32-x86_64\eclipse\plugins\org.eclipse.m2e.maven.runtime_3.9.900.20240824-1409\jars\maven-artifact-3.9.9.jar
2024-11-25 21:11:03,763 [Worker-22: Launching hddt SES-pdf] INFO  o.eclipse.m2e.core.internal.Bundles - 	Entry: D:\Workspace_Giang\eclipse-jee-2024-09-R-win32-x86_64\eclipse\plugins\org.eclipse.m2e.maven.runtime_3.9.900.20240824-1409\jars\maven-builder-support-3.9.9.jar
2024-11-25 21:11:03,763 [Worker-22: Launching hddt SES-pdf] INFO  o.eclipse.m2e.core.internal.Bundles - 	Entry: D:\Workspace_Giang\eclipse-jee-2024-09-R-win32-x86_64\eclipse\plugins\org.eclipse.m2e.maven.runtime_3.9.900.20240824-1409\jars\maven-compat-3.9.9.jar
2024-11-25 21:11:03,763 [Worker-22: Launching hddt SES-pdf] INFO  o.eclipse.m2e.core.internal.Bundles - 	Entry: D:\Workspace_Giang\eclipse-jee-2024-09-R-win32-x86_64\eclipse\plugins\org.eclipse.m2e.maven.runtime_3.9.900.20240824-1409\jars\maven-core-3.9.9.jar
2024-11-25 21:11:03,763 [Worker-22: Launching hddt SES-pdf] INFO  o.eclipse.m2e.core.internal.Bundles - 	Entry: D:\Workspace_Giang\eclipse-jee-2024-09-R-win32-x86_64\eclipse\plugins\org.eclipse.m2e.maven.runtime_3.9.900.20240824-1409\jars\maven-embedder-3.9.9.jar
2024-11-25 21:11:03,763 [Worker-22: Launching hddt SES-pdf] INFO  o.eclipse.m2e.core.internal.Bundles - 	Entry: D:\Workspace_Giang\eclipse-jee-2024-09-R-win32-x86_64\eclipse\plugins\org.eclipse.m2e.maven.runtime_3.9.900.20240824-1409\jars\maven-model-3.9.9.jar
2024-11-25 21:11:03,763 [Worker-22: Launching hddt SES-pdf] INFO  o.eclipse.m2e.core.internal.Bundles - 	Entry: D:\Workspace_Giang\eclipse-jee-2024-09-R-win32-x86_64\eclipse\plugins\org.eclipse.m2e.maven.runtime_3.9.900.20240824-1409\jars\maven-model-builder-3.9.9.jar
2024-11-25 21:11:03,763 [Worker-22: Launching hddt SES-pdf] INFO  o.eclipse.m2e.core.internal.Bundles - 	Entry: D:\Workspace_Giang\eclipse-jee-2024-09-R-win32-x86_64\eclipse\plugins\org.eclipse.m2e.maven.runtime_3.9.900.20240824-1409\jars\maven-plugin-api-3.9.9.jar
2024-11-25 21:11:03,763 [Worker-22: Launching hddt SES-pdf] INFO  o.eclipse.m2e.core.internal.Bundles - 	Entry: D:\Workspace_Giang\eclipse-jee-2024-09-R-win32-x86_64\eclipse\plugins\org.eclipse.m2e.maven.runtime_3.9.900.20240824-1409\jars\maven-repository-metadata-3.9.9.jar
2024-11-25 21:11:03,763 [Worker-22: Launching hddt SES-pdf] INFO  o.eclipse.m2e.core.internal.Bundles - 	Entry: D:\Workspace_Giang\eclipse-jee-2024-09-R-win32-x86_64\eclipse\plugins\org.eclipse.m2e.maven.runtime_3.9.900.20240824-1409\jars\maven-resolver-api-1.9.22.jar
2024-11-25 21:11:03,763 [Worker-22: Launching hddt SES-pdf] INFO  o.eclipse.m2e.core.internal.Bundles - 	Entry: D:\Workspace_Giang\eclipse-jee-2024-09-R-win32-x86_64\eclipse\plugins\org.eclipse.m2e.maven.runtime_3.9.900.20240824-1409\jars\maven-resolver-connector-basic-1.9.22.jar
2024-11-25 21:11:03,764 [Worker-22: Launching hddt SES-pdf] INFO  o.eclipse.m2e.core.internal.Bundles - 	Entry: D:\Workspace_Giang\eclipse-jee-2024-09-R-win32-x86_64\eclipse\plugins\org.eclipse.m2e.maven.runtime_3.9.900.20240824-1409\jars\maven-resolver-impl-1.9.22.jar
2024-11-25 21:11:03,764 [Worker-22: Launching hddt SES-pdf] INFO  o.eclipse.m2e.core.internal.Bundles - 	Entry: D:\Workspace_Giang\eclipse-jee-2024-09-R-win32-x86_64\eclipse\plugins\org.eclipse.m2e.maven.runtime_3.9.900.20240824-1409\jars\maven-resolver-named-locks-1.9.22.jar
2024-11-25 21:11:03,764 [Worker-22: Launching hddt SES-pdf] INFO  o.eclipse.m2e.core.internal.Bundles - 	Entry: D:\Workspace_Giang\eclipse-jee-2024-09-R-win32-x86_64\eclipse\plugins\org.eclipse.m2e.maven.runtime_3.9.900.20240824-1409\jars\maven-resolver-provider-3.9.9.jar
2024-11-25 21:11:03,764 [Worker-22: Launching hddt SES-pdf] INFO  o.eclipse.m2e.core.internal.Bundles - 	Entry: D:\Workspace_Giang\eclipse-jee-2024-09-R-win32-x86_64\eclipse\plugins\org.eclipse.m2e.maven.runtime_3.9.900.20240824-1409\jars\maven-resolver-spi-1.9.22.jar
2024-11-25 21:11:03,764 [Worker-22: Launching hddt SES-pdf] INFO  o.eclipse.m2e.core.internal.Bundles - 	Entry: D:\Workspace_Giang\eclipse-jee-2024-09-R-win32-x86_64\eclipse\plugins\org.eclipse.m2e.maven.runtime_3.9.900.20240824-1409\jars\maven-resolver-transport-file-1.9.22.jar
2024-11-25 21:11:03,764 [Worker-22: Launching hddt SES-pdf] INFO  o.eclipse.m2e.core.internal.Bundles - 	Entry: D:\Workspace_Giang\eclipse-jee-2024-09-R-win32-x86_64\eclipse\plugins\org.eclipse.m2e.maven.runtime_3.9.900.20240824-1409\jars\maven-resolver-transport-http-1.9.22.jar
2024-11-25 21:11:03,764 [Worker-22: Launching hddt SES-pdf] INFO  o.eclipse.m2e.core.internal.Bundles - 	Entry: D:\Workspace_Giang\eclipse-jee-2024-09-R-win32-x86_64\eclipse\plugins\org.eclipse.m2e.maven.runtime_3.9.900.20240824-1409\jars\maven-resolver-transport-wagon-1.9.22.jar
2024-11-25 21:11:03,764 [Worker-22: Launching hddt SES-pdf] INFO  o.eclipse.m2e.core.internal.Bundles - 	Entry: D:\Workspace_Giang\eclipse-jee-2024-09-R-win32-x86_64\eclipse\plugins\org.eclipse.m2e.maven.runtime_3.9.900.20240824-1409\jars\maven-resolver-util-1.9.22.jar
2024-11-25 21:11:03,764 [Worker-22: Launching hddt SES-pdf] INFO  o.eclipse.m2e.core.internal.Bundles - 	Entry: D:\Workspace_Giang\eclipse-jee-2024-09-R-win32-x86_64\eclipse\plugins\org.eclipse.m2e.maven.runtime_3.9.900.20240824-1409\jars\maven-settings-3.9.9.jar
2024-11-25 21:11:03,764 [Worker-22: Launching hddt SES-pdf] INFO  o.eclipse.m2e.core.internal.Bundles - 	Entry: D:\Workspace_Giang\eclipse-jee-2024-09-R-win32-x86_64\eclipse\plugins\org.eclipse.m2e.maven.runtime_3.9.900.20240824-1409\jars\maven-settings-builder-3.9.9.jar
2024-11-25 21:11:03,765 [Worker-22: Launching hddt SES-pdf] INFO  o.eclipse.m2e.core.internal.Bundles - 	Entry: D:\Workspace_Giang\eclipse-jee-2024-09-R-win32-x86_64\eclipse\plugins\org.eclipse.m2e.maven.runtime_3.9.900.20240824-1409\jars\maven-shared-utils-3.4.2.jar
2024-11-25 21:11:03,765 [Worker-22: Launching hddt SES-pdf] INFO  o.eclipse.m2e.core.internal.Bundles - 	Entry: D:\Workspace_Giang\eclipse-jee-2024-09-R-win32-x86_64\eclipse\plugins\org.eclipse.m2e.maven.runtime_3.9.900.20240824-1409\jars\org.eclipse.sisu.inject-0.9.0.M3.jar
2024-11-25 21:11:03,765 [Worker-22: Launching hddt SES-pdf] INFO  o.eclipse.m2e.core.internal.Bundles - 	Entry: D:\Workspace_Giang\eclipse-jee-2024-09-R-win32-x86_64\eclipse\plugins\org.eclipse.m2e.maven.runtime_3.9.900.20240824-1409\jars\org.eclipse.sisu.plexus-0.9.0.M3.jar
2024-11-25 21:11:03,765 [Worker-22: Launching hddt SES-pdf] INFO  o.eclipse.m2e.core.internal.Bundles - 	Entry: D:\Workspace_Giang\eclipse-jee-2024-09-R-win32-x86_64\eclipse\plugins\org.eclipse.m2e.maven.runtime_3.9.900.20240824-1409\jars\plexus-build-api-0.0.7.jar
2024-11-25 21:11:03,765 [Worker-22: Launching hddt SES-pdf] INFO  o.eclipse.m2e.core.internal.Bundles - 	Entry: D:\Workspace_Giang\eclipse-jee-2024-09-R-win32-x86_64\eclipse\plugins\org.eclipse.m2e.maven.runtime_3.9.900.20240824-1409\jars\plexus-build-api-1.2.0.jar
2024-11-25 21:11:03,765 [Worker-22: Launching hddt SES-pdf] INFO  o.eclipse.m2e.core.internal.Bundles - 	Entry: D:\Workspace_Giang\eclipse-jee-2024-09-R-win32-x86_64\eclipse\plugins\org.eclipse.m2e.maven.runtime_3.9.900.20240824-1409\jars\plexus-cipher-2.0.jar
2024-11-25 21:11:03,765 [Worker-22: Launching hddt SES-pdf] INFO  o.eclipse.m2e.core.internal.Bundles - 	Entry: D:\Workspace_Giang\eclipse-jee-2024-09-R-win32-x86_64\eclipse\plugins\org.eclipse.m2e.maven.runtime_3.9.900.20240824-1409\jars\plexus-classworlds-2.8.0.jar
2024-11-25 21:11:03,765 [Worker-22: Launching hddt SES-pdf] INFO  o.eclipse.m2e.core.internal.Bundles - 	Entry: D:\Workspace_Giang\eclipse-jee-2024-09-R-win32-x86_64\eclipse\plugins\org.eclipse.m2e.maven.runtime_3.9.900.20240824-1409\jars\plexus-component-annotations-2.1.0.jar
2024-11-25 21:11:03,765 [Worker-22: Launching hddt SES-pdf] INFO  o.eclipse.m2e.core.internal.Bundles - 	Entry: D:\Workspace_Giang\eclipse-jee-2024-09-R-win32-x86_64\eclipse\plugins\org.eclipse.m2e.maven.runtime_3.9.900.20240824-1409\jars\plexus-interpolation-1.27.jar
2024-11-25 21:11:03,765 [Worker-22: Launching hddt SES-pdf] INFO  o.eclipse.m2e.core.internal.Bundles - 	Entry: D:\Workspace_Giang\eclipse-jee-2024-09-R-win32-x86_64\eclipse\plugins\org.eclipse.m2e.maven.runtime_3.9.900.20240824-1409\jars\plexus-sec-dispatcher-2.0.jar
2024-11-25 21:11:03,765 [Worker-22: Launching hddt SES-pdf] INFO  o.eclipse.m2e.core.internal.Bundles - 	Entry: D:\Workspace_Giang\eclipse-jee-2024-09-R-win32-x86_64\eclipse\plugins\org.eclipse.m2e.maven.runtime_3.9.900.20240824-1409\jars\plexus-utils-3.5.1.jar
2024-11-25 21:11:03,765 [Worker-22: Launching hddt SES-pdf] INFO  o.eclipse.m2e.core.internal.Bundles - 	Entry: D:\Workspace_Giang\eclipse-jee-2024-09-R-win32-x86_64\eclipse\plugins\org.eclipse.m2e.maven.runtime_3.9.900.20240824-1409\jars\plexus-xml-3.0.1.jar
2024-11-25 21:11:03,767 [Worker-22: Launching hddt SES-pdf] INFO  o.eclipse.m2e.core.internal.Bundles - 	Entry: D:\Workspace_Giang\eclipse-jee-2024-09-R-win32-x86_64\eclipse\plugins\org.eclipse.m2e.maven.runtime_3.9.900.20240824-1409\jars\wagon-file-3.5.3.jar
2024-11-25 21:11:03,767 [Worker-22: Launching hddt SES-pdf] INFO  o.eclipse.m2e.core.internal.Bundles - 	Entry: D:\Workspace_Giang\eclipse-jee-2024-09-R-win32-x86_64\eclipse\plugins\org.eclipse.m2e.maven.runtime_3.9.900.20240824-1409\jars\wagon-http-3.5.3.jar
2024-11-25 21:11:03,767 [Worker-22: Launching hddt SES-pdf] INFO  o.eclipse.m2e.core.internal.Bundles - 	Entry: D:\Workspace_Giang\eclipse-jee-2024-09-R-win32-x86_64\eclipse\plugins\org.eclipse.m2e.maven.runtime_3.9.900.20240824-1409\jars\wagon-http-shared-3.5.3.jar
2024-11-25 21:11:03,767 [Worker-22: Launching hddt SES-pdf] INFO  o.eclipse.m2e.core.internal.Bundles - 	Entry: D:\Workspace_Giang\eclipse-jee-2024-09-R-win32-x86_64\eclipse\plugins\org.eclipse.m2e.maven.runtime_3.9.900.20240824-1409\jars\wagon-provider-api-3.5.3.jar
2024-11-25 21:11:03,769 [Worker-22: Launching hddt SES-pdf] INFO  o.eclipse.m2e.core.internal.Bundles - getClasspathEntries(Bundle=com.google.guava_33.3.0.jre [16])
2024-11-25 21:11:03,770 [Worker-22: Launching hddt SES-pdf] INFO  o.eclipse.m2e.core.internal.Bundles - 	Entry: D:\Workspace_Giang\eclipse-jee-2024-09-R-win32-x86_64\eclipse\plugins\com.google.guava_33.3.0.jre.jar
2024-11-25 21:11:03,770 [Worker-22: Launching hddt SES-pdf] INFO  o.eclipse.m2e.core.internal.Bundles - getClasspathEntries(Bundle=slf4j.api_2.0.16 [1008])
2024-11-25 21:11:03,770 [Worker-22: Launching hddt SES-pdf] INFO  o.eclipse.m2e.core.internal.Bundles - 	Entry: D:\Workspace_Giang\eclipse-jee-2024-09-R-win32-x86_64\eclipse\plugins\slf4j.api_2.0.16.jar
2024-11-25 21:11:03,770 [Worker-22: Launching hddt SES-pdf] INFO  o.eclipse.m2e.core.internal.Bundles - getClasspathEntries(Bundle=jakarta.inject.jakarta.inject-api_1.0.5 [34])
2024-11-25 21:11:03,770 [Worker-22: Launching hddt SES-pdf] INFO  o.eclipse.m2e.core.internal.Bundles - 	Entry: D:\Workspace_Giang\eclipse-jee-2024-09-R-win32-x86_64\eclipse\plugins\jakarta.inject.jakarta.inject-api_1.0.5.jar
2024-11-25 21:11:03,770 [Worker-22: Launching hddt SES-pdf] INFO  o.eclipse.m2e.core.internal.Bundles - getClasspathEntries(Bundle=jakarta.annotation-api_1.3.5 [29])
2024-11-25 21:11:03,771 [Worker-22: Launching hddt SES-pdf] INFO  o.eclipse.m2e.core.internal.Bundles - 	Entry: D:\Workspace_Giang\eclipse-jee-2024-09-R-win32-x86_64\eclipse\plugins\jakarta.annotation-api_1.3.5.jar
2024-11-25 21:11:03,771 [Worker-22: Launching hddt SES-pdf] INFO  o.eclipse.m2e.core.internal.Bundles - getClasspathEntries(Bundle=org.apache.commons.cli_1.9.0 [78])
2024-11-25 21:11:03,771 [Worker-22: Launching hddt SES-pdf] INFO  o.eclipse.m2e.core.internal.Bundles - 	Entry: D:\Workspace_Giang\eclipse-jee-2024-09-R-win32-x86_64\eclipse\plugins\org.apache.commons.cli_1.9.0.jar
2024-11-25 21:11:03,771 [Worker-22: Launching hddt SES-pdf] INFO  o.eclipse.m2e.core.internal.Bundles - getClasspathEntries(Bundle=org.apache.commons.commons-codec_1.16.0 [81])
2024-11-25 21:11:03,771 [Worker-22: Launching hddt SES-pdf] INFO  o.eclipse.m2e.core.internal.Bundles - 	Entry: D:\Workspace_Giang\eclipse-jee-2024-09-R-win32-x86_64\eclipse\plugins\org.apache.commons.commons-codec_1.16.0.jar
2024-11-25 21:11:03,771 [Worker-22: Launching hddt SES-pdf] INFO  o.eclipse.m2e.core.internal.Bundles - getClasspathEntries(Bundle=com.google.guava.failureaccess_1.0.2 [17])
2024-11-25 21:11:03,772 [Worker-22: Launching hddt SES-pdf] INFO  o.eclipse.m2e.core.internal.Bundles - 	Entry: D:\Workspace_Giang\eclipse-jee-2024-09-R-win32-x86_64\eclipse\plugins\com.google.guava.failureaccess_1.0.2.jar
2024-11-25 21:11:03,774 [Worker-22: Launching hddt SES-pdf] INFO  o.e.m.i.launch.MavenLaunchDelegate - Run build in "D:\WorkSpace Eclipse\ses inv 17.11.2024_ver2\hddt SES-pdf":
2024-11-25 21:11:03,777 [Worker-22: Launching hddt SES-pdf] INFO  o.e.m.i.launch.MavenLaunchDelegate -  mvn  -B -Dstyle.color=always clean compile install package
2024-11-26 09:54:49,235 [Worker-7: Loading available Gradle versions] INFO  o.e.b.c.i.u.g.PublishedGradleVersions - Gradle version information cache is up-to-date. Trying to read.
2024-11-26 12:02:43,034 [Worker-81: Launching EInvoiceApplication] WARN  o.a.m.r.i.DefaultArtifactDescriptorReader - 1 problem was encountered while building the effective model for org.javassist:javassist:jar:3.20.0-GA during dependency collection step for project (use -X to see details)
2024-11-26 14:24:34,988 [Worker-72: Building] INFO  o.e.m.c.i.embedder.EclipseLogger - Using 'UTF-8' encoding to copy filtered resources.
2024-11-26 14:24:34,988 [Worker-72: Building] INFO  o.e.m.c.i.embedder.EclipseLogger - Using 'UTF-8' encoding to copy filtered properties files.
2024-11-26 14:24:34,999 [Worker-72: Building] INFO  o.e.m.c.i.embedder.EclipseLogger - Copying 1 resource
2024-11-26 14:24:35,032 [Worker-72: Building] INFO  o.e.m.c.i.embedder.EclipseLogger - Copying 1461 resources
2024-11-26 14:24:35,526 [Worker-72: Building] INFO  o.e.m.c.i.embedder.EclipseLogger - Using 'UTF-8' encoding to copy filtered resources.
2024-11-26 14:24:35,526 [Worker-72: Building] INFO  o.e.m.c.i.embedder.EclipseLogger - Using 'UTF-8' encoding to copy filtered properties files.
2024-11-26 14:24:35,527 [Worker-72: Building] INFO  o.e.m.c.i.embedder.EclipseLogger - Copying 0 resource
2024-11-26 14:26:09,877 [Worker-72: Building] INFO  o.e.m.c.i.embedder.EclipseLogger - Using 'UTF-8' encoding to copy filtered resources.
2024-11-26 14:26:09,877 [Worker-72: Building] INFO  o.e.m.c.i.embedder.EclipseLogger - Using 'UTF-8' encoding to copy filtered properties files.
2024-11-26 14:26:09,965 [Worker-72: Building] INFO  o.e.m.c.i.embedder.EclipseLogger - Copying 1 resource
2024-11-26 14:26:10,062 [Worker-72: Building] INFO  o.e.m.c.i.embedder.EclipseLogger - Copying 1461 resources
2024-11-26 14:26:10,348 [Worker-72: Building] INFO  o.e.m.c.i.embedder.EclipseLogger - Using 'UTF-8' encoding to copy filtered resources.
2024-11-26 14:26:10,348 [Worker-72: Building] INFO  o.e.m.c.i.embedder.EclipseLogger - Using 'UTF-8' encoding to copy filtered properties files.
2024-11-26 14:26:10,352 [Worker-72: Building] INFO  o.e.m.c.i.embedder.EclipseLogger - Copying 0 resource
2024-11-26 14:29:00,839 [Worker-5: Loading available Gradle versions] INFO  o.e.b.c.i.u.g.PublishedGradleVersions - Gradle version information cache is out-of-date. Trying to update.
2024-11-26 14:29:12,422 [Worker-35: Launching EInvoiceApplication] WARN  o.a.m.r.i.DefaultArtifactDescriptorReader - 1 problem was encountered while building the effective model for org.javassist:javassist:jar:3.20.0-GA during dependency collection step for project (use -X to see details)
2024-11-27 10:06:39,836 [Worker-46: Building] INFO  o.e.m.c.i.embedder.EclipseLogger - Using 'UTF-8' encoding to copy filtered resources.
2024-11-27 10:06:39,836 [Worker-46: Building] INFO  o.e.m.c.i.embedder.EclipseLogger - Using 'UTF-8' encoding to copy filtered properties files.
2024-11-27 10:06:39,840 [Worker-46: Building] INFO  o.e.m.c.i.embedder.EclipseLogger - Copying 1 resource
2024-11-27 10:06:39,855 [Worker-46: Building] INFO  o.e.m.c.i.embedder.EclipseLogger - Copying 3 resources
2024-11-27 10:06:39,861 [Worker-46: Building] INFO  o.e.m.c.i.embedder.EclipseLogger - Using 'UTF-8' encoding to copy filtered resources.
2024-11-27 10:06:39,861 [Worker-46: Building] INFO  o.e.m.c.i.embedder.EclipseLogger - Using 'UTF-8' encoding to copy filtered properties files.
2024-11-27 10:06:39,861 [Worker-46: Building] INFO  o.e.m.c.i.embedder.EclipseLogger - Copying 0 resource
2024-11-27 10:11:51,208 [Worker-42: Building] INFO  o.e.m.c.i.embedder.EclipseLogger - Using 'UTF-8' encoding to copy filtered resources.
2024-11-27 10:11:51,209 [Worker-42: Building] INFO  o.e.m.c.i.embedder.EclipseLogger - Using 'UTF-8' encoding to copy filtered properties files.
2024-11-27 10:11:51,211 [Worker-42: Building] INFO  o.e.m.c.i.embedder.EclipseLogger - Copying 0 resource
2024-11-27 10:11:51,213 [Worker-42: Building] INFO  o.e.m.c.i.embedder.EclipseLogger - Copying 0 resource
2024-11-27 10:11:51,217 [Worker-42: Building] INFO  o.e.m.c.i.embedder.EclipseLogger - Using 'UTF-8' encoding to copy filtered resources.
2024-11-27 10:11:51,218 [Worker-42: Building] INFO  o.e.m.c.i.embedder.EclipseLogger - Using 'UTF-8' encoding to copy filtered properties files.
2024-11-27 10:11:51,218 [Worker-42: Building] INFO  o.e.m.c.i.embedder.EclipseLogger - Copying 0 resource
2024-11-27 10:18:41,091 [Worker-47: Building] INFO  o.e.m.c.i.embedder.EclipseLogger - Using 'UTF-8' encoding to copy filtered resources.
2024-11-27 10:18:41,092 [Worker-47: Building] INFO  o.e.m.c.i.embedder.EclipseLogger - Using 'UTF-8' encoding to copy filtered properties files.
2024-11-27 10:18:41,092 [Worker-47: Building] INFO  o.e.m.c.i.embedder.EclipseLogger - Copying 0 resource
2024-11-27 10:18:41,093 [Worker-47: Building] INFO  o.e.m.c.i.embedder.EclipseLogger - Copying 0 resource
2024-11-27 10:18:41,100 [Worker-47: Building] INFO  o.e.m.c.i.embedder.EclipseLogger - Using 'UTF-8' encoding to copy filtered resources.
2024-11-27 10:18:41,100 [Worker-47: Building] INFO  o.e.m.c.i.embedder.EclipseLogger - Using 'UTF-8' encoding to copy filtered properties files.
2024-11-27 10:18:41,101 [Worker-47: Building] INFO  o.e.m.c.i.embedder.EclipseLogger - Copying 0 resource
2024-11-27 10:21:29,740 [Worker-48: Building] INFO  o.e.m.c.i.embedder.EclipseLogger - Using 'UTF-8' encoding to copy filtered resources.
2024-11-27 10:21:29,741 [Worker-48: Building] INFO  o.e.m.c.i.embedder.EclipseLogger - Using 'UTF-8' encoding to copy filtered properties files.
2024-11-27 10:21:29,743 [Worker-48: Building] INFO  o.e.m.c.i.embedder.EclipseLogger - Copying 0 resource
2024-11-27 10:21:29,745 [Worker-48: Building] INFO  o.e.m.c.i.embedder.EclipseLogger - Copying 0 resource
2024-11-27 10:21:29,757 [Worker-48: Building] INFO  o.e.m.c.i.embedder.EclipseLogger - Using 'UTF-8' encoding to copy filtered resources.
2024-11-27 10:21:29,757 [Worker-48: Building] INFO  o.e.m.c.i.embedder.EclipseLogger - Using 'UTF-8' encoding to copy filtered properties files.
2024-11-27 10:21:29,758 [Worker-48: Building] INFO  o.e.m.c.i.embedder.EclipseLogger - Copying 0 resource
2024-11-27 10:21:36,658 [Worker-47: Building] INFO  o.e.m.c.i.embedder.EclipseLogger - Using 'UTF-8' encoding to copy filtered resources.
2024-11-27 10:21:36,658 [Worker-47: Building] INFO  o.e.m.c.i.embedder.EclipseLogger - Using 'UTF-8' encoding to copy filtered properties files.
2024-11-27 10:21:36,659 [Worker-47: Building] INFO  o.e.m.c.i.embedder.EclipseLogger - Copying 0 resource
2024-11-27 10:21:36,660 [Worker-47: Building] INFO  o.e.m.c.i.embedder.EclipseLogger - Copying 0 resource
2024-11-27 10:21:36,666 [Worker-47: Building] INFO  o.e.m.c.i.embedder.EclipseLogger - Using 'UTF-8' encoding to copy filtered resources.
2024-11-27 10:21:36,667 [Worker-47: Building] INFO  o.e.m.c.i.embedder.EclipseLogger - Using 'UTF-8' encoding to copy filtered properties files.
2024-11-27 10:21:36,667 [Worker-47: Building] INFO  o.e.m.c.i.embedder.EclipseLogger - Copying 0 resource
2024-11-27 10:25:09,020 [Worker-53: Building] INFO  o.e.m.c.i.embedder.EclipseLogger - Using 'UTF-8' encoding to copy filtered resources.
2024-11-27 10:25:09,020 [Worker-53: Building] INFO  o.e.m.c.i.embedder.EclipseLogger - Using 'UTF-8' encoding to copy filtered properties files.
2024-11-27 10:25:09,020 [Worker-53: Building] INFO  o.e.m.c.i.embedder.EclipseLogger - Copying 1 resource
2024-11-27 10:25:09,027 [Worker-53: Building] INFO  o.e.m.c.i.embedder.EclipseLogger - Copying 3 resources
2024-11-27 10:25:09,049 [Worker-53: Building] INFO  o.e.m.c.i.embedder.EclipseLogger - Using 'UTF-8' encoding to copy filtered resources.
2024-11-27 10:25:09,049 [Worker-53: Building] INFO  o.e.m.c.i.embedder.EclipseLogger - Using 'UTF-8' encoding to copy filtered properties files.
2024-11-27 10:25:09,049 [Worker-53: Building] INFO  o.e.m.c.i.embedder.EclipseLogger - Copying 0 resource
2024-11-27 10:25:37,425 [Worker-54: Building] INFO  o.e.m.c.i.embedder.EclipseLogger - Using 'UTF-8' encoding to copy filtered resources.
2024-11-27 10:25:37,425 [Worker-54: Building] INFO  o.e.m.c.i.embedder.EclipseLogger - Using 'UTF-8' encoding to copy filtered properties files.
2024-11-27 10:25:37,425 [Worker-54: Building] INFO  o.e.m.c.i.embedder.EclipseLogger - Copying 1 resource
2024-11-27 10:25:37,427 [Worker-54: Building] INFO  o.e.m.c.i.embedder.EclipseLogger - Copying 3 resources
2024-11-27 10:25:37,435 [Worker-54: Building] INFO  o.e.m.c.i.embedder.EclipseLogger - Using 'UTF-8' encoding to copy filtered resources.
2024-11-27 10:25:37,435 [Worker-54: Building] INFO  o.e.m.c.i.embedder.EclipseLogger - Using 'UTF-8' encoding to copy filtered properties files.
2024-11-27 10:25:37,435 [Worker-54: Building] INFO  o.e.m.c.i.embedder.EclipseLogger - Copying 0 resource
2024-11-27 10:28:32,782 [Worker-55: Building] INFO  o.e.m.c.i.l.LifecycleMappingFactory - Using org.eclipse.m2e.jdt.JarLifecycleMapping lifecycle mapping for MavenProject: vn.sesgroup:hddt-api:0.0.1-SNAPSHOT @ D:\WorkSpace Eclipse\ses inv 25.11.2024\hddt SES-api\pom.xml.
2024-11-27 10:28:33,714 [Worker-55: Building] INFO  o.e.m.c.i.embedder.EclipseLogger - Using 'UTF-8' encoding to copy filtered resources.
2024-11-27 10:28:33,714 [Worker-55: Building] INFO  o.e.m.c.i.embedder.EclipseLogger - Using 'UTF-8' encoding to copy filtered properties files.
2024-11-27 10:28:33,718 [Worker-55: Building] INFO  o.e.m.c.i.embedder.EclipseLogger - Copying 0 resource
2024-11-27 10:28:33,719 [Worker-55: Building] INFO  o.e.m.c.i.embedder.EclipseLogger - Copying 0 resource
2024-11-27 10:28:33,725 [Worker-55: Building] INFO  o.e.m.c.i.embedder.EclipseLogger - Using 'UTF-8' encoding to copy filtered resources.
2024-11-27 10:28:33,725 [Worker-55: Building] INFO  o.e.m.c.i.embedder.EclipseLogger - Using 'UTF-8' encoding to copy filtered properties files.
2024-11-27 10:28:33,725 [Worker-55: Building] INFO  o.e.m.c.i.embedder.EclipseLogger - Copying 0 resource
2024-11-27 10:28:41,070 [Worker-50: Building] INFO  o.e.m.c.i.embedder.EclipseLogger - Using 'UTF-8' encoding to copy filtered resources.
2024-11-27 10:28:41,071 [Worker-50: Building] INFO  o.e.m.c.i.embedder.EclipseLogger - Using 'UTF-8' encoding to copy filtered properties files.
2024-11-27 10:28:41,071 [Worker-50: Building] INFO  o.e.m.c.i.embedder.EclipseLogger - Copying 1 resource
2024-11-27 10:28:41,130 [Worker-50: Building] INFO  o.e.m.c.i.embedder.EclipseLogger - Copying 3 resources
2024-11-27 10:28:41,142 [Worker-50: Building] INFO  o.e.m.c.i.embedder.EclipseLogger - Using 'UTF-8' encoding to copy filtered resources.
2024-11-27 10:28:41,143 [Worker-50: Building] INFO  o.e.m.c.i.embedder.EclipseLogger - Using 'UTF-8' encoding to copy filtered properties files.
2024-11-27 10:28:41,144 [Worker-50: Building] INFO  o.e.m.c.i.embedder.EclipseLogger - Copying 0 resource
2024-11-27 10:28:47,265 [Worker-51: Building] INFO  o.e.m.c.i.l.LifecycleMappingFactory - Using org.eclipse.m2e.jdt.JarLifecycleMapping lifecycle mapping for MavenProject: vn.sesgroup:hddt-api:0.0.1-SNAPSHOT @ D:\WorkSpace Eclipse\ses inv 25.11.2024\hddt SES-api\pom.xml.
2024-11-27 10:28:48,709 [Worker-51: Building] INFO  o.e.m.c.i.embedder.EclipseLogger - Using 'UTF-8' encoding to copy filtered resources.
2024-11-27 10:28:48,710 [Worker-51: Building] INFO  o.e.m.c.i.embedder.EclipseLogger - Using 'UTF-8' encoding to copy filtered properties files.
2024-11-27 10:28:48,713 [Worker-51: Building] INFO  o.e.m.c.i.embedder.EclipseLogger - Copying 0 resource
2024-11-27 10:28:48,714 [Worker-51: Building] INFO  o.e.m.c.i.embedder.EclipseLogger - Copying 0 resource
2024-11-27 10:28:48,719 [Worker-51: Building] INFO  o.e.m.c.i.embedder.EclipseLogger - Using 'UTF-8' encoding to copy filtered resources.
2024-11-27 10:28:48,720 [Worker-51: Building] INFO  o.e.m.c.i.embedder.EclipseLogger - Using 'UTF-8' encoding to copy filtered properties files.
2024-11-27 10:28:48,720 [Worker-51: Building] INFO  o.e.m.c.i.embedder.EclipseLogger - Copying 0 resource
2024-11-27 10:37:32,496 [Worker-63: Building] INFO  o.e.m.c.i.embedder.EclipseLogger - Using 'UTF-8' encoding to copy filtered resources.
2024-11-27 10:37:32,497 [Worker-63: Building] INFO  o.e.m.c.i.embedder.EclipseLogger - Using 'UTF-8' encoding to copy filtered properties files.
2024-11-27 10:37:32,505 [Worker-63: Building] INFO  o.e.m.c.i.embedder.EclipseLogger - Copying 1 resource
2024-11-27 10:37:32,533 [Worker-63: Building] INFO  o.e.m.c.i.embedder.EclipseLogger - Copying 1461 resources
2024-11-27 10:37:32,929 [Worker-63: Building] INFO  o.e.m.c.i.embedder.EclipseLogger - Using 'UTF-8' encoding to copy filtered resources.
2024-11-27 10:37:32,930 [Worker-63: Building] INFO  o.e.m.c.i.embedder.EclipseLogger - Using 'UTF-8' encoding to copy filtered properties files.
2024-11-27 10:37:32,930 [Worker-63: Building] INFO  o.e.m.c.i.embedder.EclipseLogger - Copying 0 resource
2024-11-27 10:38:01,777 [Worker-64: Building] INFO  o.e.m.c.i.embedder.EclipseLogger - Using 'UTF-8' encoding to copy filtered resources.
2024-11-27 10:38:01,777 [Worker-64: Building] INFO  o.e.m.c.i.embedder.EclipseLogger - Using 'UTF-8' encoding to copy filtered properties files.
2024-11-27 10:38:01,910 [Worker-64: Building] INFO  o.e.m.c.i.embedder.EclipseLogger - Copying 1 resource
2024-11-27 10:38:02,013 [Worker-64: Building] INFO  o.e.m.c.i.embedder.EclipseLogger - Copying 1461 resources
2024-11-27 10:38:02,303 [Worker-64: Building] INFO  o.e.m.c.i.embedder.EclipseLogger - Using 'UTF-8' encoding to copy filtered resources.
2024-11-27 10:38:02,303 [Worker-64: Building] INFO  o.e.m.c.i.embedder.EclipseLogger - Using 'UTF-8' encoding to copy filtered properties files.
2024-11-27 10:38:02,303 [Worker-64: Building] INFO  o.e.m.c.i.embedder.EclipseLogger - Copying 0 resource
2024-11-27 10:38:35,741 [Worker-54: Building] INFO  o.e.m.c.i.embedder.EclipseLogger - Using 'UTF-8' encoding to copy filtered resources.
2024-11-27 10:38:35,742 [Worker-54: Building] INFO  o.e.m.c.i.embedder.EclipseLogger - Using 'UTF-8' encoding to copy filtered properties files.
2024-11-27 10:38:35,838 [Worker-54: Building] INFO  o.e.m.c.i.embedder.EclipseLogger - Copying 1 resource
2024-11-27 10:38:35,929 [Worker-54: Building] INFO  o.e.m.c.i.embedder.EclipseLogger - Copying 1461 resources
2024-11-27 10:38:36,245 [Worker-54: Building] INFO  o.e.m.c.i.embedder.EclipseLogger - Using 'UTF-8' encoding to copy filtered resources.
2024-11-27 10:38:36,245 [Worker-54: Building] INFO  o.e.m.c.i.embedder.EclipseLogger - Using 'UTF-8' encoding to copy filtered properties files.
2024-11-27 10:38:36,245 [Worker-54: Building] INFO  o.e.m.c.i.embedder.EclipseLogger - Copying 0 resource
2024-11-27 10:38:50,767 [Worker-63: Building] INFO  o.e.m.c.i.embedder.EclipseLogger - Using 'UTF-8' encoding to copy filtered resources.
2024-11-27 10:38:50,767 [Worker-63: Building] INFO  o.e.m.c.i.embedder.EclipseLogger - Using 'UTF-8' encoding to copy filtered properties files.
2024-11-27 10:38:50,772 [Worker-63: Building] INFO  o.e.m.c.i.embedder.EclipseLogger - Copying 1 resource
2024-11-27 10:38:50,783 [Worker-63: Building] INFO  o.e.m.c.i.embedder.EclipseLogger - Copying 1461 resources
2024-11-27 10:39:04,535 [Worker-63: Building] INFO  o.e.m.c.i.embedder.EclipseLogger - Using 'UTF-8' encoding to copy filtered resources.
2024-11-27 10:39:04,535 [Worker-63: Building] INFO  o.e.m.c.i.embedder.EclipseLogger - Using 'UTF-8' encoding to copy filtered properties files.
2024-11-27 10:39:04,535 [Worker-63: Building] INFO  o.e.m.c.i.embedder.EclipseLogger - Copying 0 resource
2024-11-27 10:47:43,202 [Worker-61: Building] INFO  o.e.m.c.i.embedder.EclipseLogger - Using 'UTF-8' encoding to copy filtered resources.
2024-11-27 10:47:43,203 [Worker-61: Building] INFO  o.e.m.c.i.embedder.EclipseLogger - Using 'UTF-8' encoding to copy filtered properties files.
2024-11-27 10:47:43,290 [Worker-61: Building] INFO  o.e.m.c.i.embedder.EclipseLogger - Copying 0 resource
2024-11-27 10:47:43,458 [Worker-61: Building] INFO  o.e.m.c.i.embedder.EclipseLogger - Copying 1 resource
2024-11-27 10:47:43,463 [Worker-61: Building] INFO  o.e.m.c.i.embedder.EclipseLogger - Using 'UTF-8' encoding to copy filtered resources.
2024-11-27 10:47:43,463 [Worker-61: Building] INFO  o.e.m.c.i.embedder.EclipseLogger - Using 'UTF-8' encoding to copy filtered properties files.
2024-11-27 10:47:43,463 [Worker-61: Building] INFO  o.e.m.c.i.embedder.EclipseLogger - Copying 0 resource
2024-11-27 10:48:04,334 [Worker-56: Building] INFO  o.e.m.c.i.embedder.EclipseLogger - Using 'UTF-8' encoding to copy filtered resources.
2024-11-27 10:48:04,334 [Worker-56: Building] INFO  o.e.m.c.i.embedder.EclipseLogger - Using 'UTF-8' encoding to copy filtered properties files.
2024-11-27 10:48:04,410 [Worker-56: Building] INFO  o.e.m.c.i.embedder.EclipseLogger - Copying 0 resource
2024-11-27 10:48:04,570 [Worker-56: Building] INFO  o.e.m.c.i.embedder.EclipseLogger - Copying 1 resource
2024-11-27 10:48:04,574 [Worker-56: Building] INFO  o.e.m.c.i.embedder.EclipseLogger - Using 'UTF-8' encoding to copy filtered resources.
2024-11-27 10:48:04,575 [Worker-56: Building] INFO  o.e.m.c.i.embedder.EclipseLogger - Using 'UTF-8' encoding to copy filtered properties files.
2024-11-27 10:48:04,575 [Worker-56: Building] INFO  o.e.m.c.i.embedder.EclipseLogger - Copying 0 resource
2024-11-27 10:51:11,538 [main] INFO  o.e.m2e.actions.ExecutePomAction - Creating new launch configuration
2024-11-27 10:51:39,890 [Worker-67: Launching hddt-SES (3)] INFO  o.eclipse.m2e.core.internal.Bundles - getClasspathEntries(Bundle=org.eclipse.m2e.maven.runtime_3.9.900.20240824-1409 [643])
2024-11-27 10:51:39,891 [Worker-67: Launching hddt-SES (3)] INFO  o.eclipse.m2e.core.internal.Bundles - 	Entry: D:\Workspace_Giang\eclipse-jee-2024-09-R-win32-x86_64\eclipse\plugins\org.eclipse.m2e.maven.runtime_3.9.900.20240824-1409
2024-11-27 10:51:39,891 [Worker-67: Launching hddt-SES (3)] INFO  o.eclipse.m2e.core.internal.Bundles - 	Entry: D:\Workspace_Giang\eclipse-jee-2024-09-R-win32-x86_64\eclipse\plugins\org.eclipse.m2e.maven.runtime_3.9.900.20240824-1409\jars\aopalliance-1.0.jar
2024-11-27 10:51:39,892 [Worker-67: Launching hddt-SES (3)] INFO  o.eclipse.m2e.core.internal.Bundles - 	Entry: D:\Workspace_Giang\eclipse-jee-2024-09-R-win32-x86_64\eclipse\plugins\org.eclipse.m2e.maven.runtime_3.9.900.20240824-1409\jars\guice-5.1.0.jar
2024-11-27 10:51:39,892 [Worker-67: Launching hddt-SES (3)] INFO  o.eclipse.m2e.core.internal.Bundles - 	Entry: D:\Workspace_Giang\eclipse-jee-2024-09-R-win32-x86_64\eclipse\plugins\org.eclipse.m2e.maven.runtime_3.9.900.20240824-1409\jars\httpclient-4.5.14.jar
2024-11-27 10:51:39,892 [Worker-67: Launching hddt-SES (3)] INFO  o.eclipse.m2e.core.internal.Bundles - 	Entry: D:\Workspace_Giang\eclipse-jee-2024-09-R-win32-x86_64\eclipse\plugins\org.eclipse.m2e.maven.runtime_3.9.900.20240824-1409\jars\httpcore-4.4.16.jar
2024-11-27 10:51:39,892 [Worker-67: Launching hddt-SES (3)] INFO  o.eclipse.m2e.core.internal.Bundles - 	Entry: D:\Workspace_Giang\eclipse-jee-2024-09-R-win32-x86_64\eclipse\plugins\org.eclipse.m2e.maven.runtime_3.9.900.20240824-1409\jars\jansi-2.4.1.jar
2024-11-27 10:51:39,892 [Worker-67: Launching hddt-SES (3)] INFO  o.eclipse.m2e.core.internal.Bundles - 	Entry: D:\Workspace_Giang\eclipse-jee-2024-09-R-win32-x86_64\eclipse\plugins\org.eclipse.m2e.maven.runtime_3.9.900.20240824-1409\jars\jcl-over-slf4j-1.7.36.jar
2024-11-27 10:51:39,892 [Worker-67: Launching hddt-SES (3)] INFO  o.eclipse.m2e.core.internal.Bundles - 	Entry: D:\Workspace_Giang\eclipse-jee-2024-09-R-win32-x86_64\eclipse\plugins\org.eclipse.m2e.maven.runtime_3.9.900.20240824-1409\jars\maven-artifact-3.9.9.jar
2024-11-27 10:51:39,892 [Worker-67: Launching hddt-SES (3)] INFO  o.eclipse.m2e.core.internal.Bundles - 	Entry: D:\Workspace_Giang\eclipse-jee-2024-09-R-win32-x86_64\eclipse\plugins\org.eclipse.m2e.maven.runtime_3.9.900.20240824-1409\jars\maven-builder-support-3.9.9.jar
2024-11-27 10:51:39,892 [Worker-67: Launching hddt-SES (3)] INFO  o.eclipse.m2e.core.internal.Bundles - 	Entry: D:\Workspace_Giang\eclipse-jee-2024-09-R-win32-x86_64\eclipse\plugins\org.eclipse.m2e.maven.runtime_3.9.900.20240824-1409\jars\maven-compat-3.9.9.jar
2024-11-27 10:51:39,892 [Worker-67: Launching hddt-SES (3)] INFO  o.eclipse.m2e.core.internal.Bundles - 	Entry: D:\Workspace_Giang\eclipse-jee-2024-09-R-win32-x86_64\eclipse\plugins\org.eclipse.m2e.maven.runtime_3.9.900.20240824-1409\jars\maven-core-3.9.9.jar
2024-11-27 10:51:39,892 [Worker-67: Launching hddt-SES (3)] INFO  o.eclipse.m2e.core.internal.Bundles - 	Entry: D:\Workspace_Giang\eclipse-jee-2024-09-R-win32-x86_64\eclipse\plugins\org.eclipse.m2e.maven.runtime_3.9.900.20240824-1409\jars\maven-embedder-3.9.9.jar
2024-11-27 10:51:39,892 [Worker-67: Launching hddt-SES (3)] INFO  o.eclipse.m2e.core.internal.Bundles - 	Entry: D:\Workspace_Giang\eclipse-jee-2024-09-R-win32-x86_64\eclipse\plugins\org.eclipse.m2e.maven.runtime_3.9.900.20240824-1409\jars\maven-model-3.9.9.jar
2024-11-27 10:51:39,893 [Worker-67: Launching hddt-SES (3)] INFO  o.eclipse.m2e.core.internal.Bundles - 	Entry: D:\Workspace_Giang\eclipse-jee-2024-09-R-win32-x86_64\eclipse\plugins\org.eclipse.m2e.maven.runtime_3.9.900.20240824-1409\jars\maven-model-builder-3.9.9.jar
2024-11-27 10:51:39,893 [Worker-67: Launching hddt-SES (3)] INFO  o.eclipse.m2e.core.internal.Bundles - 	Entry: D:\Workspace_Giang\eclipse-jee-2024-09-R-win32-x86_64\eclipse\plugins\org.eclipse.m2e.maven.runtime_3.9.900.20240824-1409\jars\maven-plugin-api-3.9.9.jar
2024-11-27 10:51:39,893 [Worker-67: Launching hddt-SES (3)] INFO  o.eclipse.m2e.core.internal.Bundles - 	Entry: D:\Workspace_Giang\eclipse-jee-2024-09-R-win32-x86_64\eclipse\plugins\org.eclipse.m2e.maven.runtime_3.9.900.20240824-1409\jars\maven-repository-metadata-3.9.9.jar
2024-11-27 10:51:39,893 [Worker-67: Launching hddt-SES (3)] INFO  o.eclipse.m2e.core.internal.Bundles - 	Entry: D:\Workspace_Giang\eclipse-jee-2024-09-R-win32-x86_64\eclipse\plugins\org.eclipse.m2e.maven.runtime_3.9.900.20240824-1409\jars\maven-resolver-api-1.9.22.jar
2024-11-27 10:51:39,893 [Worker-67: Launching hddt-SES (3)] INFO  o.eclipse.m2e.core.internal.Bundles - 	Entry: D:\Workspace_Giang\eclipse-jee-2024-09-R-win32-x86_64\eclipse\plugins\org.eclipse.m2e.maven.runtime_3.9.900.20240824-1409\jars\maven-resolver-connector-basic-1.9.22.jar
2024-11-27 10:51:39,893 [Worker-67: Launching hddt-SES (3)] INFO  o.eclipse.m2e.core.internal.Bundles - 	Entry: D:\Workspace_Giang\eclipse-jee-2024-09-R-win32-x86_64\eclipse\plugins\org.eclipse.m2e.maven.runtime_3.9.900.20240824-1409\jars\maven-resolver-impl-1.9.22.jar
2024-11-27 10:51:39,893 [Worker-67: Launching hddt-SES (3)] INFO  o.eclipse.m2e.core.internal.Bundles - 	Entry: D:\Workspace_Giang\eclipse-jee-2024-09-R-win32-x86_64\eclipse\plugins\org.eclipse.m2e.maven.runtime_3.9.900.20240824-1409\jars\maven-resolver-named-locks-1.9.22.jar
2024-11-27 10:51:39,893 [Worker-67: Launching hddt-SES (3)] INFO  o.eclipse.m2e.core.internal.Bundles - 	Entry: D:\Workspace_Giang\eclipse-jee-2024-09-R-win32-x86_64\eclipse\plugins\org.eclipse.m2e.maven.runtime_3.9.900.20240824-1409\jars\maven-resolver-provider-3.9.9.jar
2024-11-27 10:51:39,893 [Worker-67: Launching hddt-SES (3)] INFO  o.eclipse.m2e.core.internal.Bundles - 	Entry: D:\Workspace_Giang\eclipse-jee-2024-09-R-win32-x86_64\eclipse\plugins\org.eclipse.m2e.maven.runtime_3.9.900.20240824-1409\jars\maven-resolver-spi-1.9.22.jar
2024-11-27 10:51:39,893 [Worker-67: Launching hddt-SES (3)] INFO  o.eclipse.m2e.core.internal.Bundles - 	Entry: D:\Workspace_Giang\eclipse-jee-2024-09-R-win32-x86_64\eclipse\plugins\org.eclipse.m2e.maven.runtime_3.9.900.20240824-1409\jars\maven-resolver-transport-file-1.9.22.jar
2024-11-27 10:51:39,893 [Worker-67: Launching hddt-SES (3)] INFO  o.eclipse.m2e.core.internal.Bundles - 	Entry: D:\Workspace_Giang\eclipse-jee-2024-09-R-win32-x86_64\eclipse\plugins\org.eclipse.m2e.maven.runtime_3.9.900.20240824-1409\jars\maven-resolver-transport-http-1.9.22.jar
2024-11-27 10:51:39,894 [Worker-67: Launching hddt-SES (3)] INFO  o.eclipse.m2e.core.internal.Bundles - 	Entry: D:\Workspace_Giang\eclipse-jee-2024-09-R-win32-x86_64\eclipse\plugins\org.eclipse.m2e.maven.runtime_3.9.900.20240824-1409\jars\maven-resolver-transport-wagon-1.9.22.jar
2024-11-27 10:51:39,894 [Worker-67: Launching hddt-SES (3)] INFO  o.eclipse.m2e.core.internal.Bundles - 	Entry: D:\Workspace_Giang\eclipse-jee-2024-09-R-win32-x86_64\eclipse\plugins\org.eclipse.m2e.maven.runtime_3.9.900.20240824-1409\jars\maven-resolver-util-1.9.22.jar
2024-11-27 10:51:39,894 [Worker-67: Launching hddt-SES (3)] INFO  o.eclipse.m2e.core.internal.Bundles - 	Entry: D:\Workspace_Giang\eclipse-jee-2024-09-R-win32-x86_64\eclipse\plugins\org.eclipse.m2e.maven.runtime_3.9.900.20240824-1409\jars\maven-settings-3.9.9.jar
2024-11-27 10:51:39,894 [Worker-67: Launching hddt-SES (3)] INFO  o.eclipse.m2e.core.internal.Bundles - 	Entry: D:\Workspace_Giang\eclipse-jee-2024-09-R-win32-x86_64\eclipse\plugins\org.eclipse.m2e.maven.runtime_3.9.900.20240824-1409\jars\maven-settings-builder-3.9.9.jar
2024-11-27 10:51:39,894 [Worker-67: Launching hddt-SES (3)] INFO  o.eclipse.m2e.core.internal.Bundles - 	Entry: D:\Workspace_Giang\eclipse-jee-2024-09-R-win32-x86_64\eclipse\plugins\org.eclipse.m2e.maven.runtime_3.9.900.20240824-1409\jars\maven-shared-utils-3.4.2.jar
2024-11-27 10:51:39,894 [Worker-67: Launching hddt-SES (3)] INFO  o.eclipse.m2e.core.internal.Bundles - 	Entry: D:\Workspace_Giang\eclipse-jee-2024-09-R-win32-x86_64\eclipse\plugins\org.eclipse.m2e.maven.runtime_3.9.900.20240824-1409\jars\org.eclipse.sisu.inject-0.9.0.M3.jar
2024-11-27 10:51:39,894 [Worker-67: Launching hddt-SES (3)] INFO  o.eclipse.m2e.core.internal.Bundles - 	Entry: D:\Workspace_Giang\eclipse-jee-2024-09-R-win32-x86_64\eclipse\plugins\org.eclipse.m2e.maven.runtime_3.9.900.20240824-1409\jars\org.eclipse.sisu.plexus-0.9.0.M3.jar
2024-11-27 10:51:39,894 [Worker-67: Launching hddt-SES (3)] INFO  o.eclipse.m2e.core.internal.Bundles - 	Entry: D:\Workspace_Giang\eclipse-jee-2024-09-R-win32-x86_64\eclipse\plugins\org.eclipse.m2e.maven.runtime_3.9.900.20240824-1409\jars\plexus-build-api-0.0.7.jar
2024-11-27 10:51:39,894 [Worker-67: Launching hddt-SES (3)] INFO  o.eclipse.m2e.core.internal.Bundles - 	Entry: D:\Workspace_Giang\eclipse-jee-2024-09-R-win32-x86_64\eclipse\plugins\org.eclipse.m2e.maven.runtime_3.9.900.20240824-1409\jars\plexus-build-api-1.2.0.jar
2024-11-27 10:51:39,894 [Worker-67: Launching hddt-SES (3)] INFO  o.eclipse.m2e.core.internal.Bundles - 	Entry: D:\Workspace_Giang\eclipse-jee-2024-09-R-win32-x86_64\eclipse\plugins\org.eclipse.m2e.maven.runtime_3.9.900.20240824-1409\jars\plexus-cipher-2.0.jar
2024-11-27 10:51:39,894 [Worker-67: Launching hddt-SES (3)] INFO  o.eclipse.m2e.core.internal.Bundles - 	Entry: D:\Workspace_Giang\eclipse-jee-2024-09-R-win32-x86_64\eclipse\plugins\org.eclipse.m2e.maven.runtime_3.9.900.20240824-1409\jars\plexus-classworlds-2.8.0.jar
2024-11-27 10:51:39,894 [Worker-67: Launching hddt-SES (3)] INFO  o.eclipse.m2e.core.internal.Bundles - 	Entry: D:\Workspace_Giang\eclipse-jee-2024-09-R-win32-x86_64\eclipse\plugins\org.eclipse.m2e.maven.runtime_3.9.900.20240824-1409\jars\plexus-component-annotations-2.1.0.jar
2024-11-27 10:51:39,895 [Worker-67: Launching hddt-SES (3)] INFO  o.eclipse.m2e.core.internal.Bundles - 	Entry: D:\Workspace_Giang\eclipse-jee-2024-09-R-win32-x86_64\eclipse\plugins\org.eclipse.m2e.maven.runtime_3.9.900.20240824-1409\jars\plexus-interpolation-1.27.jar
2024-11-27 10:51:39,895 [Worker-67: Launching hddt-SES (3)] INFO  o.eclipse.m2e.core.internal.Bundles - 	Entry: D:\Workspace_Giang\eclipse-jee-2024-09-R-win32-x86_64\eclipse\plugins\org.eclipse.m2e.maven.runtime_3.9.900.20240824-1409\jars\plexus-sec-dispatcher-2.0.jar
2024-11-27 10:51:39,895 [Worker-67: Launching hddt-SES (3)] INFO  o.eclipse.m2e.core.internal.Bundles - 	Entry: D:\Workspace_Giang\eclipse-jee-2024-09-R-win32-x86_64\eclipse\plugins\org.eclipse.m2e.maven.runtime_3.9.900.20240824-1409\jars\plexus-utils-3.5.1.jar
2024-11-27 10:51:39,895 [Worker-67: Launching hddt-SES (3)] INFO  o.eclipse.m2e.core.internal.Bundles - 	Entry: D:\Workspace_Giang\eclipse-jee-2024-09-R-win32-x86_64\eclipse\plugins\org.eclipse.m2e.maven.runtime_3.9.900.20240824-1409\jars\plexus-xml-3.0.1.jar
2024-11-27 10:51:39,895 [Worker-67: Launching hddt-SES (3)] INFO  o.eclipse.m2e.core.internal.Bundles - 	Entry: D:\Workspace_Giang\eclipse-jee-2024-09-R-win32-x86_64\eclipse\plugins\org.eclipse.m2e.maven.runtime_3.9.900.20240824-1409\jars\wagon-file-3.5.3.jar
2024-11-27 10:51:39,895 [Worker-67: Launching hddt-SES (3)] INFO  o.eclipse.m2e.core.internal.Bundles - 	Entry: D:\Workspace_Giang\eclipse-jee-2024-09-R-win32-x86_64\eclipse\plugins\org.eclipse.m2e.maven.runtime_3.9.900.20240824-1409\jars\wagon-http-3.5.3.jar
2024-11-27 10:51:39,895 [Worker-67: Launching hddt-SES (3)] INFO  o.eclipse.m2e.core.internal.Bundles - 	Entry: D:\Workspace_Giang\eclipse-jee-2024-09-R-win32-x86_64\eclipse\plugins\org.eclipse.m2e.maven.runtime_3.9.900.20240824-1409\jars\wagon-http-shared-3.5.3.jar
2024-11-27 10:51:39,895 [Worker-67: Launching hddt-SES (3)] INFO  o.eclipse.m2e.core.internal.Bundles - 	Entry: D:\Workspace_Giang\eclipse-jee-2024-09-R-win32-x86_64\eclipse\plugins\org.eclipse.m2e.maven.runtime_3.9.900.20240824-1409\jars\wagon-provider-api-3.5.3.jar
2024-11-27 10:51:39,896 [Worker-67: Launching hddt-SES (3)] INFO  o.eclipse.m2e.core.internal.Bundles - getClasspathEntries(Bundle=com.google.guava_33.3.0.jre [16])
2024-11-27 10:51:39,896 [Worker-67: Launching hddt-SES (3)] INFO  o.eclipse.m2e.core.internal.Bundles - 	Entry: D:\Workspace_Giang\eclipse-jee-2024-09-R-win32-x86_64\eclipse\plugins\com.google.guava_33.3.0.jre.jar
2024-11-27 10:51:39,896 [Worker-67: Launching hddt-SES (3)] INFO  o.eclipse.m2e.core.internal.Bundles - getClasspathEntries(Bundle=slf4j.api_2.0.16 [1008])
2024-11-27 10:51:39,896 [Worker-67: Launching hddt-SES (3)] INFO  o.eclipse.m2e.core.internal.Bundles - 	Entry: D:\Workspace_Giang\eclipse-jee-2024-09-R-win32-x86_64\eclipse\plugins\slf4j.api_2.0.16.jar
2024-11-27 10:51:39,897 [Worker-67: Launching hddt-SES (3)] INFO  o.eclipse.m2e.core.internal.Bundles - getClasspathEntries(Bundle=jakarta.inject.jakarta.inject-api_1.0.5 [34])
2024-11-27 10:51:39,897 [Worker-67: Launching hddt-SES (3)] INFO  o.eclipse.m2e.core.internal.Bundles - 	Entry: D:\Workspace_Giang\eclipse-jee-2024-09-R-win32-x86_64\eclipse\plugins\jakarta.inject.jakarta.inject-api_1.0.5.jar
2024-11-27 10:51:39,897 [Worker-67: Launching hddt-SES (3)] INFO  o.eclipse.m2e.core.internal.Bundles - getClasspathEntries(Bundle=jakarta.annotation-api_1.3.5 [29])
2024-11-27 10:51:39,897 [Worker-67: Launching hddt-SES (3)] INFO  o.eclipse.m2e.core.internal.Bundles - 	Entry: D:\Workspace_Giang\eclipse-jee-2024-09-R-win32-x86_64\eclipse\plugins\jakarta.annotation-api_1.3.5.jar
2024-11-27 10:51:39,897 [Worker-67: Launching hddt-SES (3)] INFO  o.eclipse.m2e.core.internal.Bundles - getClasspathEntries(Bundle=org.apache.commons.cli_1.9.0 [78])
2024-11-27 10:51:39,897 [Worker-67: Launching hddt-SES (3)] INFO  o.eclipse.m2e.core.internal.Bundles - 	Entry: D:\Workspace_Giang\eclipse-jee-2024-09-R-win32-x86_64\eclipse\plugins\org.apache.commons.cli_1.9.0.jar
2024-11-27 10:51:39,897 [Worker-67: Launching hddt-SES (3)] INFO  o.eclipse.m2e.core.internal.Bundles - getClasspathEntries(Bundle=org.apache.commons.commons-codec_1.16.0 [81])
2024-11-27 10:51:39,897 [Worker-67: Launching hddt-SES (3)] INFO  o.eclipse.m2e.core.internal.Bundles - 	Entry: D:\Workspace_Giang\eclipse-jee-2024-09-R-win32-x86_64\eclipse\plugins\org.apache.commons.commons-codec_1.16.0.jar
2024-11-27 10:51:39,897 [Worker-67: Launching hddt-SES (3)] INFO  o.eclipse.m2e.core.internal.Bundles - getClasspathEntries(Bundle=com.google.guava.failureaccess_1.0.2 [17])
2024-11-27 10:51:39,898 [Worker-67: Launching hddt-SES (3)] INFO  o.eclipse.m2e.core.internal.Bundles - 	Entry: D:\Workspace_Giang\eclipse-jee-2024-09-R-win32-x86_64\eclipse\plugins\com.google.guava.failureaccess_1.0.2.jar
2024-11-27 10:51:39,900 [Worker-67: Launching hddt-SES (3)] INFO  o.e.m.i.launch.MavenLaunchDelegate - Run build in "D:\WorkSpace Eclipse\ses inv 25.11.2024\hddt-SES":
2024-11-27 10:51:39,900 [Worker-67: Launching hddt-SES (3)] INFO  o.e.m.i.launch.MavenLaunchDelegate -  mvn  -B -Dstyle.color=always clean compile install package
2024-11-27 10:55:43,738 [main] INFO  o.e.m2e.actions.ExecutePomAction - Creating new launch configuration
2024-11-27 10:55:54,088 [Worker-69: Launching hddt SES-api (2)] INFO  o.eclipse.m2e.core.internal.Bundles - getClasspathEntries(Bundle=org.eclipse.m2e.maven.runtime_3.9.900.20240824-1409 [643])
2024-11-27 10:55:54,089 [Worker-69: Launching hddt SES-api (2)] INFO  o.eclipse.m2e.core.internal.Bundles - 	Entry: D:\Workspace_Giang\eclipse-jee-2024-09-R-win32-x86_64\eclipse\plugins\org.eclipse.m2e.maven.runtime_3.9.900.20240824-1409
2024-11-27 10:55:54,089 [Worker-69: Launching hddt SES-api (2)] INFO  o.eclipse.m2e.core.internal.Bundles - 	Entry: D:\Workspace_Giang\eclipse-jee-2024-09-R-win32-x86_64\eclipse\plugins\org.eclipse.m2e.maven.runtime_3.9.900.20240824-1409\jars\aopalliance-1.0.jar
2024-11-27 10:55:54,089 [Worker-69: Launching hddt SES-api (2)] INFO  o.eclipse.m2e.core.internal.Bundles - 	Entry: D:\Workspace_Giang\eclipse-jee-2024-09-R-win32-x86_64\eclipse\plugins\org.eclipse.m2e.maven.runtime_3.9.900.20240824-1409\jars\guice-5.1.0.jar
2024-11-27 10:55:54,089 [Worker-69: Launching hddt SES-api (2)] INFO  o.eclipse.m2e.core.internal.Bundles - 	Entry: D:\Workspace_Giang\eclipse-jee-2024-09-R-win32-x86_64\eclipse\plugins\org.eclipse.m2e.maven.runtime_3.9.900.20240824-1409\jars\httpclient-4.5.14.jar
2024-11-27 10:55:54,089 [Worker-69: Launching hddt SES-api (2)] INFO  o.eclipse.m2e.core.internal.Bundles - 	Entry: D:\Workspace_Giang\eclipse-jee-2024-09-R-win32-x86_64\eclipse\plugins\org.eclipse.m2e.maven.runtime_3.9.900.20240824-1409\jars\httpcore-4.4.16.jar
2024-11-27 10:55:54,089 [Worker-69: Launching hddt SES-api (2)] INFO  o.eclipse.m2e.core.internal.Bundles - 	Entry: D:\Workspace_Giang\eclipse-jee-2024-09-R-win32-x86_64\eclipse\plugins\org.eclipse.m2e.maven.runtime_3.9.900.20240824-1409\jars\jansi-2.4.1.jar
2024-11-27 10:55:54,089 [Worker-69: Launching hddt SES-api (2)] INFO  o.eclipse.m2e.core.internal.Bundles - 	Entry: D:\Workspace_Giang\eclipse-jee-2024-09-R-win32-x86_64\eclipse\plugins\org.eclipse.m2e.maven.runtime_3.9.900.20240824-1409\jars\jcl-over-slf4j-1.7.36.jar
2024-11-27 10:55:54,090 [Worker-69: Launching hddt SES-api (2)] INFO  o.eclipse.m2e.core.internal.Bundles - 	Entry: D:\Workspace_Giang\eclipse-jee-2024-09-R-win32-x86_64\eclipse\plugins\org.eclipse.m2e.maven.runtime_3.9.900.20240824-1409\jars\maven-artifact-3.9.9.jar
2024-11-27 10:55:54,090 [Worker-69: Launching hddt SES-api (2)] INFO  o.eclipse.m2e.core.internal.Bundles - 	Entry: D:\Workspace_Giang\eclipse-jee-2024-09-R-win32-x86_64\eclipse\plugins\org.eclipse.m2e.maven.runtime_3.9.900.20240824-1409\jars\maven-builder-support-3.9.9.jar
2024-11-27 10:55:54,090 [Worker-69: Launching hddt SES-api (2)] INFO  o.eclipse.m2e.core.internal.Bundles - 	Entry: D:\Workspace_Giang\eclipse-jee-2024-09-R-win32-x86_64\eclipse\plugins\org.eclipse.m2e.maven.runtime_3.9.900.20240824-1409\jars\maven-compat-3.9.9.jar
2024-11-27 10:55:54,090 [Worker-69: Launching hddt SES-api (2)] INFO  o.eclipse.m2e.core.internal.Bundles - 	Entry: D:\Workspace_Giang\eclipse-jee-2024-09-R-win32-x86_64\eclipse\plugins\org.eclipse.m2e.maven.runtime_3.9.900.20240824-1409\jars\maven-core-3.9.9.jar
2024-11-27 10:55:54,090 [Worker-69: Launching hddt SES-api (2)] INFO  o.eclipse.m2e.core.internal.Bundles - 	Entry: D:\Workspace_Giang\eclipse-jee-2024-09-R-win32-x86_64\eclipse\plugins\org.eclipse.m2e.maven.runtime_3.9.900.20240824-1409\jars\maven-embedder-3.9.9.jar
2024-11-27 10:55:54,090 [Worker-69: Launching hddt SES-api (2)] INFO  o.eclipse.m2e.core.internal.Bundles - 	Entry: D:\Workspace_Giang\eclipse-jee-2024-09-R-win32-x86_64\eclipse\plugins\org.eclipse.m2e.maven.runtime_3.9.900.20240824-1409\jars\maven-model-3.9.9.jar
2024-11-27 10:55:54,090 [Worker-69: Launching hddt SES-api (2)] INFO  o.eclipse.m2e.core.internal.Bundles - 	Entry: D:\Workspace_Giang\eclipse-jee-2024-09-R-win32-x86_64\eclipse\plugins\org.eclipse.m2e.maven.runtime_3.9.900.20240824-1409\jars\maven-model-builder-3.9.9.jar
2024-11-27 10:55:54,090 [Worker-69: Launching hddt SES-api (2)] INFO  o.eclipse.m2e.core.internal.Bundles - 	Entry: D:\Workspace_Giang\eclipse-jee-2024-09-R-win32-x86_64\eclipse\plugins\org.eclipse.m2e.maven.runtime_3.9.900.20240824-1409\jars\maven-plugin-api-3.9.9.jar
2024-11-27 10:55:54,090 [Worker-69: Launching hddt SES-api (2)] INFO  o.eclipse.m2e.core.internal.Bundles - 	Entry: D:\Workspace_Giang\eclipse-jee-2024-09-R-win32-x86_64\eclipse\plugins\org.eclipse.m2e.maven.runtime_3.9.900.20240824-1409\jars\maven-repository-metadata-3.9.9.jar
2024-11-27 10:55:54,090 [Worker-69: Launching hddt SES-api (2)] INFO  o.eclipse.m2e.core.internal.Bundles - 	Entry: D:\Workspace_Giang\eclipse-jee-2024-09-R-win32-x86_64\eclipse\plugins\org.eclipse.m2e.maven.runtime_3.9.900.20240824-1409\jars\maven-resolver-api-1.9.22.jar
2024-11-27 10:55:54,090 [Worker-69: Launching hddt SES-api (2)] INFO  o.eclipse.m2e.core.internal.Bundles - 	Entry: D:\Workspace_Giang\eclipse-jee-2024-09-R-win32-x86_64\eclipse\plugins\org.eclipse.m2e.maven.runtime_3.9.900.20240824-1409\jars\maven-resolver-connector-basic-1.9.22.jar
2024-11-27 10:55:54,091 [Worker-69: Launching hddt SES-api (2)] INFO  o.eclipse.m2e.core.internal.Bundles - 	Entry: D:\Workspace_Giang\eclipse-jee-2024-09-R-win32-x86_64\eclipse\plugins\org.eclipse.m2e.maven.runtime_3.9.900.20240824-1409\jars\maven-resolver-impl-1.9.22.jar
2024-11-27 10:55:54,091 [Worker-69: Launching hddt SES-api (2)] INFO  o.eclipse.m2e.core.internal.Bundles - 	Entry: D:\Workspace_Giang\eclipse-jee-2024-09-R-win32-x86_64\eclipse\plugins\org.eclipse.m2e.maven.runtime_3.9.900.20240824-1409\jars\maven-resolver-named-locks-1.9.22.jar
2024-11-27 10:55:54,091 [Worker-69: Launching hddt SES-api (2)] INFO  o.eclipse.m2e.core.internal.Bundles - 	Entry: D:\Workspace_Giang\eclipse-jee-2024-09-R-win32-x86_64\eclipse\plugins\org.eclipse.m2e.maven.runtime_3.9.900.20240824-1409\jars\maven-resolver-provider-3.9.9.jar
2024-11-27 10:55:54,091 [Worker-69: Launching hddt SES-api (2)] INFO  o.eclipse.m2e.core.internal.Bundles - 	Entry: D:\Workspace_Giang\eclipse-jee-2024-09-R-win32-x86_64\eclipse\plugins\org.eclipse.m2e.maven.runtime_3.9.900.20240824-1409\jars\maven-resolver-spi-1.9.22.jar
2024-11-27 10:55:54,091 [Worker-69: Launching hddt SES-api (2)] INFO  o.eclipse.m2e.core.internal.Bundles - 	Entry: D:\Workspace_Giang\eclipse-jee-2024-09-R-win32-x86_64\eclipse\plugins\org.eclipse.m2e.maven.runtime_3.9.900.20240824-1409\jars\maven-resolver-transport-file-1.9.22.jar
2024-11-27 10:55:54,091 [Worker-69: Launching hddt SES-api (2)] INFO  o.eclipse.m2e.core.internal.Bundles - 	Entry: D:\Workspace_Giang\eclipse-jee-2024-09-R-win32-x86_64\eclipse\plugins\org.eclipse.m2e.maven.runtime_3.9.900.20240824-1409\jars\maven-resolver-transport-http-1.9.22.jar
2024-11-27 10:55:54,091 [Worker-69: Launching hddt SES-api (2)] INFO  o.eclipse.m2e.core.internal.Bundles - 	Entry: D:\Workspace_Giang\eclipse-jee-2024-09-R-win32-x86_64\eclipse\plugins\org.eclipse.m2e.maven.runtime_3.9.900.20240824-1409\jars\maven-resolver-transport-wagon-1.9.22.jar
2024-11-27 10:55:54,091 [Worker-69: Launching hddt SES-api (2)] INFO  o.eclipse.m2e.core.internal.Bundles - 	Entry: D:\Workspace_Giang\eclipse-jee-2024-09-R-win32-x86_64\eclipse\plugins\org.eclipse.m2e.maven.runtime_3.9.900.20240824-1409\jars\maven-resolver-util-1.9.22.jar
2024-11-27 10:55:54,091 [Worker-69: Launching hddt SES-api (2)] INFO  o.eclipse.m2e.core.internal.Bundles - 	Entry: D:\Workspace_Giang\eclipse-jee-2024-09-R-win32-x86_64\eclipse\plugins\org.eclipse.m2e.maven.runtime_3.9.900.20240824-1409\jars\maven-settings-3.9.9.jar
2024-11-27 10:55:54,091 [Worker-69: Launching hddt SES-api (2)] INFO  o.eclipse.m2e.core.internal.Bundles - 	Entry: D:\Workspace_Giang\eclipse-jee-2024-09-R-win32-x86_64\eclipse\plugins\org.eclipse.m2e.maven.runtime_3.9.900.20240824-1409\jars\maven-settings-builder-3.9.9.jar
2024-11-27 10:55:54,092 [Worker-69: Launching hddt SES-api (2)] INFO  o.eclipse.m2e.core.internal.Bundles - 	Entry: D:\Workspace_Giang\eclipse-jee-2024-09-R-win32-x86_64\eclipse\plugins\org.eclipse.m2e.maven.runtime_3.9.900.20240824-1409\jars\maven-shared-utils-3.4.2.jar
2024-11-27 10:55:54,092 [Worker-69: Launching hddt SES-api (2)] INFO  o.eclipse.m2e.core.internal.Bundles - 	Entry: D:\Workspace_Giang\eclipse-jee-2024-09-R-win32-x86_64\eclipse\plugins\org.eclipse.m2e.maven.runtime_3.9.900.20240824-1409\jars\org.eclipse.sisu.inject-0.9.0.M3.jar
2024-11-27 10:55:54,092 [Worker-69: Launching hddt SES-api (2)] INFO  o.eclipse.m2e.core.internal.Bundles - 	Entry: D:\Workspace_Giang\eclipse-jee-2024-09-R-win32-x86_64\eclipse\plugins\org.eclipse.m2e.maven.runtime_3.9.900.20240824-1409\jars\org.eclipse.sisu.plexus-0.9.0.M3.jar
2024-11-27 10:55:54,092 [Worker-69: Launching hddt SES-api (2)] INFO  o.eclipse.m2e.core.internal.Bundles - 	Entry: D:\Workspace_Giang\eclipse-jee-2024-09-R-win32-x86_64\eclipse\plugins\org.eclipse.m2e.maven.runtime_3.9.900.20240824-1409\jars\plexus-build-api-0.0.7.jar
2024-11-27 10:55:54,092 [Worker-69: Launching hddt SES-api (2)] INFO  o.eclipse.m2e.core.internal.Bundles - 	Entry: D:\Workspace_Giang\eclipse-jee-2024-09-R-win32-x86_64\eclipse\plugins\org.eclipse.m2e.maven.runtime_3.9.900.20240824-1409\jars\plexus-build-api-1.2.0.jar
2024-11-27 10:55:54,092 [Worker-69: Launching hddt SES-api (2)] INFO  o.eclipse.m2e.core.internal.Bundles - 	Entry: D:\Workspace_Giang\eclipse-jee-2024-09-R-win32-x86_64\eclipse\plugins\org.eclipse.m2e.maven.runtime_3.9.900.20240824-1409\jars\plexus-cipher-2.0.jar
2024-11-27 10:55:54,092 [Worker-69: Launching hddt SES-api (2)] INFO  o.eclipse.m2e.core.internal.Bundles - 	Entry: D:\Workspace_Giang\eclipse-jee-2024-09-R-win32-x86_64\eclipse\plugins\org.eclipse.m2e.maven.runtime_3.9.900.20240824-1409\jars\plexus-classworlds-2.8.0.jar
2024-11-27 10:55:54,092 [Worker-69: Launching hddt SES-api (2)] INFO  o.eclipse.m2e.core.internal.Bundles - 	Entry: D:\Workspace_Giang\eclipse-jee-2024-09-R-win32-x86_64\eclipse\plugins\org.eclipse.m2e.maven.runtime_3.9.900.20240824-1409\jars\plexus-component-annotations-2.1.0.jar
2024-11-27 10:55:54,092 [Worker-69: Launching hddt SES-api (2)] INFO  o.eclipse.m2e.core.internal.Bundles - 	Entry: D:\Workspace_Giang\eclipse-jee-2024-09-R-win32-x86_64\eclipse\plugins\org.eclipse.m2e.maven.runtime_3.9.900.20240824-1409\jars\plexus-interpolation-1.27.jar
2024-11-27 10:55:54,092 [Worker-69: Launching hddt SES-api (2)] INFO  o.eclipse.m2e.core.internal.Bundles - 	Entry: D:\Workspace_Giang\eclipse-jee-2024-09-R-win32-x86_64\eclipse\plugins\org.eclipse.m2e.maven.runtime_3.9.900.20240824-1409\jars\plexus-sec-dispatcher-2.0.jar
2024-11-27 10:55:54,092 [Worker-69: Launching hddt SES-api (2)] INFO  o.eclipse.m2e.core.internal.Bundles - 	Entry: D:\Workspace_Giang\eclipse-jee-2024-09-R-win32-x86_64\eclipse\plugins\org.eclipse.m2e.maven.runtime_3.9.900.20240824-1409\jars\plexus-utils-3.5.1.jar
2024-11-27 10:55:54,092 [Worker-69: Launching hddt SES-api (2)] INFO  o.eclipse.m2e.core.internal.Bundles - 	Entry: D:\Workspace_Giang\eclipse-jee-2024-09-R-win32-x86_64\eclipse\plugins\org.eclipse.m2e.maven.runtime_3.9.900.20240824-1409\jars\plexus-xml-3.0.1.jar
2024-11-27 10:55:54,093 [Worker-69: Launching hddt SES-api (2)] INFO  o.eclipse.m2e.core.internal.Bundles - 	Entry: D:\Workspace_Giang\eclipse-jee-2024-09-R-win32-x86_64\eclipse\plugins\org.eclipse.m2e.maven.runtime_3.9.900.20240824-1409\jars\wagon-file-3.5.3.jar
2024-11-27 10:55:54,093 [Worker-69: Launching hddt SES-api (2)] INFO  o.eclipse.m2e.core.internal.Bundles - 	Entry: D:\Workspace_Giang\eclipse-jee-2024-09-R-win32-x86_64\eclipse\plugins\org.eclipse.m2e.maven.runtime_3.9.900.20240824-1409\jars\wagon-http-3.5.3.jar
2024-11-27 10:55:54,093 [Worker-69: Launching hddt SES-api (2)] INFO  o.eclipse.m2e.core.internal.Bundles - 	Entry: D:\Workspace_Giang\eclipse-jee-2024-09-R-win32-x86_64\eclipse\plugins\org.eclipse.m2e.maven.runtime_3.9.900.20240824-1409\jars\wagon-http-shared-3.5.3.jar
2024-11-27 10:55:54,093 [Worker-69: Launching hddt SES-api (2)] INFO  o.eclipse.m2e.core.internal.Bundles - 	Entry: D:\Workspace_Giang\eclipse-jee-2024-09-R-win32-x86_64\eclipse\plugins\org.eclipse.m2e.maven.runtime_3.9.900.20240824-1409\jars\wagon-provider-api-3.5.3.jar
2024-11-27 10:55:54,093 [Worker-69: Launching hddt SES-api (2)] INFO  o.eclipse.m2e.core.internal.Bundles - getClasspathEntries(Bundle=com.google.guava_33.3.0.jre [16])
2024-11-27 10:55:54,093 [Worker-69: Launching hddt SES-api (2)] INFO  o.eclipse.m2e.core.internal.Bundles - 	Entry: D:\Workspace_Giang\eclipse-jee-2024-09-R-win32-x86_64\eclipse\plugins\com.google.guava_33.3.0.jre.jar
2024-11-27 10:55:54,093 [Worker-69: Launching hddt SES-api (2)] INFO  o.eclipse.m2e.core.internal.Bundles - getClasspathEntries(Bundle=slf4j.api_2.0.16 [1008])
2024-11-27 10:55:54,093 [Worker-69: Launching hddt SES-api (2)] INFO  o.eclipse.m2e.core.internal.Bundles - 	Entry: D:\Workspace_Giang\eclipse-jee-2024-09-R-win32-x86_64\eclipse\plugins\slf4j.api_2.0.16.jar
2024-11-27 10:55:54,093 [Worker-69: Launching hddt SES-api (2)] INFO  o.eclipse.m2e.core.internal.Bundles - getClasspathEntries(Bundle=jakarta.inject.jakarta.inject-api_1.0.5 [34])
2024-11-27 10:55:54,094 [Worker-69: Launching hddt SES-api (2)] INFO  o.eclipse.m2e.core.internal.Bundles - 	Entry: D:\Workspace_Giang\eclipse-jee-2024-09-R-win32-x86_64\eclipse\plugins\jakarta.inject.jakarta.inject-api_1.0.5.jar
2024-11-27 10:55:54,094 [Worker-69: Launching hddt SES-api (2)] INFO  o.eclipse.m2e.core.internal.Bundles - getClasspathEntries(Bundle=jakarta.annotation-api_1.3.5 [29])
2024-11-27 10:55:54,094 [Worker-69: Launching hddt SES-api (2)] INFO  o.eclipse.m2e.core.internal.Bundles - 	Entry: D:\Workspace_Giang\eclipse-jee-2024-09-R-win32-x86_64\eclipse\plugins\jakarta.annotation-api_1.3.5.jar
2024-11-27 10:55:54,094 [Worker-69: Launching hddt SES-api (2)] INFO  o.eclipse.m2e.core.internal.Bundles - getClasspathEntries(Bundle=org.apache.commons.cli_1.9.0 [78])
2024-11-27 10:55:54,094 [Worker-69: Launching hddt SES-api (2)] INFO  o.eclipse.m2e.core.internal.Bundles - 	Entry: D:\Workspace_Giang\eclipse-jee-2024-09-R-win32-x86_64\eclipse\plugins\org.apache.commons.cli_1.9.0.jar
2024-11-27 10:55:54,094 [Worker-69: Launching hddt SES-api (2)] INFO  o.eclipse.m2e.core.internal.Bundles - getClasspathEntries(Bundle=org.apache.commons.commons-codec_1.16.0 [81])
2024-11-27 10:55:54,094 [Worker-69: Launching hddt SES-api (2)] INFO  o.eclipse.m2e.core.internal.Bundles - 	Entry: D:\Workspace_Giang\eclipse-jee-2024-09-R-win32-x86_64\eclipse\plugins\org.apache.commons.commons-codec_1.16.0.jar
2024-11-27 10:55:54,094 [Worker-69: Launching hddt SES-api (2)] INFO  o.eclipse.m2e.core.internal.Bundles - getClasspathEntries(Bundle=com.google.guava.failureaccess_1.0.2 [17])
2024-11-27 10:55:54,094 [Worker-69: Launching hddt SES-api (2)] INFO  o.eclipse.m2e.core.internal.Bundles - 	Entry: D:\Workspace_Giang\eclipse-jee-2024-09-R-win32-x86_64\eclipse\plugins\com.google.guava.failureaccess_1.0.2.jar
2024-11-27 10:55:54,096 [Worker-69: Launching hddt SES-api (2)] INFO  o.e.m.i.launch.MavenLaunchDelegate - Run build in "D:\WorkSpace Eclipse\ses inv 25.11.2024\hddt SES-api":
2024-11-27 10:55:54,096 [Worker-69: Launching hddt SES-api (2)] INFO  o.e.m.i.launch.MavenLaunchDelegate -  mvn  -B -Dstyle.color=always clean compile install package
2024-11-27 11:17:56,818 [Worker-75: Building] INFO  o.e.m.c.i.embedder.EclipseLogger - Using 'UTF-8' encoding to copy filtered resources.
2024-11-27 11:17:56,818 [Worker-75: Building] INFO  o.e.m.c.i.embedder.EclipseLogger - Using 'UTF-8' encoding to copy filtered properties files.
2024-11-27 11:17:56,966 [Worker-75: Building] INFO  o.e.m.c.i.embedder.EclipseLogger - Copying 1 resource
2024-11-27 11:17:57,081 [Worker-75: Building] INFO  o.e.m.c.i.embedder.EclipseLogger - Copying 1461 resources
2024-11-27 11:17:57,440 [Worker-75: Building] INFO  o.e.m.c.i.embedder.EclipseLogger - Using 'UTF-8' encoding to copy filtered resources.
2024-11-27 11:17:57,440 [Worker-75: Building] INFO  o.e.m.c.i.embedder.EclipseLogger - Using 'UTF-8' encoding to copy filtered properties files.
2024-11-27 11:17:57,440 [Worker-75: Building] INFO  o.e.m.c.i.embedder.EclipseLogger - Copying 0 resource
2024-11-27 11:20:29,043 [Worker-78: Building] INFO  o.e.m.c.i.embedder.EclipseLogger - Using 'UTF-8' encoding to copy filtered resources.
2024-11-27 11:20:29,044 [Worker-78: Building] INFO  o.e.m.c.i.embedder.EclipseLogger - Using 'UTF-8' encoding to copy filtered properties files.
2024-11-27 11:20:29,118 [Worker-78: Building] INFO  o.e.m.c.i.embedder.EclipseLogger - Copying 1 resource
2024-11-27 11:20:29,195 [Worker-78: Building] INFO  o.e.m.c.i.embedder.EclipseLogger - Copying 1461 resources
2024-11-27 11:20:29,459 [Worker-78: Building] INFO  o.e.m.c.i.embedder.EclipseLogger - Using 'UTF-8' encoding to copy filtered resources.
2024-11-27 11:20:29,459 [Worker-78: Building] INFO  o.e.m.c.i.embedder.EclipseLogger - Using 'UTF-8' encoding to copy filtered properties files.
2024-11-27 11:20:29,460 [Worker-78: Building] INFO  o.e.m.c.i.embedder.EclipseLogger - Copying 0 resource
2024-11-27 11:26:48,856 [Worker-77: Building] INFO  o.e.m.c.i.embedder.EclipseLogger - Using 'UTF-8' encoding to copy filtered resources.
2024-11-27 11:26:48,858 [Worker-77: Building] INFO  o.e.m.c.i.embedder.EclipseLogger - Using 'UTF-8' encoding to copy filtered properties files.
2024-11-27 11:26:48,951 [Worker-77: Building] INFO  o.e.m.c.i.embedder.EclipseLogger - Copying 1 resource
2024-11-27 11:26:49,041 [Worker-77: Building] INFO  o.e.m.c.i.embedder.EclipseLogger - Copying 1461 resources
2024-11-27 11:26:49,297 [Worker-77: Building] INFO  o.e.m.c.i.embedder.EclipseLogger - Using 'UTF-8' encoding to copy filtered resources.
2024-11-27 11:26:49,297 [Worker-77: Building] INFO  o.e.m.c.i.embedder.EclipseLogger - Using 'UTF-8' encoding to copy filtered properties files.
2024-11-27 11:26:49,297 [Worker-77: Building] INFO  o.e.m.c.i.embedder.EclipseLogger - Copying 0 resource
2024-11-27 11:29:11,618 [main] INFO  o.e.m2e.actions.ExecutePomAction - Creating new launch configuration
2024-11-27 11:29:20,805 [Worker-40: Launching hddt SES-api (3)] INFO  o.eclipse.m2e.core.internal.Bundles - getClasspathEntries(Bundle=org.eclipse.m2e.maven.runtime_3.9.900.20240824-1409 [643])
2024-11-27 11:29:20,805 [Worker-40: Launching hddt SES-api (3)] INFO  o.eclipse.m2e.core.internal.Bundles - 	Entry: D:\Workspace_Giang\eclipse-jee-2024-09-R-win32-x86_64\eclipse\plugins\org.eclipse.m2e.maven.runtime_3.9.900.20240824-1409
2024-11-27 11:29:20,805 [Worker-40: Launching hddt SES-api (3)] INFO  o.eclipse.m2e.core.internal.Bundles - 	Entry: D:\Workspace_Giang\eclipse-jee-2024-09-R-win32-x86_64\eclipse\plugins\org.eclipse.m2e.maven.runtime_3.9.900.20240824-1409\jars\aopalliance-1.0.jar
2024-11-27 11:29:20,806 [Worker-40: Launching hddt SES-api (3)] INFO  o.eclipse.m2e.core.internal.Bundles - 	Entry: D:\Workspace_Giang\eclipse-jee-2024-09-R-win32-x86_64\eclipse\plugins\org.eclipse.m2e.maven.runtime_3.9.900.20240824-1409\jars\guice-5.1.0.jar
2024-11-27 11:29:20,806 [Worker-40: Launching hddt SES-api (3)] INFO  o.eclipse.m2e.core.internal.Bundles - 	Entry: D:\Workspace_Giang\eclipse-jee-2024-09-R-win32-x86_64\eclipse\plugins\org.eclipse.m2e.maven.runtime_3.9.900.20240824-1409\jars\httpclient-4.5.14.jar
2024-11-27 11:29:20,806 [Worker-40: Launching hddt SES-api (3)] INFO  o.eclipse.m2e.core.internal.Bundles - 	Entry: D:\Workspace_Giang\eclipse-jee-2024-09-R-win32-x86_64\eclipse\plugins\org.eclipse.m2e.maven.runtime_3.9.900.20240824-1409\jars\httpcore-4.4.16.jar
2024-11-27 11:29:20,806 [Worker-40: Launching hddt SES-api (3)] INFO  o.eclipse.m2e.core.internal.Bundles - 	Entry: D:\Workspace_Giang\eclipse-jee-2024-09-R-win32-x86_64\eclipse\plugins\org.eclipse.m2e.maven.runtime_3.9.900.20240824-1409\jars\jansi-2.4.1.jar
2024-11-27 11:29:20,806 [Worker-40: Launching hddt SES-api (3)] INFO  o.eclipse.m2e.core.internal.Bundles - 	Entry: D:\Workspace_Giang\eclipse-jee-2024-09-R-win32-x86_64\eclipse\plugins\org.eclipse.m2e.maven.runtime_3.9.900.20240824-1409\jars\jcl-over-slf4j-1.7.36.jar
2024-11-27 11:29:20,806 [Worker-40: Launching hddt SES-api (3)] INFO  o.eclipse.m2e.core.internal.Bundles - 	Entry: D:\Workspace_Giang\eclipse-jee-2024-09-R-win32-x86_64\eclipse\plugins\org.eclipse.m2e.maven.runtime_3.9.900.20240824-1409\jars\maven-artifact-3.9.9.jar
2024-11-27 11:29:20,806 [Worker-40: Launching hddt SES-api (3)] INFO  o.eclipse.m2e.core.internal.Bundles - 	Entry: D:\Workspace_Giang\eclipse-jee-2024-09-R-win32-x86_64\eclipse\plugins\org.eclipse.m2e.maven.runtime_3.9.900.20240824-1409\jars\maven-builder-support-3.9.9.jar
2024-11-27 11:29:20,806 [Worker-40: Launching hddt SES-api (3)] INFO  o.eclipse.m2e.core.internal.Bundles - 	Entry: D:\Workspace_Giang\eclipse-jee-2024-09-R-win32-x86_64\eclipse\plugins\org.eclipse.m2e.maven.runtime_3.9.900.20240824-1409\jars\maven-compat-3.9.9.jar
2024-11-27 11:29:20,806 [Worker-40: Launching hddt SES-api (3)] INFO  o.eclipse.m2e.core.internal.Bundles - 	Entry: D:\Workspace_Giang\eclipse-jee-2024-09-R-win32-x86_64\eclipse\plugins\org.eclipse.m2e.maven.runtime_3.9.900.20240824-1409\jars\maven-core-3.9.9.jar
2024-11-27 11:29:20,806 [Worker-40: Launching hddt SES-api (3)] INFO  o.eclipse.m2e.core.internal.Bundles - 	Entry: D:\Workspace_Giang\eclipse-jee-2024-09-R-win32-x86_64\eclipse\plugins\org.eclipse.m2e.maven.runtime_3.9.900.20240824-1409\jars\maven-embedder-3.9.9.jar
2024-11-27 11:29:20,806 [Worker-40: Launching hddt SES-api (3)] INFO  o.eclipse.m2e.core.internal.Bundles - 	Entry: D:\Workspace_Giang\eclipse-jee-2024-09-R-win32-x86_64\eclipse\plugins\org.eclipse.m2e.maven.runtime_3.9.900.20240824-1409\jars\maven-model-3.9.9.jar
2024-11-27 11:29:20,806 [Worker-40: Launching hddt SES-api (3)] INFO  o.eclipse.m2e.core.internal.Bundles - 	Entry: D:\Workspace_Giang\eclipse-jee-2024-09-R-win32-x86_64\eclipse\plugins\org.eclipse.m2e.maven.runtime_3.9.900.20240824-1409\jars\maven-model-builder-3.9.9.jar
2024-11-27 11:29:20,807 [Worker-40: Launching hddt SES-api (3)] INFO  o.eclipse.m2e.core.internal.Bundles - 	Entry: D:\Workspace_Giang\eclipse-jee-2024-09-R-win32-x86_64\eclipse\plugins\org.eclipse.m2e.maven.runtime_3.9.900.20240824-1409\jars\maven-plugin-api-3.9.9.jar
2024-11-27 11:29:20,807 [Worker-40: Launching hddt SES-api (3)] INFO  o.eclipse.m2e.core.internal.Bundles - 	Entry: D:\Workspace_Giang\eclipse-jee-2024-09-R-win32-x86_64\eclipse\plugins\org.eclipse.m2e.maven.runtime_3.9.900.20240824-1409\jars\maven-repository-metadata-3.9.9.jar
2024-11-27 11:29:20,807 [Worker-40: Launching hddt SES-api (3)] INFO  o.eclipse.m2e.core.internal.Bundles - 	Entry: D:\Workspace_Giang\eclipse-jee-2024-09-R-win32-x86_64\eclipse\plugins\org.eclipse.m2e.maven.runtime_3.9.900.20240824-1409\jars\maven-resolver-api-1.9.22.jar
2024-11-27 11:29:20,807 [Worker-40: Launching hddt SES-api (3)] INFO  o.eclipse.m2e.core.internal.Bundles - 	Entry: D:\Workspace_Giang\eclipse-jee-2024-09-R-win32-x86_64\eclipse\plugins\org.eclipse.m2e.maven.runtime_3.9.900.20240824-1409\jars\maven-resolver-connector-basic-1.9.22.jar
2024-11-27 11:29:20,807 [Worker-40: Launching hddt SES-api (3)] INFO  o.eclipse.m2e.core.internal.Bundles - 	Entry: D:\Workspace_Giang\eclipse-jee-2024-09-R-win32-x86_64\eclipse\plugins\org.eclipse.m2e.maven.runtime_3.9.900.20240824-1409\jars\maven-resolver-impl-1.9.22.jar
2024-11-27 11:29:20,807 [Worker-40: Launching hddt SES-api (3)] INFO  o.eclipse.m2e.core.internal.Bundles - 	Entry: D:\Workspace_Giang\eclipse-jee-2024-09-R-win32-x86_64\eclipse\plugins\org.eclipse.m2e.maven.runtime_3.9.900.20240824-1409\jars\maven-resolver-named-locks-1.9.22.jar
2024-11-27 11:29:20,807 [Worker-40: Launching hddt SES-api (3)] INFO  o.eclipse.m2e.core.internal.Bundles - 	Entry: D:\Workspace_Giang\eclipse-jee-2024-09-R-win32-x86_64\eclipse\plugins\org.eclipse.m2e.maven.runtime_3.9.900.20240824-1409\jars\maven-resolver-provider-3.9.9.jar
2024-11-27 11:29:20,807 [Worker-40: Launching hddt SES-api (3)] INFO  o.eclipse.m2e.core.internal.Bundles - 	Entry: D:\Workspace_Giang\eclipse-jee-2024-09-R-win32-x86_64\eclipse\plugins\org.eclipse.m2e.maven.runtime_3.9.900.20240824-1409\jars\maven-resolver-spi-1.9.22.jar
2024-11-27 11:29:20,807 [Worker-40: Launching hddt SES-api (3)] INFO  o.eclipse.m2e.core.internal.Bundles - 	Entry: D:\Workspace_Giang\eclipse-jee-2024-09-R-win32-x86_64\eclipse\plugins\org.eclipse.m2e.maven.runtime_3.9.900.20240824-1409\jars\maven-resolver-transport-file-1.9.22.jar
2024-11-27 11:29:20,807 [Worker-40: Launching hddt SES-api (3)] INFO  o.eclipse.m2e.core.internal.Bundles - 	Entry: D:\Workspace_Giang\eclipse-jee-2024-09-R-win32-x86_64\eclipse\plugins\org.eclipse.m2e.maven.runtime_3.9.900.20240824-1409\jars\maven-resolver-transport-http-1.9.22.jar
2024-11-27 11:29:20,807 [Worker-40: Launching hddt SES-api (3)] INFO  o.eclipse.m2e.core.internal.Bundles - 	Entry: D:\Workspace_Giang\eclipse-jee-2024-09-R-win32-x86_64\eclipse\plugins\org.eclipse.m2e.maven.runtime_3.9.900.20240824-1409\jars\maven-resolver-transport-wagon-1.9.22.jar
2024-11-27 11:29:20,807 [Worker-40: Launching hddt SES-api (3)] INFO  o.eclipse.m2e.core.internal.Bundles - 	Entry: D:\Workspace_Giang\eclipse-jee-2024-09-R-win32-x86_64\eclipse\plugins\org.eclipse.m2e.maven.runtime_3.9.900.20240824-1409\jars\maven-resolver-util-1.9.22.jar
2024-11-27 11:29:20,807 [Worker-40: Launching hddt SES-api (3)] INFO  o.eclipse.m2e.core.internal.Bundles - 	Entry: D:\Workspace_Giang\eclipse-jee-2024-09-R-win32-x86_64\eclipse\plugins\org.eclipse.m2e.maven.runtime_3.9.900.20240824-1409\jars\maven-settings-3.9.9.jar
2024-11-27 11:29:20,808 [Worker-40: Launching hddt SES-api (3)] INFO  o.eclipse.m2e.core.internal.Bundles - 	Entry: D:\Workspace_Giang\eclipse-jee-2024-09-R-win32-x86_64\eclipse\plugins\org.eclipse.m2e.maven.runtime_3.9.900.20240824-1409\jars\maven-settings-builder-3.9.9.jar
2024-11-27 11:29:20,808 [Worker-40: Launching hddt SES-api (3)] INFO  o.eclipse.m2e.core.internal.Bundles - 	Entry: D:\Workspace_Giang\eclipse-jee-2024-09-R-win32-x86_64\eclipse\plugins\org.eclipse.m2e.maven.runtime_3.9.900.20240824-1409\jars\maven-shared-utils-3.4.2.jar
2024-11-27 11:29:20,808 [Worker-40: Launching hddt SES-api (3)] INFO  o.eclipse.m2e.core.internal.Bundles - 	Entry: D:\Workspace_Giang\eclipse-jee-2024-09-R-win32-x86_64\eclipse\plugins\org.eclipse.m2e.maven.runtime_3.9.900.20240824-1409\jars\org.eclipse.sisu.inject-0.9.0.M3.jar
2024-11-27 11:29:20,808 [Worker-40: Launching hddt SES-api (3)] INFO  o.eclipse.m2e.core.internal.Bundles - 	Entry: D:\Workspace_Giang\eclipse-jee-2024-09-R-win32-x86_64\eclipse\plugins\org.eclipse.m2e.maven.runtime_3.9.900.20240824-1409\jars\org.eclipse.sisu.plexus-0.9.0.M3.jar
2024-11-27 11:29:20,808 [Worker-40: Launching hddt SES-api (3)] INFO  o.eclipse.m2e.core.internal.Bundles - 	Entry: D:\Workspace_Giang\eclipse-jee-2024-09-R-win32-x86_64\eclipse\plugins\org.eclipse.m2e.maven.runtime_3.9.900.20240824-1409\jars\plexus-build-api-0.0.7.jar
2024-11-27 11:29:20,808 [Worker-40: Launching hddt SES-api (3)] INFO  o.eclipse.m2e.core.internal.Bundles - 	Entry: D:\Workspace_Giang\eclipse-jee-2024-09-R-win32-x86_64\eclipse\plugins\org.eclipse.m2e.maven.runtime_3.9.900.20240824-1409\jars\plexus-build-api-1.2.0.jar
2024-11-27 11:29:20,808 [Worker-40: Launching hddt SES-api (3)] INFO  o.eclipse.m2e.core.internal.Bundles - 	Entry: D:\Workspace_Giang\eclipse-jee-2024-09-R-win32-x86_64\eclipse\plugins\org.eclipse.m2e.maven.runtime_3.9.900.20240824-1409\jars\plexus-cipher-2.0.jar
2024-11-27 11:29:20,808 [Worker-40: Launching hddt SES-api (3)] INFO  o.eclipse.m2e.core.internal.Bundles - 	Entry: D:\Workspace_Giang\eclipse-jee-2024-09-R-win32-x86_64\eclipse\plugins\org.eclipse.m2e.maven.runtime_3.9.900.20240824-1409\jars\plexus-classworlds-2.8.0.jar
2024-11-27 11:29:20,808 [Worker-40: Launching hddt SES-api (3)] INFO  o.eclipse.m2e.core.internal.Bundles - 	Entry: D:\Workspace_Giang\eclipse-jee-2024-09-R-win32-x86_64\eclipse\plugins\org.eclipse.m2e.maven.runtime_3.9.900.20240824-1409\jars\plexus-component-annotations-2.1.0.jar
2024-11-27 11:29:20,808 [Worker-40: Launching hddt SES-api (3)] INFO  o.eclipse.m2e.core.internal.Bundles - 	Entry: D:\Workspace_Giang\eclipse-jee-2024-09-R-win32-x86_64\eclipse\plugins\org.eclipse.m2e.maven.runtime_3.9.900.20240824-1409\jars\plexus-interpolation-1.27.jar
2024-11-27 11:29:20,808 [Worker-40: Launching hddt SES-api (3)] INFO  o.eclipse.m2e.core.internal.Bundles - 	Entry: D:\Workspace_Giang\eclipse-jee-2024-09-R-win32-x86_64\eclipse\plugins\org.eclipse.m2e.maven.runtime_3.9.900.20240824-1409\jars\plexus-sec-dispatcher-2.0.jar
2024-11-27 11:29:20,808 [Worker-40: Launching hddt SES-api (3)] INFO  o.eclipse.m2e.core.internal.Bundles - 	Entry: D:\Workspace_Giang\eclipse-jee-2024-09-R-win32-x86_64\eclipse\plugins\org.eclipse.m2e.maven.runtime_3.9.900.20240824-1409\jars\plexus-utils-3.5.1.jar
2024-11-27 11:29:20,808 [Worker-40: Launching hddt SES-api (3)] INFO  o.eclipse.m2e.core.internal.Bundles - 	Entry: D:\Workspace_Giang\eclipse-jee-2024-09-R-win32-x86_64\eclipse\plugins\org.eclipse.m2e.maven.runtime_3.9.900.20240824-1409\jars\plexus-xml-3.0.1.jar
2024-11-27 11:29:20,809 [Worker-40: Launching hddt SES-api (3)] INFO  o.eclipse.m2e.core.internal.Bundles - 	Entry: D:\Workspace_Giang\eclipse-jee-2024-09-R-win32-x86_64\eclipse\plugins\org.eclipse.m2e.maven.runtime_3.9.900.20240824-1409\jars\wagon-file-3.5.3.jar
2024-11-27 11:29:20,809 [Worker-40: Launching hddt SES-api (3)] INFO  o.eclipse.m2e.core.internal.Bundles - 	Entry: D:\Workspace_Giang\eclipse-jee-2024-09-R-win32-x86_64\eclipse\plugins\org.eclipse.m2e.maven.runtime_3.9.900.20240824-1409\jars\wagon-http-3.5.3.jar
2024-11-27 11:29:20,809 [Worker-40: Launching hddt SES-api (3)] INFO  o.eclipse.m2e.core.internal.Bundles - 	Entry: D:\Workspace_Giang\eclipse-jee-2024-09-R-win32-x86_64\eclipse\plugins\org.eclipse.m2e.maven.runtime_3.9.900.20240824-1409\jars\wagon-http-shared-3.5.3.jar
2024-11-27 11:29:20,809 [Worker-40: Launching hddt SES-api (3)] INFO  o.eclipse.m2e.core.internal.Bundles - 	Entry: D:\Workspace_Giang\eclipse-jee-2024-09-R-win32-x86_64\eclipse\plugins\org.eclipse.m2e.maven.runtime_3.9.900.20240824-1409\jars\wagon-provider-api-3.5.3.jar
2024-11-27 11:29:20,809 [Worker-40: Launching hddt SES-api (3)] INFO  o.eclipse.m2e.core.internal.Bundles - getClasspathEntries(Bundle=com.google.guava_33.3.0.jre [16])
2024-11-27 11:29:20,809 [Worker-40: Launching hddt SES-api (3)] INFO  o.eclipse.m2e.core.internal.Bundles - 	Entry: D:\Workspace_Giang\eclipse-jee-2024-09-R-win32-x86_64\eclipse\plugins\com.google.guava_33.3.0.jre.jar
2024-11-27 11:29:20,809 [Worker-40: Launching hddt SES-api (3)] INFO  o.eclipse.m2e.core.internal.Bundles - getClasspathEntries(Bundle=slf4j.api_2.0.16 [1008])
2024-11-27 11:29:20,810 [Worker-40: Launching hddt SES-api (3)] INFO  o.eclipse.m2e.core.internal.Bundles - 	Entry: D:\Workspace_Giang\eclipse-jee-2024-09-R-win32-x86_64\eclipse\plugins\slf4j.api_2.0.16.jar
2024-11-27 11:29:20,810 [Worker-40: Launching hddt SES-api (3)] INFO  o.eclipse.m2e.core.internal.Bundles - getClasspathEntries(Bundle=jakarta.inject.jakarta.inject-api_1.0.5 [34])
2024-11-27 11:29:20,810 [Worker-40: Launching hddt SES-api (3)] INFO  o.eclipse.m2e.core.internal.Bundles - 	Entry: D:\Workspace_Giang\eclipse-jee-2024-09-R-win32-x86_64\eclipse\plugins\jakarta.inject.jakarta.inject-api_1.0.5.jar
2024-11-27 11:29:20,810 [Worker-40: Launching hddt SES-api (3)] INFO  o.eclipse.m2e.core.internal.Bundles - getClasspathEntries(Bundle=jakarta.annotation-api_1.3.5 [29])
2024-11-27 11:29:20,810 [Worker-40: Launching hddt SES-api (3)] INFO  o.eclipse.m2e.core.internal.Bundles - 	Entry: D:\Workspace_Giang\eclipse-jee-2024-09-R-win32-x86_64\eclipse\plugins\jakarta.annotation-api_1.3.5.jar
2024-11-27 11:29:20,810 [Worker-40: Launching hddt SES-api (3)] INFO  o.eclipse.m2e.core.internal.Bundles - getClasspathEntries(Bundle=org.apache.commons.cli_1.9.0 [78])
2024-11-27 11:29:20,810 [Worker-40: Launching hddt SES-api (3)] INFO  o.eclipse.m2e.core.internal.Bundles - 	Entry: D:\Workspace_Giang\eclipse-jee-2024-09-R-win32-x86_64\eclipse\plugins\org.apache.commons.cli_1.9.0.jar
2024-11-27 11:29:20,810 [Worker-40: Launching hddt SES-api (3)] INFO  o.eclipse.m2e.core.internal.Bundles - getClasspathEntries(Bundle=org.apache.commons.commons-codec_1.16.0 [81])
2024-11-27 11:29:20,811 [Worker-40: Launching hddt SES-api (3)] INFO  o.eclipse.m2e.core.internal.Bundles - 	Entry: D:\Workspace_Giang\eclipse-jee-2024-09-R-win32-x86_64\eclipse\plugins\org.apache.commons.commons-codec_1.16.0.jar
2024-11-27 11:29:20,811 [Worker-40: Launching hddt SES-api (3)] INFO  o.eclipse.m2e.core.internal.Bundles - getClasspathEntries(Bundle=com.google.guava.failureaccess_1.0.2 [17])
2024-11-27 11:29:20,811 [Worker-40: Launching hddt SES-api (3)] INFO  o.eclipse.m2e.core.internal.Bundles - 	Entry: D:\Workspace_Giang\eclipse-jee-2024-09-R-win32-x86_64\eclipse\plugins\com.google.guava.failureaccess_1.0.2.jar
2024-11-27 11:29:20,812 [Worker-40: Launching hddt SES-api (3)] INFO  o.e.m.i.launch.MavenLaunchDelegate - Run build in "D:\WorkSpace Eclipse\ses inv 25.11.2024\hddt SES-api":
2024-11-27 11:29:20,812 [Worker-40: Launching hddt SES-api (3)] INFO  o.e.m.i.launch.MavenLaunchDelegate -  mvn  -B -Dstyle.color=always clean compile install package
2024-11-27 11:32:37,194 [main] INFO  o.e.m2e.actions.ExecutePomAction - Creating new launch configuration
2024-11-27 11:32:45,352 [Worker-40: Launching hddt-SES (4)] INFO  o.eclipse.m2e.core.internal.Bundles - getClasspathEntries(Bundle=org.eclipse.m2e.maven.runtime_3.9.900.20240824-1409 [643])
2024-11-27 11:32:45,352 [Worker-40: Launching hddt-SES (4)] INFO  o.eclipse.m2e.core.internal.Bundles - 	Entry: D:\Workspace_Giang\eclipse-jee-2024-09-R-win32-x86_64\eclipse\plugins\org.eclipse.m2e.maven.runtime_3.9.900.20240824-1409
2024-11-27 11:32:45,353 [Worker-40: Launching hddt-SES (4)] INFO  o.eclipse.m2e.core.internal.Bundles - 	Entry: D:\Workspace_Giang\eclipse-jee-2024-09-R-win32-x86_64\eclipse\plugins\org.eclipse.m2e.maven.runtime_3.9.900.20240824-1409\jars\aopalliance-1.0.jar
2024-11-27 11:32:45,353 [Worker-40: Launching hddt-SES (4)] INFO  o.eclipse.m2e.core.internal.Bundles - 	Entry: D:\Workspace_Giang\eclipse-jee-2024-09-R-win32-x86_64\eclipse\plugins\org.eclipse.m2e.maven.runtime_3.9.900.20240824-1409\jars\guice-5.1.0.jar
2024-11-27 11:32:45,353 [Worker-40: Launching hddt-SES (4)] INFO  o.eclipse.m2e.core.internal.Bundles - 	Entry: D:\Workspace_Giang\eclipse-jee-2024-09-R-win32-x86_64\eclipse\plugins\org.eclipse.m2e.maven.runtime_3.9.900.20240824-1409\jars\httpclient-4.5.14.jar
2024-11-27 11:32:45,353 [Worker-40: Launching hddt-SES (4)] INFO  o.eclipse.m2e.core.internal.Bundles - 	Entry: D:\Workspace_Giang\eclipse-jee-2024-09-R-win32-x86_64\eclipse\plugins\org.eclipse.m2e.maven.runtime_3.9.900.20240824-1409\jars\httpcore-4.4.16.jar
2024-11-27 11:32:45,353 [Worker-40: Launching hddt-SES (4)] INFO  o.eclipse.m2e.core.internal.Bundles - 	Entry: D:\Workspace_Giang\eclipse-jee-2024-09-R-win32-x86_64\eclipse\plugins\org.eclipse.m2e.maven.runtime_3.9.900.20240824-1409\jars\jansi-2.4.1.jar
2024-11-27 11:32:45,353 [Worker-40: Launching hddt-SES (4)] INFO  o.eclipse.m2e.core.internal.Bundles - 	Entry: D:\Workspace_Giang\eclipse-jee-2024-09-R-win32-x86_64\eclipse\plugins\org.eclipse.m2e.maven.runtime_3.9.900.20240824-1409\jars\jcl-over-slf4j-1.7.36.jar
2024-11-27 11:32:45,353 [Worker-40: Launching hddt-SES (4)] INFO  o.eclipse.m2e.core.internal.Bundles - 	Entry: D:\Workspace_Giang\eclipse-jee-2024-09-R-win32-x86_64\eclipse\plugins\org.eclipse.m2e.maven.runtime_3.9.900.20240824-1409\jars\maven-artifact-3.9.9.jar
2024-11-27 11:32:45,353 [Worker-40: Launching hddt-SES (4)] INFO  o.eclipse.m2e.core.internal.Bundles - 	Entry: D:\Workspace_Giang\eclipse-jee-2024-09-R-win32-x86_64\eclipse\plugins\org.eclipse.m2e.maven.runtime_3.9.900.20240824-1409\jars\maven-builder-support-3.9.9.jar
2024-11-27 11:32:45,353 [Worker-40: Launching hddt-SES (4)] INFO  o.eclipse.m2e.core.internal.Bundles - 	Entry: D:\Workspace_Giang\eclipse-jee-2024-09-R-win32-x86_64\eclipse\plugins\org.eclipse.m2e.maven.runtime_3.9.900.20240824-1409\jars\maven-compat-3.9.9.jar
2024-11-27 11:32:45,353 [Worker-40: Launching hddt-SES (4)] INFO  o.eclipse.m2e.core.internal.Bundles - 	Entry: D:\Workspace_Giang\eclipse-jee-2024-09-R-win32-x86_64\eclipse\plugins\org.eclipse.m2e.maven.runtime_3.9.900.20240824-1409\jars\maven-core-3.9.9.jar
2024-11-27 11:32:45,353 [Worker-40: Launching hddt-SES (4)] INFO  o.eclipse.m2e.core.internal.Bundles - 	Entry: D:\Workspace_Giang\eclipse-jee-2024-09-R-win32-x86_64\eclipse\plugins\org.eclipse.m2e.maven.runtime_3.9.900.20240824-1409\jars\maven-embedder-3.9.9.jar
2024-11-27 11:32:45,354 [Worker-40: Launching hddt-SES (4)] INFO  o.eclipse.m2e.core.internal.Bundles - 	Entry: D:\Workspace_Giang\eclipse-jee-2024-09-R-win32-x86_64\eclipse\plugins\org.eclipse.m2e.maven.runtime_3.9.900.20240824-1409\jars\maven-model-3.9.9.jar
2024-11-27 11:32:45,354 [Worker-40: Launching hddt-SES (4)] INFO  o.eclipse.m2e.core.internal.Bundles - 	Entry: D:\Workspace_Giang\eclipse-jee-2024-09-R-win32-x86_64\eclipse\plugins\org.eclipse.m2e.maven.runtime_3.9.900.20240824-1409\jars\maven-model-builder-3.9.9.jar
2024-11-27 11:32:45,354 [Worker-40: Launching hddt-SES (4)] INFO  o.eclipse.m2e.core.internal.Bundles - 	Entry: D:\Workspace_Giang\eclipse-jee-2024-09-R-win32-x86_64\eclipse\plugins\org.eclipse.m2e.maven.runtime_3.9.900.20240824-1409\jars\maven-plugin-api-3.9.9.jar
2024-11-27 11:32:45,354 [Worker-40: Launching hddt-SES (4)] INFO  o.eclipse.m2e.core.internal.Bundles - 	Entry: D:\Workspace_Giang\eclipse-jee-2024-09-R-win32-x86_64\eclipse\plugins\org.eclipse.m2e.maven.runtime_3.9.900.20240824-1409\jars\maven-repository-metadata-3.9.9.jar
2024-11-27 11:32:45,354 [Worker-40: Launching hddt-SES (4)] INFO  o.eclipse.m2e.core.internal.Bundles - 	Entry: D:\Workspace_Giang\eclipse-jee-2024-09-R-win32-x86_64\eclipse\plugins\org.eclipse.m2e.maven.runtime_3.9.900.20240824-1409\jars\maven-resolver-api-1.9.22.jar
2024-11-27 11:32:45,354 [Worker-40: Launching hddt-SES (4)] INFO  o.eclipse.m2e.core.internal.Bundles - 	Entry: D:\Workspace_Giang\eclipse-jee-2024-09-R-win32-x86_64\eclipse\plugins\org.eclipse.m2e.maven.runtime_3.9.900.20240824-1409\jars\maven-resolver-connector-basic-1.9.22.jar
2024-11-27 11:32:45,354 [Worker-40: Launching hddt-SES (4)] INFO  o.eclipse.m2e.core.internal.Bundles - 	Entry: D:\Workspace_Giang\eclipse-jee-2024-09-R-win32-x86_64\eclipse\plugins\org.eclipse.m2e.maven.runtime_3.9.900.20240824-1409\jars\maven-resolver-impl-1.9.22.jar
2024-11-27 11:32:45,354 [Worker-40: Launching hddt-SES (4)] INFO  o.eclipse.m2e.core.internal.Bundles - 	Entry: D:\Workspace_Giang\eclipse-jee-2024-09-R-win32-x86_64\eclipse\plugins\org.eclipse.m2e.maven.runtime_3.9.900.20240824-1409\jars\maven-resolver-named-locks-1.9.22.jar
2024-11-27 11:32:45,354 [Worker-40: Launching hddt-SES (4)] INFO  o.eclipse.m2e.core.internal.Bundles - 	Entry: D:\Workspace_Giang\eclipse-jee-2024-09-R-win32-x86_64\eclipse\plugins\org.eclipse.m2e.maven.runtime_3.9.900.20240824-1409\jars\maven-resolver-provider-3.9.9.jar
2024-11-27 11:32:45,354 [Worker-40: Launching hddt-SES (4)] INFO  o.eclipse.m2e.core.internal.Bundles - 	Entry: D:\Workspace_Giang\eclipse-jee-2024-09-R-win32-x86_64\eclipse\plugins\org.eclipse.m2e.maven.runtime_3.9.900.20240824-1409\jars\maven-resolver-spi-1.9.22.jar
2024-11-27 11:32:45,354 [Worker-40: Launching hddt-SES (4)] INFO  o.eclipse.m2e.core.internal.Bundles - 	Entry: D:\Workspace_Giang\eclipse-jee-2024-09-R-win32-x86_64\eclipse\plugins\org.eclipse.m2e.maven.runtime_3.9.900.20240824-1409\jars\maven-resolver-transport-file-1.9.22.jar
2024-11-27 11:32:45,355 [Worker-40: Launching hddt-SES (4)] INFO  o.eclipse.m2e.core.internal.Bundles - 	Entry: D:\Workspace_Giang\eclipse-jee-2024-09-R-win32-x86_64\eclipse\plugins\org.eclipse.m2e.maven.runtime_3.9.900.20240824-1409\jars\maven-resolver-transport-http-1.9.22.jar
2024-11-27 11:32:45,355 [Worker-40: Launching hddt-SES (4)] INFO  o.eclipse.m2e.core.internal.Bundles - 	Entry: D:\Workspace_Giang\eclipse-jee-2024-09-R-win32-x86_64\eclipse\plugins\org.eclipse.m2e.maven.runtime_3.9.900.20240824-1409\jars\maven-resolver-transport-wagon-1.9.22.jar
2024-11-27 11:32:45,355 [Worker-40: Launching hddt-SES (4)] INFO  o.eclipse.m2e.core.internal.Bundles - 	Entry: D:\Workspace_Giang\eclipse-jee-2024-09-R-win32-x86_64\eclipse\plugins\org.eclipse.m2e.maven.runtime_3.9.900.20240824-1409\jars\maven-resolver-util-1.9.22.jar
2024-11-27 11:32:45,355 [Worker-40: Launching hddt-SES (4)] INFO  o.eclipse.m2e.core.internal.Bundles - 	Entry: D:\Workspace_Giang\eclipse-jee-2024-09-R-win32-x86_64\eclipse\plugins\org.eclipse.m2e.maven.runtime_3.9.900.20240824-1409\jars\maven-settings-3.9.9.jar
2024-11-27 11:32:45,355 [Worker-40: Launching hddt-SES (4)] INFO  o.eclipse.m2e.core.internal.Bundles - 	Entry: D:\Workspace_Giang\eclipse-jee-2024-09-R-win32-x86_64\eclipse\plugins\org.eclipse.m2e.maven.runtime_3.9.900.20240824-1409\jars\maven-settings-builder-3.9.9.jar
2024-11-27 11:32:45,355 [Worker-40: Launching hddt-SES (4)] INFO  o.eclipse.m2e.core.internal.Bundles - 	Entry: D:\Workspace_Giang\eclipse-jee-2024-09-R-win32-x86_64\eclipse\plugins\org.eclipse.m2e.maven.runtime_3.9.900.20240824-1409\jars\maven-shared-utils-3.4.2.jar
2024-11-27 11:32:45,355 [Worker-40: Launching hddt-SES (4)] INFO  o.eclipse.m2e.core.internal.Bundles - 	Entry: D:\Workspace_Giang\eclipse-jee-2024-09-R-win32-x86_64\eclipse\plugins\org.eclipse.m2e.maven.runtime_3.9.900.20240824-1409\jars\org.eclipse.sisu.inject-0.9.0.M3.jar
2024-11-27 11:32:45,355 [Worker-40: Launching hddt-SES (4)] INFO  o.eclipse.m2e.core.internal.Bundles - 	Entry: D:\Workspace_Giang\eclipse-jee-2024-09-R-win32-x86_64\eclipse\plugins\org.eclipse.m2e.maven.runtime_3.9.900.20240824-1409\jars\org.eclipse.sisu.plexus-0.9.0.M3.jar
2024-11-27 11:32:45,355 [Worker-40: Launching hddt-SES (4)] INFO  o.eclipse.m2e.core.internal.Bundles - 	Entry: D:\Workspace_Giang\eclipse-jee-2024-09-R-win32-x86_64\eclipse\plugins\org.eclipse.m2e.maven.runtime_3.9.900.20240824-1409\jars\plexus-build-api-0.0.7.jar
2024-11-27 11:32:45,355 [Worker-40: Launching hddt-SES (4)] INFO  o.eclipse.m2e.core.internal.Bundles - 	Entry: D:\Workspace_Giang\eclipse-jee-2024-09-R-win32-x86_64\eclipse\plugins\org.eclipse.m2e.maven.runtime_3.9.900.20240824-1409\jars\plexus-build-api-1.2.0.jar
2024-11-27 11:32:45,355 [Worker-40: Launching hddt-SES (4)] INFO  o.eclipse.m2e.core.internal.Bundles - 	Entry: D:\Workspace_Giang\eclipse-jee-2024-09-R-win32-x86_64\eclipse\plugins\org.eclipse.m2e.maven.runtime_3.9.900.20240824-1409\jars\plexus-cipher-2.0.jar
2024-11-27 11:32:45,355 [Worker-40: Launching hddt-SES (4)] INFO  o.eclipse.m2e.core.internal.Bundles - 	Entry: D:\Workspace_Giang\eclipse-jee-2024-09-R-win32-x86_64\eclipse\plugins\org.eclipse.m2e.maven.runtime_3.9.900.20240824-1409\jars\plexus-classworlds-2.8.0.jar
2024-11-27 11:32:45,355 [Worker-40: Launching hddt-SES (4)] INFO  o.eclipse.m2e.core.internal.Bundles - 	Entry: D:\Workspace_Giang\eclipse-jee-2024-09-R-win32-x86_64\eclipse\plugins\org.eclipse.m2e.maven.runtime_3.9.900.20240824-1409\jars\plexus-component-annotations-2.1.0.jar
2024-11-27 11:32:45,356 [Worker-40: Launching hddt-SES (4)] INFO  o.eclipse.m2e.core.internal.Bundles - 	Entry: D:\Workspace_Giang\eclipse-jee-2024-09-R-win32-x86_64\eclipse\plugins\org.eclipse.m2e.maven.runtime_3.9.900.20240824-1409\jars\plexus-interpolation-1.27.jar
2024-11-27 11:32:45,356 [Worker-40: Launching hddt-SES (4)] INFO  o.eclipse.m2e.core.internal.Bundles - 	Entry: D:\Workspace_Giang\eclipse-jee-2024-09-R-win32-x86_64\eclipse\plugins\org.eclipse.m2e.maven.runtime_3.9.900.20240824-1409\jars\plexus-sec-dispatcher-2.0.jar
2024-11-27 11:32:45,356 [Worker-40: Launching hddt-SES (4)] INFO  o.eclipse.m2e.core.internal.Bundles - 	Entry: D:\Workspace_Giang\eclipse-jee-2024-09-R-win32-x86_64\eclipse\plugins\org.eclipse.m2e.maven.runtime_3.9.900.20240824-1409\jars\plexus-utils-3.5.1.jar
2024-11-27 11:32:45,356 [Worker-40: Launching hddt-SES (4)] INFO  o.eclipse.m2e.core.internal.Bundles - 	Entry: D:\Workspace_Giang\eclipse-jee-2024-09-R-win32-x86_64\eclipse\plugins\org.eclipse.m2e.maven.runtime_3.9.900.20240824-1409\jars\plexus-xml-3.0.1.jar
2024-11-27 11:32:45,356 [Worker-40: Launching hddt-SES (4)] INFO  o.eclipse.m2e.core.internal.Bundles - 	Entry: D:\Workspace_Giang\eclipse-jee-2024-09-R-win32-x86_64\eclipse\plugins\org.eclipse.m2e.maven.runtime_3.9.900.20240824-1409\jars\wagon-file-3.5.3.jar
2024-11-27 11:32:45,356 [Worker-40: Launching hddt-SES (4)] INFO  o.eclipse.m2e.core.internal.Bundles - 	Entry: D:\Workspace_Giang\eclipse-jee-2024-09-R-win32-x86_64\eclipse\plugins\org.eclipse.m2e.maven.runtime_3.9.900.20240824-1409\jars\wagon-http-3.5.3.jar
2024-11-27 11:32:45,356 [Worker-40: Launching hddt-SES (4)] INFO  o.eclipse.m2e.core.internal.Bundles - 	Entry: D:\Workspace_Giang\eclipse-jee-2024-09-R-win32-x86_64\eclipse\plugins\org.eclipse.m2e.maven.runtime_3.9.900.20240824-1409\jars\wagon-http-shared-3.5.3.jar
2024-11-27 11:32:45,356 [Worker-40: Launching hddt-SES (4)] INFO  o.eclipse.m2e.core.internal.Bundles - 	Entry: D:\Workspace_Giang\eclipse-jee-2024-09-R-win32-x86_64\eclipse\plugins\org.eclipse.m2e.maven.runtime_3.9.900.20240824-1409\jars\wagon-provider-api-3.5.3.jar
2024-11-27 11:32:45,356 [Worker-40: Launching hddt-SES (4)] INFO  o.eclipse.m2e.core.internal.Bundles - getClasspathEntries(Bundle=com.google.guava_33.3.0.jre [16])
2024-11-27 11:32:45,357 [Worker-40: Launching hddt-SES (4)] INFO  o.eclipse.m2e.core.internal.Bundles - 	Entry: D:\Workspace_Giang\eclipse-jee-2024-09-R-win32-x86_64\eclipse\plugins\com.google.guava_33.3.0.jre.jar
2024-11-27 11:32:45,357 [Worker-40: Launching hddt-SES (4)] INFO  o.eclipse.m2e.core.internal.Bundles - getClasspathEntries(Bundle=slf4j.api_2.0.16 [1008])
2024-11-27 11:32:45,357 [Worker-40: Launching hddt-SES (4)] INFO  o.eclipse.m2e.core.internal.Bundles - 	Entry: D:\Workspace_Giang\eclipse-jee-2024-09-R-win32-x86_64\eclipse\plugins\slf4j.api_2.0.16.jar
2024-11-27 11:32:45,357 [Worker-40: Launching hddt-SES (4)] INFO  o.eclipse.m2e.core.internal.Bundles - getClasspathEntries(Bundle=jakarta.inject.jakarta.inject-api_1.0.5 [34])
2024-11-27 11:32:45,357 [Worker-40: Launching hddt-SES (4)] INFO  o.eclipse.m2e.core.internal.Bundles - 	Entry: D:\Workspace_Giang\eclipse-jee-2024-09-R-win32-x86_64\eclipse\plugins\jakarta.inject.jakarta.inject-api_1.0.5.jar
2024-11-27 11:32:45,357 [Worker-40: Launching hddt-SES (4)] INFO  o.eclipse.m2e.core.internal.Bundles - getClasspathEntries(Bundle=jakarta.annotation-api_1.3.5 [29])
2024-11-27 11:32:45,357 [Worker-40: Launching hddt-SES (4)] INFO  o.eclipse.m2e.core.internal.Bundles - 	Entry: D:\Workspace_Giang\eclipse-jee-2024-09-R-win32-x86_64\eclipse\plugins\jakarta.annotation-api_1.3.5.jar
2024-11-27 11:32:45,357 [Worker-40: Launching hddt-SES (4)] INFO  o.eclipse.m2e.core.internal.Bundles - getClasspathEntries(Bundle=org.apache.commons.cli_1.9.0 [78])
2024-11-27 11:32:45,358 [Worker-40: Launching hddt-SES (4)] INFO  o.eclipse.m2e.core.internal.Bundles - 	Entry: D:\Workspace_Giang\eclipse-jee-2024-09-R-win32-x86_64\eclipse\plugins\org.apache.commons.cli_1.9.0.jar
2024-11-27 11:32:45,358 [Worker-40: Launching hddt-SES (4)] INFO  o.eclipse.m2e.core.internal.Bundles - getClasspathEntries(Bundle=org.apache.commons.commons-codec_1.16.0 [81])
2024-11-27 11:32:45,358 [Worker-40: Launching hddt-SES (4)] INFO  o.eclipse.m2e.core.internal.Bundles - 	Entry: D:\Workspace_Giang\eclipse-jee-2024-09-R-win32-x86_64\eclipse\plugins\org.apache.commons.commons-codec_1.16.0.jar
2024-11-27 11:32:45,358 [Worker-40: Launching hddt-SES (4)] INFO  o.eclipse.m2e.core.internal.Bundles - getClasspathEntries(Bundle=com.google.guava.failureaccess_1.0.2 [17])
2024-11-27 11:32:45,358 [Worker-40: Launching hddt-SES (4)] INFO  o.eclipse.m2e.core.internal.Bundles - 	Entry: D:\Workspace_Giang\eclipse-jee-2024-09-R-win32-x86_64\eclipse\plugins\com.google.guava.failureaccess_1.0.2.jar
2024-11-27 11:32:45,359 [Worker-40: Launching hddt-SES (4)] INFO  o.e.m.i.launch.MavenLaunchDelegate - Run build in "D:\WorkSpace Eclipse\ses inv 25.11.2024\hddt-SES":
2024-11-27 11:32:45,359 [Worker-40: Launching hddt-SES (4)] INFO  o.e.m.i.launch.MavenLaunchDelegate -  mvn  -B -Dstyle.color=always clean compile install package
2024-11-27 11:42:13,226 [Worker-85: Building] INFO  o.e.m.c.i.embedder.EclipseLogger - Using 'UTF-8' encoding to copy filtered resources.
2024-11-27 11:42:13,227 [Worker-85: Building] INFO  o.e.m.c.i.embedder.EclipseLogger - Using 'UTF-8' encoding to copy filtered properties files.
2024-11-27 11:42:13,313 [Worker-85: Building] INFO  o.e.m.c.i.embedder.EclipseLogger - Copying 0 resource
2024-11-27 11:42:13,456 [Worker-85: Building] INFO  o.e.m.c.i.embedder.EclipseLogger - Copying 1 resource
2024-11-27 11:42:13,460 [Worker-85: Building] INFO  o.e.m.c.i.embedder.EclipseLogger - Using 'UTF-8' encoding to copy filtered resources.
2024-11-27 11:42:13,460 [Worker-85: Building] INFO  o.e.m.c.i.embedder.EclipseLogger - Using 'UTF-8' encoding to copy filtered properties files.
2024-11-27 11:42:13,460 [Worker-85: Building] INFO  o.e.m.c.i.embedder.EclipseLogger - Copying 0 resource
2024-11-27 11:44:49,426 [Worker-85: Building] INFO  o.e.m.c.i.embedder.EclipseLogger - Using 'UTF-8' encoding to copy filtered resources.
2024-11-27 11:44:49,426 [Worker-85: Building] INFO  o.e.m.c.i.embedder.EclipseLogger - Using 'UTF-8' encoding to copy filtered properties files.
2024-11-27 11:44:49,497 [Worker-85: Building] INFO  o.e.m.c.i.embedder.EclipseLogger - Copying 0 resource
2024-11-27 11:44:49,640 [Worker-85: Building] INFO  o.e.m.c.i.embedder.EclipseLogger - Copying 1 resource
2024-11-27 11:44:49,644 [Worker-85: Building] INFO  o.e.m.c.i.embedder.EclipseLogger - Using 'UTF-8' encoding to copy filtered resources.
2024-11-27 11:44:49,644 [Worker-85: Building] INFO  o.e.m.c.i.embedder.EclipseLogger - Using 'UTF-8' encoding to copy filtered properties files.
2024-11-27 11:44:49,645 [Worker-85: Building] INFO  o.e.m.c.i.embedder.EclipseLogger - Copying 0 resource
2024-11-27 11:45:07,370 [Worker-87: Building] INFO  o.e.m.c.i.embedder.EclipseLogger - Using 'UTF-8' encoding to copy filtered resources.
2024-11-27 11:45:07,370 [Worker-87: Building] INFO  o.e.m.c.i.embedder.EclipseLogger - Using 'UTF-8' encoding to copy filtered properties files.
2024-11-27 11:45:07,440 [Worker-87: Building] INFO  o.e.m.c.i.embedder.EclipseLogger - Copying 0 resource
2024-11-27 11:45:07,582 [Worker-87: Building] INFO  o.e.m.c.i.embedder.EclipseLogger - Copying 1 resource
2024-11-27 11:45:07,587 [Worker-87: Building] INFO  o.e.m.c.i.embedder.EclipseLogger - Using 'UTF-8' encoding to copy filtered resources.
2024-11-27 11:45:07,587 [Worker-87: Building] INFO  o.e.m.c.i.embedder.EclipseLogger - Using 'UTF-8' encoding to copy filtered properties files.
2024-11-27 11:45:07,588 [Worker-87: Building] INFO  o.e.m.c.i.embedder.EclipseLogger - Copying 0 resource
2024-11-27 11:46:16,635 [Worker-81: Building] INFO  o.e.m.c.i.embedder.EclipseLogger - Using 'UTF-8' encoding to copy filtered resources.
2024-11-27 11:46:16,635 [Worker-81: Building] INFO  o.e.m.c.i.embedder.EclipseLogger - Using 'UTF-8' encoding to copy filtered properties files.
2024-11-27 11:46:16,719 [Worker-81: Building] INFO  o.e.m.c.i.embedder.EclipseLogger - Copying 0 resource
2024-11-27 11:46:16,864 [Worker-81: Building] INFO  o.e.m.c.i.embedder.EclipseLogger - Copying 1 resource
2024-11-27 11:46:16,868 [Worker-81: Building] INFO  o.e.m.c.i.embedder.EclipseLogger - Using 'UTF-8' encoding to copy filtered resources.
2024-11-27 11:46:16,868 [Worker-81: Building] INFO  o.e.m.c.i.embedder.EclipseLogger - Using 'UTF-8' encoding to copy filtered properties files.
2024-11-27 11:46:16,868 [Worker-81: Building] INFO  o.e.m.c.i.embedder.EclipseLogger - Copying 0 resource
2024-11-27 11:46:34,709 [Worker-81: Building] INFO  o.e.m.c.i.embedder.EclipseLogger - Using 'UTF-8' encoding to copy filtered resources.
2024-11-27 11:46:34,709 [Worker-81: Building] INFO  o.e.m.c.i.embedder.EclipseLogger - Using 'UTF-8' encoding to copy filtered properties files.
2024-11-27 11:46:34,778 [Worker-81: Building] INFO  o.e.m.c.i.embedder.EclipseLogger - Copying 0 resource
2024-11-27 11:46:34,921 [Worker-81: Building] INFO  o.e.m.c.i.embedder.EclipseLogger - Copying 1 resource
2024-11-27 11:46:34,924 [Worker-81: Building] INFO  o.e.m.c.i.embedder.EclipseLogger - Using 'UTF-8' encoding to copy filtered resources.
2024-11-27 11:46:34,924 [Worker-81: Building] INFO  o.e.m.c.i.embedder.EclipseLogger - Using 'UTF-8' encoding to copy filtered properties files.
2024-11-27 11:46:34,925 [Worker-81: Building] INFO  o.e.m.c.i.embedder.EclipseLogger - Copying 0 resource
2024-11-27 11:46:49,494 [Worker-86: Building] INFO  o.e.m.c.i.embedder.EclipseLogger - Using 'UTF-8' encoding to copy filtered resources.
2024-11-27 11:46:49,494 [Worker-86: Building] INFO  o.e.m.c.i.embedder.EclipseLogger - Using 'UTF-8' encoding to copy filtered properties files.
2024-11-27 11:46:49,566 [Worker-86: Building] INFO  o.e.m.c.i.embedder.EclipseLogger - Copying 0 resource
2024-11-27 11:46:49,731 [Worker-86: Building] INFO  o.e.m.c.i.embedder.EclipseLogger - Copying 1 resource
2024-11-27 11:46:49,735 [Worker-86: Building] INFO  o.e.m.c.i.embedder.EclipseLogger - Using 'UTF-8' encoding to copy filtered resources.
2024-11-27 11:46:49,736 [Worker-86: Building] INFO  o.e.m.c.i.embedder.EclipseLogger - Using 'UTF-8' encoding to copy filtered properties files.
2024-11-27 11:46:49,736 [Worker-86: Building] INFO  o.e.m.c.i.embedder.EclipseLogger - Copying 0 resource
2024-11-27 11:47:02,460 [Worker-86: Building] INFO  o.e.m.c.i.embedder.EclipseLogger - Using 'UTF-8' encoding to copy filtered resources.
2024-11-27 11:47:02,460 [Worker-86: Building] INFO  o.e.m.c.i.embedder.EclipseLogger - Using 'UTF-8' encoding to copy filtered properties files.
2024-11-27 11:47:02,534 [Worker-86: Building] INFO  o.e.m.c.i.embedder.EclipseLogger - Copying 0 resource
2024-11-27 11:47:02,676 [Worker-86: Building] INFO  o.e.m.c.i.embedder.EclipseLogger - Copying 1 resource
2024-11-27 11:47:02,680 [Worker-86: Building] INFO  o.e.m.c.i.embedder.EclipseLogger - Using 'UTF-8' encoding to copy filtered resources.
2024-11-27 11:47:02,680 [Worker-86: Building] INFO  o.e.m.c.i.embedder.EclipseLogger - Using 'UTF-8' encoding to copy filtered properties files.
2024-11-27 11:47:02,680 [Worker-86: Building] INFO  o.e.m.c.i.embedder.EclipseLogger - Copying 0 resource
2024-11-27 11:47:06,970 [Worker-81: Building] INFO  o.e.m.c.i.embedder.EclipseLogger - Using 'UTF-8' encoding to copy filtered resources.
2024-11-27 11:47:06,970 [Worker-81: Building] INFO  o.e.m.c.i.embedder.EclipseLogger - Using 'UTF-8' encoding to copy filtered properties files.
2024-11-27 11:47:07,060 [Worker-81: Building] INFO  o.e.m.c.i.embedder.EclipseLogger - Copying 0 resource
2024-11-27 11:47:07,221 [Worker-81: Building] INFO  o.e.m.c.i.embedder.EclipseLogger - Copying 1 resource
2024-11-27 11:47:07,226 [Worker-81: Building] INFO  o.e.m.c.i.embedder.EclipseLogger - Using 'UTF-8' encoding to copy filtered resources.
2024-11-27 11:47:07,226 [Worker-81: Building] INFO  o.e.m.c.i.embedder.EclipseLogger - Using 'UTF-8' encoding to copy filtered properties files.
2024-11-27 11:47:07,226 [Worker-81: Building] INFO  o.e.m.c.i.embedder.EclipseLogger - Copying 0 resource
2024-11-27 11:47:42,608 [Worker-86: Building] INFO  o.e.m.c.i.embedder.EclipseLogger - Using 'UTF-8' encoding to copy filtered resources.
2024-11-27 11:47:42,608 [Worker-86: Building] INFO  o.e.m.c.i.embedder.EclipseLogger - Using 'UTF-8' encoding to copy filtered properties files.
2024-11-27 11:47:42,678 [Worker-86: Building] INFO  o.e.m.c.i.embedder.EclipseLogger - Copying 0 resource
2024-11-27 11:47:42,819 [Worker-86: Building] INFO  o.e.m.c.i.embedder.EclipseLogger - Copying 1 resource
2024-11-27 11:47:42,823 [Worker-86: Building] INFO  o.e.m.c.i.embedder.EclipseLogger - Using 'UTF-8' encoding to copy filtered resources.
2024-11-27 11:47:42,823 [Worker-86: Building] INFO  o.e.m.c.i.embedder.EclipseLogger - Using 'UTF-8' encoding to copy filtered properties files.
2024-11-27 11:47:42,823 [Worker-86: Building] INFO  o.e.m.c.i.embedder.EclipseLogger - Copying 0 resource
2024-11-27 11:48:12,071 [Worker-81: Building] INFO  o.e.m.c.i.embedder.EclipseLogger - Using 'UTF-8' encoding to copy filtered resources.
2024-11-27 11:48:12,071 [Worker-81: Building] INFO  o.e.m.c.i.embedder.EclipseLogger - Using 'UTF-8' encoding to copy filtered properties files.
2024-11-27 11:48:12,144 [Worker-81: Building] INFO  o.e.m.c.i.embedder.EclipseLogger - Copying 0 resource
2024-11-27 11:48:12,287 [Worker-81: Building] INFO  o.e.m.c.i.embedder.EclipseLogger - Copying 1 resource
2024-11-27 11:48:12,290 [Worker-81: Building] INFO  o.e.m.c.i.embedder.EclipseLogger - Using 'UTF-8' encoding to copy filtered resources.
2024-11-27 11:48:12,291 [Worker-81: Building] INFO  o.e.m.c.i.embedder.EclipseLogger - Using 'UTF-8' encoding to copy filtered properties files.
2024-11-27 11:48:12,291 [Worker-81: Building] INFO  o.e.m.c.i.embedder.EclipseLogger - Copying 0 resource
2024-11-27 11:48:21,997 [Worker-86: Building] INFO  o.e.m.c.i.embedder.EclipseLogger - Using 'UTF-8' encoding to copy filtered resources.
2024-11-27 11:48:21,997 [Worker-86: Building] INFO  o.e.m.c.i.embedder.EclipseLogger - Using 'UTF-8' encoding to copy filtered properties files.
2024-11-27 11:48:22,075 [Worker-86: Building] INFO  o.e.m.c.i.embedder.EclipseLogger - Copying 0 resource
2024-11-27 11:48:22,218 [Worker-86: Building] INFO  o.e.m.c.i.embedder.EclipseLogger - Copying 1 resource
2024-11-27 11:48:22,221 [Worker-86: Building] INFO  o.e.m.c.i.embedder.EclipseLogger - Using 'UTF-8' encoding to copy filtered resources.
2024-11-27 11:48:22,222 [Worker-86: Building] INFO  o.e.m.c.i.embedder.EclipseLogger - Using 'UTF-8' encoding to copy filtered properties files.
2024-11-27 11:48:22,222 [Worker-86: Building] INFO  o.e.m.c.i.embedder.EclipseLogger - Copying 0 resource
2024-11-27 11:48:47,818 [Worker-85: Building] INFO  o.e.m.c.i.embedder.EclipseLogger - Using 'UTF-8' encoding to copy filtered resources.
2024-11-27 11:48:47,818 [Worker-85: Building] INFO  o.e.m.c.i.embedder.EclipseLogger - Using 'UTF-8' encoding to copy filtered properties files.
2024-11-27 11:48:47,888 [Worker-85: Building] INFO  o.e.m.c.i.embedder.EclipseLogger - Copying 0 resource
2024-11-27 11:48:48,029 [Worker-85: Building] INFO  o.e.m.c.i.embedder.EclipseLogger - Copying 1 resource
2024-11-27 11:48:48,033 [Worker-85: Building] INFO  o.e.m.c.i.embedder.EclipseLogger - Using 'UTF-8' encoding to copy filtered resources.
2024-11-27 11:48:48,033 [Worker-85: Building] INFO  o.e.m.c.i.embedder.EclipseLogger - Using 'UTF-8' encoding to copy filtered properties files.
2024-11-27 11:48:48,033 [Worker-85: Building] INFO  o.e.m.c.i.embedder.EclipseLogger - Copying 0 resource
2024-11-27 11:49:43,820 [main] INFO  o.e.m2e.actions.ExecutePomAction - Creating new launch configuration
2024-11-27 11:49:53,537 [Worker-81: Launching hddt-SES (5)] INFO  o.eclipse.m2e.core.internal.Bundles - getClasspathEntries(Bundle=org.eclipse.m2e.maven.runtime_3.9.900.20240824-1409 [643])
2024-11-27 11:49:53,537 [Worker-81: Launching hddt-SES (5)] INFO  o.eclipse.m2e.core.internal.Bundles - 	Entry: D:\Workspace_Giang\eclipse-jee-2024-09-R-win32-x86_64\eclipse\plugins\org.eclipse.m2e.maven.runtime_3.9.900.20240824-1409
2024-11-27 11:49:53,537 [Worker-81: Launching hddt-SES (5)] INFO  o.eclipse.m2e.core.internal.Bundles - 	Entry: D:\Workspace_Giang\eclipse-jee-2024-09-R-win32-x86_64\eclipse\plugins\org.eclipse.m2e.maven.runtime_3.9.900.20240824-1409\jars\aopalliance-1.0.jar
2024-11-27 11:49:53,537 [Worker-81: Launching hddt-SES (5)] INFO  o.eclipse.m2e.core.internal.Bundles - 	Entry: D:\Workspace_Giang\eclipse-jee-2024-09-R-win32-x86_64\eclipse\plugins\org.eclipse.m2e.maven.runtime_3.9.900.20240824-1409\jars\guice-5.1.0.jar
2024-11-27 11:49:53,538 [Worker-81: Launching hddt-SES (5)] INFO  o.eclipse.m2e.core.internal.Bundles - 	Entry: D:\Workspace_Giang\eclipse-jee-2024-09-R-win32-x86_64\eclipse\plugins\org.eclipse.m2e.maven.runtime_3.9.900.20240824-1409\jars\httpclient-4.5.14.jar
2024-11-27 11:49:53,538 [Worker-81: Launching hddt-SES (5)] INFO  o.eclipse.m2e.core.internal.Bundles - 	Entry: D:\Workspace_Giang\eclipse-jee-2024-09-R-win32-x86_64\eclipse\plugins\org.eclipse.m2e.maven.runtime_3.9.900.20240824-1409\jars\httpcore-4.4.16.jar
2024-11-27 11:49:53,538 [Worker-81: Launching hddt-SES (5)] INFO  o.eclipse.m2e.core.internal.Bundles - 	Entry: D:\Workspace_Giang\eclipse-jee-2024-09-R-win32-x86_64\eclipse\plugins\org.eclipse.m2e.maven.runtime_3.9.900.20240824-1409\jars\jansi-2.4.1.jar
2024-11-27 11:49:53,538 [Worker-81: Launching hddt-SES (5)] INFO  o.eclipse.m2e.core.internal.Bundles - 	Entry: D:\Workspace_Giang\eclipse-jee-2024-09-R-win32-x86_64\eclipse\plugins\org.eclipse.m2e.maven.runtime_3.9.900.20240824-1409\jars\jcl-over-slf4j-1.7.36.jar
2024-11-27 11:49:53,538 [Worker-81: Launching hddt-SES (5)] INFO  o.eclipse.m2e.core.internal.Bundles - 	Entry: D:\Workspace_Giang\eclipse-jee-2024-09-R-win32-x86_64\eclipse\plugins\org.eclipse.m2e.maven.runtime_3.9.900.20240824-1409\jars\maven-artifact-3.9.9.jar
2024-11-27 11:49:53,538 [Worker-81: Launching hddt-SES (5)] INFO  o.eclipse.m2e.core.internal.Bundles - 	Entry: D:\Workspace_Giang\eclipse-jee-2024-09-R-win32-x86_64\eclipse\plugins\org.eclipse.m2e.maven.runtime_3.9.900.20240824-1409\jars\maven-builder-support-3.9.9.jar
2024-11-27 11:49:53,538 [Worker-81: Launching hddt-SES (5)] INFO  o.eclipse.m2e.core.internal.Bundles - 	Entry: D:\Workspace_Giang\eclipse-jee-2024-09-R-win32-x86_64\eclipse\plugins\org.eclipse.m2e.maven.runtime_3.9.900.20240824-1409\jars\maven-compat-3.9.9.jar
2024-11-27 11:49:53,538 [Worker-81: Launching hddt-SES (5)] INFO  o.eclipse.m2e.core.internal.Bundles - 	Entry: D:\Workspace_Giang\eclipse-jee-2024-09-R-win32-x86_64\eclipse\plugins\org.eclipse.m2e.maven.runtime_3.9.900.20240824-1409\jars\maven-core-3.9.9.jar
2024-11-27 11:49:53,538 [Worker-81: Launching hddt-SES (5)] INFO  o.eclipse.m2e.core.internal.Bundles - 	Entry: D:\Workspace_Giang\eclipse-jee-2024-09-R-win32-x86_64\eclipse\plugins\org.eclipse.m2e.maven.runtime_3.9.900.20240824-1409\jars\maven-embedder-3.9.9.jar
2024-11-27 11:49:53,538 [Worker-81: Launching hddt-SES (5)] INFO  o.eclipse.m2e.core.internal.Bundles - 	Entry: D:\Workspace_Giang\eclipse-jee-2024-09-R-win32-x86_64\eclipse\plugins\org.eclipse.m2e.maven.runtime_3.9.900.20240824-1409\jars\maven-model-3.9.9.jar
2024-11-27 11:49:53,538 [Worker-81: Launching hddt-SES (5)] INFO  o.eclipse.m2e.core.internal.Bundles - 	Entry: D:\Workspace_Giang\eclipse-jee-2024-09-R-win32-x86_64\eclipse\plugins\org.eclipse.m2e.maven.runtime_3.9.900.20240824-1409\jars\maven-model-builder-3.9.9.jar
2024-11-27 11:49:53,538 [Worker-81: Launching hddt-SES (5)] INFO  o.eclipse.m2e.core.internal.Bundles - 	Entry: D:\Workspace_Giang\eclipse-jee-2024-09-R-win32-x86_64\eclipse\plugins\org.eclipse.m2e.maven.runtime_3.9.900.20240824-1409\jars\maven-plugin-api-3.9.9.jar
2024-11-27 11:49:53,538 [Worker-81: Launching hddt-SES (5)] INFO  o.eclipse.m2e.core.internal.Bundles - 	Entry: D:\Workspace_Giang\eclipse-jee-2024-09-R-win32-x86_64\eclipse\plugins\org.eclipse.m2e.maven.runtime_3.9.900.20240824-1409\jars\maven-repository-metadata-3.9.9.jar
2024-11-27 11:49:53,539 [Worker-81: Launching hddt-SES (5)] INFO  o.eclipse.m2e.core.internal.Bundles - 	Entry: D:\Workspace_Giang\eclipse-jee-2024-09-R-win32-x86_64\eclipse\plugins\org.eclipse.m2e.maven.runtime_3.9.900.20240824-1409\jars\maven-resolver-api-1.9.22.jar
2024-11-27 11:49:53,539 [Worker-81: Launching hddt-SES (5)] INFO  o.eclipse.m2e.core.internal.Bundles - 	Entry: D:\Workspace_Giang\eclipse-jee-2024-09-R-win32-x86_64\eclipse\plugins\org.eclipse.m2e.maven.runtime_3.9.900.20240824-1409\jars\maven-resolver-connector-basic-1.9.22.jar
2024-11-27 11:49:53,539 [Worker-81: Launching hddt-SES (5)] INFO  o.eclipse.m2e.core.internal.Bundles - 	Entry: D:\Workspace_Giang\eclipse-jee-2024-09-R-win32-x86_64\eclipse\plugins\org.eclipse.m2e.maven.runtime_3.9.900.20240824-1409\jars\maven-resolver-impl-1.9.22.jar
2024-11-27 11:49:53,539 [Worker-81: Launching hddt-SES (5)] INFO  o.eclipse.m2e.core.internal.Bundles - 	Entry: D:\Workspace_Giang\eclipse-jee-2024-09-R-win32-x86_64\eclipse\plugins\org.eclipse.m2e.maven.runtime_3.9.900.20240824-1409\jars\maven-resolver-named-locks-1.9.22.jar
2024-11-27 11:49:53,539 [Worker-81: Launching hddt-SES (5)] INFO  o.eclipse.m2e.core.internal.Bundles - 	Entry: D:\Workspace_Giang\eclipse-jee-2024-09-R-win32-x86_64\eclipse\plugins\org.eclipse.m2e.maven.runtime_3.9.900.20240824-1409\jars\maven-resolver-provider-3.9.9.jar
2024-11-27 11:49:53,539 [Worker-81: Launching hddt-SES (5)] INFO  o.eclipse.m2e.core.internal.Bundles - 	Entry: D:\Workspace_Giang\eclipse-jee-2024-09-R-win32-x86_64\eclipse\plugins\org.eclipse.m2e.maven.runtime_3.9.900.20240824-1409\jars\maven-resolver-spi-1.9.22.jar
2024-11-27 11:49:53,539 [Worker-81: Launching hddt-SES (5)] INFO  o.eclipse.m2e.core.internal.Bundles - 	Entry: D:\Workspace_Giang\eclipse-jee-2024-09-R-win32-x86_64\eclipse\plugins\org.eclipse.m2e.maven.runtime_3.9.900.20240824-1409\jars\maven-resolver-transport-file-1.9.22.jar
2024-11-27 11:49:53,539 [Worker-81: Launching hddt-SES (5)] INFO  o.eclipse.m2e.core.internal.Bundles - 	Entry: D:\Workspace_Giang\eclipse-jee-2024-09-R-win32-x86_64\eclipse\plugins\org.eclipse.m2e.maven.runtime_3.9.900.20240824-1409\jars\maven-resolver-transport-http-1.9.22.jar
2024-11-27 11:49:53,539 [Worker-81: Launching hddt-SES (5)] INFO  o.eclipse.m2e.core.internal.Bundles - 	Entry: D:\Workspace_Giang\eclipse-jee-2024-09-R-win32-x86_64\eclipse\plugins\org.eclipse.m2e.maven.runtime_3.9.900.20240824-1409\jars\maven-resolver-transport-wagon-1.9.22.jar
2024-11-27 11:49:53,539 [Worker-81: Launching hddt-SES (5)] INFO  o.eclipse.m2e.core.internal.Bundles - 	Entry: D:\Workspace_Giang\eclipse-jee-2024-09-R-win32-x86_64\eclipse\plugins\org.eclipse.m2e.maven.runtime_3.9.900.20240824-1409\jars\maven-resolver-util-1.9.22.jar
2024-11-27 11:49:53,539 [Worker-81: Launching hddt-SES (5)] INFO  o.eclipse.m2e.core.internal.Bundles - 	Entry: D:\Workspace_Giang\eclipse-jee-2024-09-R-win32-x86_64\eclipse\plugins\org.eclipse.m2e.maven.runtime_3.9.900.20240824-1409\jars\maven-settings-3.9.9.jar
2024-11-27 11:49:53,539 [Worker-81: Launching hddt-SES (5)] INFO  o.eclipse.m2e.core.internal.Bundles - 	Entry: D:\Workspace_Giang\eclipse-jee-2024-09-R-win32-x86_64\eclipse\plugins\org.eclipse.m2e.maven.runtime_3.9.900.20240824-1409\jars\maven-settings-builder-3.9.9.jar
2024-11-27 11:49:53,539 [Worker-81: Launching hddt-SES (5)] INFO  o.eclipse.m2e.core.internal.Bundles - 	Entry: D:\Workspace_Giang\eclipse-jee-2024-09-R-win32-x86_64\eclipse\plugins\org.eclipse.m2e.maven.runtime_3.9.900.20240824-1409\jars\maven-shared-utils-3.4.2.jar
2024-11-27 11:49:53,540 [Worker-81: Launching hddt-SES (5)] INFO  o.eclipse.m2e.core.internal.Bundles - 	Entry: D:\Workspace_Giang\eclipse-jee-2024-09-R-win32-x86_64\eclipse\plugins\org.eclipse.m2e.maven.runtime_3.9.900.20240824-1409\jars\org.eclipse.sisu.inject-0.9.0.M3.jar
2024-11-27 11:49:53,540 [Worker-81: Launching hddt-SES (5)] INFO  o.eclipse.m2e.core.internal.Bundles - 	Entry: D:\Workspace_Giang\eclipse-jee-2024-09-R-win32-x86_64\eclipse\plugins\org.eclipse.m2e.maven.runtime_3.9.900.20240824-1409\jars\org.eclipse.sisu.plexus-0.9.0.M3.jar
2024-11-27 11:49:53,540 [Worker-81: Launching hddt-SES (5)] INFO  o.eclipse.m2e.core.internal.Bundles - 	Entry: D:\Workspace_Giang\eclipse-jee-2024-09-R-win32-x86_64\eclipse\plugins\org.eclipse.m2e.maven.runtime_3.9.900.20240824-1409\jars\plexus-build-api-0.0.7.jar
2024-11-27 11:49:53,540 [Worker-81: Launching hddt-SES (5)] INFO  o.eclipse.m2e.core.internal.Bundles - 	Entry: D:\Workspace_Giang\eclipse-jee-2024-09-R-win32-x86_64\eclipse\plugins\org.eclipse.m2e.maven.runtime_3.9.900.20240824-1409\jars\plexus-build-api-1.2.0.jar
2024-11-27 11:49:53,540 [Worker-81: Launching hddt-SES (5)] INFO  o.eclipse.m2e.core.internal.Bundles - 	Entry: D:\Workspace_Giang\eclipse-jee-2024-09-R-win32-x86_64\eclipse\plugins\org.eclipse.m2e.maven.runtime_3.9.900.20240824-1409\jars\plexus-cipher-2.0.jar
2024-11-27 11:49:53,540 [Worker-81: Launching hddt-SES (5)] INFO  o.eclipse.m2e.core.internal.Bundles - 	Entry: D:\Workspace_Giang\eclipse-jee-2024-09-R-win32-x86_64\eclipse\plugins\org.eclipse.m2e.maven.runtime_3.9.900.20240824-1409\jars\plexus-classworlds-2.8.0.jar
2024-11-27 11:49:53,540 [Worker-81: Launching hddt-SES (5)] INFO  o.eclipse.m2e.core.internal.Bundles - 	Entry: D:\Workspace_Giang\eclipse-jee-2024-09-R-win32-x86_64\eclipse\plugins\org.eclipse.m2e.maven.runtime_3.9.900.20240824-1409\jars\plexus-component-annotations-2.1.0.jar
2024-11-27 11:49:53,540 [Worker-81: Launching hddt-SES (5)] INFO  o.eclipse.m2e.core.internal.Bundles - 	Entry: D:\Workspace_Giang\eclipse-jee-2024-09-R-win32-x86_64\eclipse\plugins\org.eclipse.m2e.maven.runtime_3.9.900.20240824-1409\jars\plexus-interpolation-1.27.jar
2024-11-27 11:49:53,540 [Worker-81: Launching hddt-SES (5)] INFO  o.eclipse.m2e.core.internal.Bundles - 	Entry: D:\Workspace_Giang\eclipse-jee-2024-09-R-win32-x86_64\eclipse\plugins\org.eclipse.m2e.maven.runtime_3.9.900.20240824-1409\jars\plexus-sec-dispatcher-2.0.jar
2024-11-27 11:49:53,540 [Worker-81: Launching hddt-SES (5)] INFO  o.eclipse.m2e.core.internal.Bundles - 	Entry: D:\Workspace_Giang\eclipse-jee-2024-09-R-win32-x86_64\eclipse\plugins\org.eclipse.m2e.maven.runtime_3.9.900.20240824-1409\jars\plexus-utils-3.5.1.jar
2024-11-27 11:49:53,540 [Worker-81: Launching hddt-SES (5)] INFO  o.eclipse.m2e.core.internal.Bundles - 	Entry: D:\Workspace_Giang\eclipse-jee-2024-09-R-win32-x86_64\eclipse\plugins\org.eclipse.m2e.maven.runtime_3.9.900.20240824-1409\jars\plexus-xml-3.0.1.jar
2024-11-27 11:49:53,541 [Worker-81: Launching hddt-SES (5)] INFO  o.eclipse.m2e.core.internal.Bundles - 	Entry: D:\Workspace_Giang\eclipse-jee-2024-09-R-win32-x86_64\eclipse\plugins\org.eclipse.m2e.maven.runtime_3.9.900.20240824-1409\jars\wagon-file-3.5.3.jar
2024-11-27 11:49:53,541 [Worker-81: Launching hddt-SES (5)] INFO  o.eclipse.m2e.core.internal.Bundles - 	Entry: D:\Workspace_Giang\eclipse-jee-2024-09-R-win32-x86_64\eclipse\plugins\org.eclipse.m2e.maven.runtime_3.9.900.20240824-1409\jars\wagon-http-3.5.3.jar
2024-11-27 11:49:53,541 [Worker-81: Launching hddt-SES (5)] INFO  o.eclipse.m2e.core.internal.Bundles - 	Entry: D:\Workspace_Giang\eclipse-jee-2024-09-R-win32-x86_64\eclipse\plugins\org.eclipse.m2e.maven.runtime_3.9.900.20240824-1409\jars\wagon-http-shared-3.5.3.jar
2024-11-27 11:49:53,541 [Worker-81: Launching hddt-SES (5)] INFO  o.eclipse.m2e.core.internal.Bundles - 	Entry: D:\Workspace_Giang\eclipse-jee-2024-09-R-win32-x86_64\eclipse\plugins\org.eclipse.m2e.maven.runtime_3.9.900.20240824-1409\jars\wagon-provider-api-3.5.3.jar
2024-11-27 11:49:53,541 [Worker-81: Launching hddt-SES (5)] INFO  o.eclipse.m2e.core.internal.Bundles - getClasspathEntries(Bundle=com.google.guava_33.3.0.jre [16])
2024-11-27 11:49:53,541 [Worker-81: Launching hddt-SES (5)] INFO  o.eclipse.m2e.core.internal.Bundles - 	Entry: D:\Workspace_Giang\eclipse-jee-2024-09-R-win32-x86_64\eclipse\plugins\com.google.guava_33.3.0.jre.jar
2024-11-27 11:49:53,541 [Worker-81: Launching hddt-SES (5)] INFO  o.eclipse.m2e.core.internal.Bundles - getClasspathEntries(Bundle=slf4j.api_2.0.16 [1008])
2024-11-27 11:49:53,542 [Worker-81: Launching hddt-SES (5)] INFO  o.eclipse.m2e.core.internal.Bundles - 	Entry: D:\Workspace_Giang\eclipse-jee-2024-09-R-win32-x86_64\eclipse\plugins\slf4j.api_2.0.16.jar
2024-11-27 11:49:53,542 [Worker-81: Launching hddt-SES (5)] INFO  o.eclipse.m2e.core.internal.Bundles - getClasspathEntries(Bundle=jakarta.inject.jakarta.inject-api_1.0.5 [34])
2024-11-27 11:49:53,542 [Worker-81: Launching hddt-SES (5)] INFO  o.eclipse.m2e.core.internal.Bundles - 	Entry: D:\Workspace_Giang\eclipse-jee-2024-09-R-win32-x86_64\eclipse\plugins\jakarta.inject.jakarta.inject-api_1.0.5.jar
2024-11-27 11:49:53,542 [Worker-81: Launching hddt-SES (5)] INFO  o.eclipse.m2e.core.internal.Bundles - getClasspathEntries(Bundle=jakarta.annotation-api_1.3.5 [29])
2024-11-27 11:49:53,542 [Worker-81: Launching hddt-SES (5)] INFO  o.eclipse.m2e.core.internal.Bundles - 	Entry: D:\Workspace_Giang\eclipse-jee-2024-09-R-win32-x86_64\eclipse\plugins\jakarta.annotation-api_1.3.5.jar
2024-11-27 11:49:53,542 [Worker-81: Launching hddt-SES (5)] INFO  o.eclipse.m2e.core.internal.Bundles - getClasspathEntries(Bundle=org.apache.commons.cli_1.9.0 [78])
2024-11-27 11:49:53,542 [Worker-81: Launching hddt-SES (5)] INFO  o.eclipse.m2e.core.internal.Bundles - 	Entry: D:\Workspace_Giang\eclipse-jee-2024-09-R-win32-x86_64\eclipse\plugins\org.apache.commons.cli_1.9.0.jar
2024-11-27 11:49:53,542 [Worker-81: Launching hddt-SES (5)] INFO  o.eclipse.m2e.core.internal.Bundles - getClasspathEntries(Bundle=org.apache.commons.commons-codec_1.16.0 [81])
2024-11-27 11:49:53,543 [Worker-81: Launching hddt-SES (5)] INFO  o.eclipse.m2e.core.internal.Bundles - 	Entry: D:\Workspace_Giang\eclipse-jee-2024-09-R-win32-x86_64\eclipse\plugins\org.apache.commons.commons-codec_1.16.0.jar
2024-11-27 11:49:53,543 [Worker-81: Launching hddt-SES (5)] INFO  o.eclipse.m2e.core.internal.Bundles - getClasspathEntries(Bundle=com.google.guava.failureaccess_1.0.2 [17])
2024-11-27 11:49:53,543 [Worker-81: Launching hddt-SES (5)] INFO  o.eclipse.m2e.core.internal.Bundles - 	Entry: D:\Workspace_Giang\eclipse-jee-2024-09-R-win32-x86_64\eclipse\plugins\com.google.guava.failureaccess_1.0.2.jar
2024-11-27 11:49:53,544 [Worker-81: Launching hddt-SES (5)] INFO  o.e.m.i.launch.MavenLaunchDelegate - Run build in "D:\WorkSpace Eclipse\ses inv 25.11.2024\hddt-SES":
2024-11-27 11:49:53,544 [Worker-81: Launching hddt-SES (5)] INFO  o.e.m.i.launch.MavenLaunchDelegate -  mvn  -B -Dstyle.color=always clean compile install package
2024-11-27 11:57:25,471 [Worker-92: Building] INFO  o.e.m.c.i.embedder.EclipseLogger - Using 'UTF-8' encoding to copy filtered resources.
2024-11-27 11:57:25,471 [Worker-92: Building] INFO  o.e.m.c.i.embedder.EclipseLogger - Using 'UTF-8' encoding to copy filtered properties files.
2024-11-27 11:57:25,545 [Worker-92: Building] INFO  o.e.m.c.i.embedder.EclipseLogger - Copying 0 resource
2024-11-27 11:57:25,687 [Worker-92: Building] INFO  o.e.m.c.i.embedder.EclipseLogger - Copying 1 resource
2024-11-27 11:57:25,691 [Worker-92: Building] INFO  o.e.m.c.i.embedder.EclipseLogger - Using 'UTF-8' encoding to copy filtered resources.
2024-11-27 11:57:25,691 [Worker-92: Building] INFO  o.e.m.c.i.embedder.EclipseLogger - Using 'UTF-8' encoding to copy filtered properties files.
2024-11-27 11:57:25,692 [Worker-92: Building] INFO  o.e.m.c.i.embedder.EclipseLogger - Copying 0 resource
2024-11-27 11:57:33,822 [Worker-91: Building] INFO  o.e.m.c.i.embedder.EclipseLogger - Using 'UTF-8' encoding to copy filtered resources.
2024-11-27 11:57:33,822 [Worker-91: Building] INFO  o.e.m.c.i.embedder.EclipseLogger - Using 'UTF-8' encoding to copy filtered properties files.
2024-11-27 11:57:33,892 [Worker-91: Building] INFO  o.e.m.c.i.embedder.EclipseLogger - Copying 0 resource
2024-11-27 11:57:34,037 [Worker-91: Building] INFO  o.e.m.c.i.embedder.EclipseLogger - Copying 1 resource
2024-11-27 11:57:34,042 [Worker-91: Building] INFO  o.e.m.c.i.embedder.EclipseLogger - Using 'UTF-8' encoding to copy filtered resources.
2024-11-27 11:57:34,042 [Worker-91: Building] INFO  o.e.m.c.i.embedder.EclipseLogger - Using 'UTF-8' encoding to copy filtered properties files.
2024-11-27 11:57:34,042 [Worker-91: Building] INFO  o.e.m.c.i.embedder.EclipseLogger - Copying 0 resource
2024-11-27 11:58:19,381 [Worker-87: Building] INFO  o.e.m.c.i.embedder.EclipseLogger - Using 'UTF-8' encoding to copy filtered resources.
2024-11-27 11:58:19,382 [Worker-87: Building] INFO  o.e.m.c.i.embedder.EclipseLogger - Using 'UTF-8' encoding to copy filtered properties files.
2024-11-27 11:58:19,454 [Worker-87: Building] INFO  o.e.m.c.i.embedder.EclipseLogger - Copying 0 resource
2024-11-27 11:58:19,597 [Worker-87: Building] INFO  o.e.m.c.i.embedder.EclipseLogger - Copying 1 resource
2024-11-27 11:58:19,601 [Worker-87: Building] INFO  o.e.m.c.i.embedder.EclipseLogger - Using 'UTF-8' encoding to copy filtered resources.
2024-11-27 11:58:19,601 [Worker-87: Building] INFO  o.e.m.c.i.embedder.EclipseLogger - Using 'UTF-8' encoding to copy filtered properties files.
2024-11-27 11:58:19,601 [Worker-87: Building] INFO  o.e.m.c.i.embedder.EclipseLogger - Copying 0 resource
2024-11-27 11:59:39,164 [main] INFO  o.e.m2e.actions.ExecutePomAction - Creating new launch configuration
2024-11-27 11:59:47,901 [Worker-81: Launching hddt-SES (6)] INFO  o.eclipse.m2e.core.internal.Bundles - getClasspathEntries(Bundle=org.eclipse.m2e.maven.runtime_3.9.900.20240824-1409 [643])
2024-11-27 11:59:47,902 [Worker-81: Launching hddt-SES (6)] INFO  o.eclipse.m2e.core.internal.Bundles - 	Entry: D:\Workspace_Giang\eclipse-jee-2024-09-R-win32-x86_64\eclipse\plugins\org.eclipse.m2e.maven.runtime_3.9.900.20240824-1409
2024-11-27 11:59:47,902 [Worker-81: Launching hddt-SES (6)] INFO  o.eclipse.m2e.core.internal.Bundles - 	Entry: D:\Workspace_Giang\eclipse-jee-2024-09-R-win32-x86_64\eclipse\plugins\org.eclipse.m2e.maven.runtime_3.9.900.20240824-1409\jars\aopalliance-1.0.jar
2024-11-27 11:59:47,902 [Worker-81: Launching hddt-SES (6)] INFO  o.eclipse.m2e.core.internal.Bundles - 	Entry: D:\Workspace_Giang\eclipse-jee-2024-09-R-win32-x86_64\eclipse\plugins\org.eclipse.m2e.maven.runtime_3.9.900.20240824-1409\jars\guice-5.1.0.jar
2024-11-27 11:59:47,902 [Worker-81: Launching hddt-SES (6)] INFO  o.eclipse.m2e.core.internal.Bundles - 	Entry: D:\Workspace_Giang\eclipse-jee-2024-09-R-win32-x86_64\eclipse\plugins\org.eclipse.m2e.maven.runtime_3.9.900.20240824-1409\jars\httpclient-4.5.14.jar
2024-11-27 11:59:47,902 [Worker-81: Launching hddt-SES (6)] INFO  o.eclipse.m2e.core.internal.Bundles - 	Entry: D:\Workspace_Giang\eclipse-jee-2024-09-R-win32-x86_64\eclipse\plugins\org.eclipse.m2e.maven.runtime_3.9.900.20240824-1409\jars\httpcore-4.4.16.jar
2024-11-27 11:59:47,902 [Worker-81: Launching hddt-SES (6)] INFO  o.eclipse.m2e.core.internal.Bundles - 	Entry: D:\Workspace_Giang\eclipse-jee-2024-09-R-win32-x86_64\eclipse\plugins\org.eclipse.m2e.maven.runtime_3.9.900.20240824-1409\jars\jansi-2.4.1.jar
2024-11-27 11:59:47,902 [Worker-81: Launching hddt-SES (6)] INFO  o.eclipse.m2e.core.internal.Bundles - 	Entry: D:\Workspace_Giang\eclipse-jee-2024-09-R-win32-x86_64\eclipse\plugins\org.eclipse.m2e.maven.runtime_3.9.900.20240824-1409\jars\jcl-over-slf4j-1.7.36.jar
2024-11-27 11:59:47,902 [Worker-81: Launching hddt-SES (6)] INFO  o.eclipse.m2e.core.internal.Bundles - 	Entry: D:\Workspace_Giang\eclipse-jee-2024-09-R-win32-x86_64\eclipse\plugins\org.eclipse.m2e.maven.runtime_3.9.900.20240824-1409\jars\maven-artifact-3.9.9.jar
2024-11-27 11:59:47,902 [Worker-81: Launching hddt-SES (6)] INFO  o.eclipse.m2e.core.internal.Bundles - 	Entry: D:\Workspace_Giang\eclipse-jee-2024-09-R-win32-x86_64\eclipse\plugins\org.eclipse.m2e.maven.runtime_3.9.900.20240824-1409\jars\maven-builder-support-3.9.9.jar
2024-11-27 11:59:47,902 [Worker-81: Launching hddt-SES (6)] INFO  o.eclipse.m2e.core.internal.Bundles - 	Entry: D:\Workspace_Giang\eclipse-jee-2024-09-R-win32-x86_64\eclipse\plugins\org.eclipse.m2e.maven.runtime_3.9.900.20240824-1409\jars\maven-compat-3.9.9.jar
2024-11-27 11:59:47,903 [Worker-81: Launching hddt-SES (6)] INFO  o.eclipse.m2e.core.internal.Bundles - 	Entry: D:\Workspace_Giang\eclipse-jee-2024-09-R-win32-x86_64\eclipse\plugins\org.eclipse.m2e.maven.runtime_3.9.900.20240824-1409\jars\maven-core-3.9.9.jar
2024-11-27 11:59:47,903 [Worker-81: Launching hddt-SES (6)] INFO  o.eclipse.m2e.core.internal.Bundles - 	Entry: D:\Workspace_Giang\eclipse-jee-2024-09-R-win32-x86_64\eclipse\plugins\org.eclipse.m2e.maven.runtime_3.9.900.20240824-1409\jars\maven-embedder-3.9.9.jar
2024-11-27 11:59:47,903 [Worker-81: Launching hddt-SES (6)] INFO  o.eclipse.m2e.core.internal.Bundles - 	Entry: D:\Workspace_Giang\eclipse-jee-2024-09-R-win32-x86_64\eclipse\plugins\org.eclipse.m2e.maven.runtime_3.9.900.20240824-1409\jars\maven-model-3.9.9.jar
2024-11-27 11:59:47,903 [Worker-81: Launching hddt-SES (6)] INFO  o.eclipse.m2e.core.internal.Bundles - 	Entry: D:\Workspace_Giang\eclipse-jee-2024-09-R-win32-x86_64\eclipse\plugins\org.eclipse.m2e.maven.runtime_3.9.900.20240824-1409\jars\maven-model-builder-3.9.9.jar
2024-11-27 11:59:47,903 [Worker-81: Launching hddt-SES (6)] INFO  o.eclipse.m2e.core.internal.Bundles - 	Entry: D:\Workspace_Giang\eclipse-jee-2024-09-R-win32-x86_64\eclipse\plugins\org.eclipse.m2e.maven.runtime_3.9.900.20240824-1409\jars\maven-plugin-api-3.9.9.jar
2024-11-27 11:59:47,903 [Worker-81: Launching hddt-SES (6)] INFO  o.eclipse.m2e.core.internal.Bundles - 	Entry: D:\Workspace_Giang\eclipse-jee-2024-09-R-win32-x86_64\eclipse\plugins\org.eclipse.m2e.maven.runtime_3.9.900.20240824-1409\jars\maven-repository-metadata-3.9.9.jar
2024-11-27 11:59:47,903 [Worker-81: Launching hddt-SES (6)] INFO  o.eclipse.m2e.core.internal.Bundles - 	Entry: D:\Workspace_Giang\eclipse-jee-2024-09-R-win32-x86_64\eclipse\plugins\org.eclipse.m2e.maven.runtime_3.9.900.20240824-1409\jars\maven-resolver-api-1.9.22.jar
2024-11-27 11:59:47,903 [Worker-81: Launching hddt-SES (6)] INFO  o.eclipse.m2e.core.internal.Bundles - 	Entry: D:\Workspace_Giang\eclipse-jee-2024-09-R-win32-x86_64\eclipse\plugins\org.eclipse.m2e.maven.runtime_3.9.900.20240824-1409\jars\maven-resolver-connector-basic-1.9.22.jar
2024-11-27 11:59:47,903 [Worker-81: Launching hddt-SES (6)] INFO  o.eclipse.m2e.core.internal.Bundles - 	Entry: D:\Workspace_Giang\eclipse-jee-2024-09-R-win32-x86_64\eclipse\plugins\org.eclipse.m2e.maven.runtime_3.9.900.20240824-1409\jars\maven-resolver-impl-1.9.22.jar
2024-11-27 11:59:47,903 [Worker-81: Launching hddt-SES (6)] INFO  o.eclipse.m2e.core.internal.Bundles - 	Entry: D:\Workspace_Giang\eclipse-jee-2024-09-R-win32-x86_64\eclipse\plugins\org.eclipse.m2e.maven.runtime_3.9.900.20240824-1409\jars\maven-resolver-named-locks-1.9.22.jar
2024-11-27 11:59:47,903 [Worker-81: Launching hddt-SES (6)] INFO  o.eclipse.m2e.core.internal.Bundles - 	Entry: D:\Workspace_Giang\eclipse-jee-2024-09-R-win32-x86_64\eclipse\plugins\org.eclipse.m2e.maven.runtime_3.9.900.20240824-1409\jars\maven-resolver-provider-3.9.9.jar
2024-11-27 11:59:47,903 [Worker-81: Launching hddt-SES (6)] INFO  o.eclipse.m2e.core.internal.Bundles - 	Entry: D:\Workspace_Giang\eclipse-jee-2024-09-R-win32-x86_64\eclipse\plugins\org.eclipse.m2e.maven.runtime_3.9.900.20240824-1409\jars\maven-resolver-spi-1.9.22.jar
2024-11-27 11:59:47,903 [Worker-81: Launching hddt-SES (6)] INFO  o.eclipse.m2e.core.internal.Bundles - 	Entry: D:\Workspace_Giang\eclipse-jee-2024-09-R-win32-x86_64\eclipse\plugins\org.eclipse.m2e.maven.runtime_3.9.900.20240824-1409\jars\maven-resolver-transport-file-1.9.22.jar
2024-11-27 11:59:47,903 [Worker-81: Launching hddt-SES (6)] INFO  o.eclipse.m2e.core.internal.Bundles - 	Entry: D:\Workspace_Giang\eclipse-jee-2024-09-R-win32-x86_64\eclipse\plugins\org.eclipse.m2e.maven.runtime_3.9.900.20240824-1409\jars\maven-resolver-transport-http-1.9.22.jar
2024-11-27 11:59:47,904 [Worker-81: Launching hddt-SES (6)] INFO  o.eclipse.m2e.core.internal.Bundles - 	Entry: D:\Workspace_Giang\eclipse-jee-2024-09-R-win32-x86_64\eclipse\plugins\org.eclipse.m2e.maven.runtime_3.9.900.20240824-1409\jars\maven-resolver-transport-wagon-1.9.22.jar
2024-11-27 11:59:47,904 [Worker-81: Launching hddt-SES (6)] INFO  o.eclipse.m2e.core.internal.Bundles - 	Entry: D:\Workspace_Giang\eclipse-jee-2024-09-R-win32-x86_64\eclipse\plugins\org.eclipse.m2e.maven.runtime_3.9.900.20240824-1409\jars\maven-resolver-util-1.9.22.jar
2024-11-27 11:59:47,904 [Worker-81: Launching hddt-SES (6)] INFO  o.eclipse.m2e.core.internal.Bundles - 	Entry: D:\Workspace_Giang\eclipse-jee-2024-09-R-win32-x86_64\eclipse\plugins\org.eclipse.m2e.maven.runtime_3.9.900.20240824-1409\jars\maven-settings-3.9.9.jar
2024-11-27 11:59:47,904 [Worker-81: Launching hddt-SES (6)] INFO  o.eclipse.m2e.core.internal.Bundles - 	Entry: D:\Workspace_Giang\eclipse-jee-2024-09-R-win32-x86_64\eclipse\plugins\org.eclipse.m2e.maven.runtime_3.9.900.20240824-1409\jars\maven-settings-builder-3.9.9.jar
2024-11-27 11:59:47,904 [Worker-81: Launching hddt-SES (6)] INFO  o.eclipse.m2e.core.internal.Bundles - 	Entry: D:\Workspace_Giang\eclipse-jee-2024-09-R-win32-x86_64\eclipse\plugins\org.eclipse.m2e.maven.runtime_3.9.900.20240824-1409\jars\maven-shared-utils-3.4.2.jar
2024-11-27 11:59:47,904 [Worker-81: Launching hddt-SES (6)] INFO  o.eclipse.m2e.core.internal.Bundles - 	Entry: D:\Workspace_Giang\eclipse-jee-2024-09-R-win32-x86_64\eclipse\plugins\org.eclipse.m2e.maven.runtime_3.9.900.20240824-1409\jars\org.eclipse.sisu.inject-0.9.0.M3.jar
2024-11-27 11:59:47,904 [Worker-81: Launching hddt-SES (6)] INFO  o.eclipse.m2e.core.internal.Bundles - 	Entry: D:\Workspace_Giang\eclipse-jee-2024-09-R-win32-x86_64\eclipse\plugins\org.eclipse.m2e.maven.runtime_3.9.900.20240824-1409\jars\org.eclipse.sisu.plexus-0.9.0.M3.jar
2024-11-27 11:59:47,904 [Worker-81: Launching hddt-SES (6)] INFO  o.eclipse.m2e.core.internal.Bundles - 	Entry: D:\Workspace_Giang\eclipse-jee-2024-09-R-win32-x86_64\eclipse\plugins\org.eclipse.m2e.maven.runtime_3.9.900.20240824-1409\jars\plexus-build-api-0.0.7.jar
2024-11-27 11:59:47,904 [Worker-81: Launching hddt-SES (6)] INFO  o.eclipse.m2e.core.internal.Bundles - 	Entry: D:\Workspace_Giang\eclipse-jee-2024-09-R-win32-x86_64\eclipse\plugins\org.eclipse.m2e.maven.runtime_3.9.900.20240824-1409\jars\plexus-build-api-1.2.0.jar
2024-11-27 11:59:47,904 [Worker-81: Launching hddt-SES (6)] INFO  o.eclipse.m2e.core.internal.Bundles - 	Entry: D:\Workspace_Giang\eclipse-jee-2024-09-R-win32-x86_64\eclipse\plugins\org.eclipse.m2e.maven.runtime_3.9.900.20240824-1409\jars\plexus-cipher-2.0.jar
2024-11-27 11:59:47,904 [Worker-81: Launching hddt-SES (6)] INFO  o.eclipse.m2e.core.internal.Bundles - 	Entry: D:\Workspace_Giang\eclipse-jee-2024-09-R-win32-x86_64\eclipse\plugins\org.eclipse.m2e.maven.runtime_3.9.900.20240824-1409\jars\plexus-classworlds-2.8.0.jar
2024-11-27 11:59:47,904 [Worker-81: Launching hddt-SES (6)] INFO  o.eclipse.m2e.core.internal.Bundles - 	Entry: D:\Workspace_Giang\eclipse-jee-2024-09-R-win32-x86_64\eclipse\plugins\org.eclipse.m2e.maven.runtime_3.9.900.20240824-1409\jars\plexus-component-annotations-2.1.0.jar
2024-11-27 11:59:47,904 [Worker-81: Launching hddt-SES (6)] INFO  o.eclipse.m2e.core.internal.Bundles - 	Entry: D:\Workspace_Giang\eclipse-jee-2024-09-R-win32-x86_64\eclipse\plugins\org.eclipse.m2e.maven.runtime_3.9.900.20240824-1409\jars\plexus-interpolation-1.27.jar
2024-11-27 11:59:47,904 [Worker-81: Launching hddt-SES (6)] INFO  o.eclipse.m2e.core.internal.Bundles - 	Entry: D:\Workspace_Giang\eclipse-jee-2024-09-R-win32-x86_64\eclipse\plugins\org.eclipse.m2e.maven.runtime_3.9.900.20240824-1409\jars\plexus-sec-dispatcher-2.0.jar
2024-11-27 11:59:47,905 [Worker-81: Launching hddt-SES (6)] INFO  o.eclipse.m2e.core.internal.Bundles - 	Entry: D:\Workspace_Giang\eclipse-jee-2024-09-R-win32-x86_64\eclipse\plugins\org.eclipse.m2e.maven.runtime_3.9.900.20240824-1409\jars\plexus-utils-3.5.1.jar
2024-11-27 11:59:47,905 [Worker-81: Launching hddt-SES (6)] INFO  o.eclipse.m2e.core.internal.Bundles - 	Entry: D:\Workspace_Giang\eclipse-jee-2024-09-R-win32-x86_64\eclipse\plugins\org.eclipse.m2e.maven.runtime_3.9.900.20240824-1409\jars\plexus-xml-3.0.1.jar
2024-11-27 11:59:47,905 [Worker-81: Launching hddt-SES (6)] INFO  o.eclipse.m2e.core.internal.Bundles - 	Entry: D:\Workspace_Giang\eclipse-jee-2024-09-R-win32-x86_64\eclipse\plugins\org.eclipse.m2e.maven.runtime_3.9.900.20240824-1409\jars\wagon-file-3.5.3.jar
2024-11-27 11:59:47,905 [Worker-81: Launching hddt-SES (6)] INFO  o.eclipse.m2e.core.internal.Bundles - 	Entry: D:\Workspace_Giang\eclipse-jee-2024-09-R-win32-x86_64\eclipse\plugins\org.eclipse.m2e.maven.runtime_3.9.900.20240824-1409\jars\wagon-http-3.5.3.jar
2024-11-27 11:59:47,905 [Worker-81: Launching hddt-SES (6)] INFO  o.eclipse.m2e.core.internal.Bundles - 	Entry: D:\Workspace_Giang\eclipse-jee-2024-09-R-win32-x86_64\eclipse\plugins\org.eclipse.m2e.maven.runtime_3.9.900.20240824-1409\jars\wagon-http-shared-3.5.3.jar
2024-11-27 11:59:47,905 [Worker-81: Launching hddt-SES (6)] INFO  o.eclipse.m2e.core.internal.Bundles - 	Entry: D:\Workspace_Giang\eclipse-jee-2024-09-R-win32-x86_64\eclipse\plugins\org.eclipse.m2e.maven.runtime_3.9.900.20240824-1409\jars\wagon-provider-api-3.5.3.jar
2024-11-27 11:59:47,905 [Worker-81: Launching hddt-SES (6)] INFO  o.eclipse.m2e.core.internal.Bundles - getClasspathEntries(Bundle=com.google.guava_33.3.0.jre [16])
2024-11-27 11:59:47,905 [Worker-81: Launching hddt-SES (6)] INFO  o.eclipse.m2e.core.internal.Bundles - 	Entry: D:\Workspace_Giang\eclipse-jee-2024-09-R-win32-x86_64\eclipse\plugins\com.google.guava_33.3.0.jre.jar
2024-11-27 11:59:47,905 [Worker-81: Launching hddt-SES (6)] INFO  o.eclipse.m2e.core.internal.Bundles - getClasspathEntries(Bundle=slf4j.api_2.0.16 [1008])
2024-11-27 11:59:47,906 [Worker-81: Launching hddt-SES (6)] INFO  o.eclipse.m2e.core.internal.Bundles - 	Entry: D:\Workspace_Giang\eclipse-jee-2024-09-R-win32-x86_64\eclipse\plugins\slf4j.api_2.0.16.jar
2024-11-27 11:59:47,906 [Worker-81: Launching hddt-SES (6)] INFO  o.eclipse.m2e.core.internal.Bundles - getClasspathEntries(Bundle=jakarta.inject.jakarta.inject-api_1.0.5 [34])
2024-11-27 11:59:47,906 [Worker-81: Launching hddt-SES (6)] INFO  o.eclipse.m2e.core.internal.Bundles - 	Entry: D:\Workspace_Giang\eclipse-jee-2024-09-R-win32-x86_64\eclipse\plugins\jakarta.inject.jakarta.inject-api_1.0.5.jar
2024-11-27 11:59:47,906 [Worker-81: Launching hddt-SES (6)] INFO  o.eclipse.m2e.core.internal.Bundles - getClasspathEntries(Bundle=jakarta.annotation-api_1.3.5 [29])
2024-11-27 11:59:47,906 [Worker-81: Launching hddt-SES (6)] INFO  o.eclipse.m2e.core.internal.Bundles - 	Entry: D:\Workspace_Giang\eclipse-jee-2024-09-R-win32-x86_64\eclipse\plugins\jakarta.annotation-api_1.3.5.jar
2024-11-27 11:59:47,906 [Worker-81: Launching hddt-SES (6)] INFO  o.eclipse.m2e.core.internal.Bundles - getClasspathEntries(Bundle=org.apache.commons.cli_1.9.0 [78])
2024-11-27 11:59:47,906 [Worker-81: Launching hddt-SES (6)] INFO  o.eclipse.m2e.core.internal.Bundles - 	Entry: D:\Workspace_Giang\eclipse-jee-2024-09-R-win32-x86_64\eclipse\plugins\org.apache.commons.cli_1.9.0.jar
2024-11-27 11:59:47,906 [Worker-81: Launching hddt-SES (6)] INFO  o.eclipse.m2e.core.internal.Bundles - getClasspathEntries(Bundle=org.apache.commons.commons-codec_1.16.0 [81])
2024-11-27 11:59:47,906 [Worker-81: Launching hddt-SES (6)] INFO  o.eclipse.m2e.core.internal.Bundles - 	Entry: D:\Workspace_Giang\eclipse-jee-2024-09-R-win32-x86_64\eclipse\plugins\org.apache.commons.commons-codec_1.16.0.jar
2024-11-27 11:59:47,906 [Worker-81: Launching hddt-SES (6)] INFO  o.eclipse.m2e.core.internal.Bundles - getClasspathEntries(Bundle=com.google.guava.failureaccess_1.0.2 [17])
2024-11-27 11:59:47,907 [Worker-81: Launching hddt-SES (6)] INFO  o.eclipse.m2e.core.internal.Bundles - 	Entry: D:\Workspace_Giang\eclipse-jee-2024-09-R-win32-x86_64\eclipse\plugins\com.google.guava.failureaccess_1.0.2.jar
2024-11-27 11:59:47,908 [Worker-81: Launching hddt-SES (6)] INFO  o.e.m.i.launch.MavenLaunchDelegate - Run build in "D:\WorkSpace Eclipse\ses inv 25.11.2024\hddt-SES":
2024-11-27 11:59:47,908 [Worker-81: Launching hddt-SES (6)] INFO  o.e.m.i.launch.MavenLaunchDelegate -  mvn  -B -Dstyle.color=always clean compile install package
2024-12-09 11:10:15,200 [Worker-5: Loading available Gradle versions] INFO  o.e.b.c.i.u.g.PublishedGradleVersions - Gradle version information cache is out-of-date. Trying to update.
2024-12-09 11:17:48,023 [Worker-46: Launching EInvoiceApplication] WARN  o.a.m.r.i.DefaultArtifactDescriptorReader - 1 problem was encountered while building the effective model for org.javassist:javassist:jar:3.20.0-GA during dependency collection step for project (use -X to see details)
2024-12-12 16:17:34,725 [Worker-40: Loading available Gradle versions] INFO  o.e.b.c.i.u.g.PublishedGradleVersions - Gradle version information cache is out-of-date. Trying to update.
2024-12-12 16:36:12,984 [Worker-48: Building] WARN  o.a.m.r.i.DefaultArtifactDescriptorReader - 1 problem was encountered while building the effective model for org.javassist:javassist:jar:3.20.0-GA during dependency collection step for project (use -X to see details)
2024-12-12 16:36:17,426 [Worker-48: Building] INFO  o.e.m.c.i.embedder.EclipseLogger - Using 'UTF-8' encoding to copy filtered resources.
2024-12-12 16:36:17,426 [Worker-48: Building] INFO  o.e.m.c.i.embedder.EclipseLogger - Using 'UTF-8' encoding to copy filtered properties files.
2024-12-12 16:36:17,438 [Worker-48: Building] INFO  o.e.m.c.i.embedder.EclipseLogger - Copying 1 resource
2024-12-12 16:36:17,495 [Worker-48: Building] INFO  o.e.m.c.i.embedder.EclipseLogger - Copying 1461 resources
2024-12-12 16:36:18,107 [Worker-48: Building] INFO  o.e.m.c.i.embedder.EclipseLogger - Using 'UTF-8' encoding to copy filtered resources.
2024-12-12 16:36:18,107 [Worker-48: Building] INFO  o.e.m.c.i.embedder.EclipseLogger - Using 'UTF-8' encoding to copy filtered properties files.
2024-12-12 16:36:18,107 [Worker-48: Building] INFO  o.e.m.c.i.embedder.EclipseLogger - Copying 0 resource
2024-12-12 16:36:23,268 [Worker-47: Building] INFO  o.e.m.c.i.embedder.EclipseLogger - Using 'UTF-8' encoding to copy filtered resources.
2024-12-12 16:36:23,268 [Worker-47: Building] INFO  o.e.m.c.i.embedder.EclipseLogger - Using 'UTF-8' encoding to copy filtered properties files.
2024-12-12 16:36:23,403 [Worker-47: Building] INFO  o.e.m.c.i.embedder.EclipseLogger - Copying 0 resource
2024-12-12 16:36:23,610 [Worker-47: Building] INFO  o.e.m.c.i.embedder.EclipseLogger - Copying 1 resource
2024-12-12 16:36:23,618 [Worker-47: Building] INFO  o.e.m.c.i.embedder.EclipseLogger - Using 'UTF-8' encoding to copy filtered resources.
2024-12-12 16:36:23,618 [Worker-47: Building] INFO  o.e.m.c.i.embedder.EclipseLogger - Using 'UTF-8' encoding to copy filtered properties files.
2024-12-12 16:36:23,618 [Worker-47: Building] INFO  o.e.m.c.i.embedder.EclipseLogger - Copying 0 resource
2024-12-12 16:37:13,434 [Worker-47: Building] INFO  o.e.m.c.i.embedder.EclipseLogger - Using 'UTF-8' encoding to copy filtered resources.
2024-12-12 16:37:13,435 [Worker-47: Building] INFO  o.e.m.c.i.embedder.EclipseLogger - Using 'UTF-8' encoding to copy filtered properties files.
2024-12-12 16:37:13,537 [Worker-47: Building] INFO  o.e.m.c.i.embedder.EclipseLogger - Copying 0 resource
2024-12-12 16:37:13,709 [Worker-47: Building] INFO  o.e.m.c.i.embedder.EclipseLogger - Copying 1 resource
2024-12-12 16:37:13,714 [Worker-47: Building] INFO  o.e.m.c.i.embedder.EclipseLogger - Using 'UTF-8' encoding to copy filtered resources.
2024-12-12 16:37:13,714 [Worker-47: Building] INFO  o.e.m.c.i.embedder.EclipseLogger - Using 'UTF-8' encoding to copy filtered properties files.
2024-12-12 16:37:13,715 [Worker-47: Building] INFO  o.e.m.c.i.embedder.EclipseLogger - Copying 0 resource
2024-12-19 15:36:24,312 [Worker-7: Loading available Gradle versions] INFO  o.e.b.c.i.u.g.PublishedGradleVersions - Gradle version information cache is out-of-date. Trying to update.
2024-12-19 15:57:14,249 [Worker-42: Building] WARN  o.a.m.r.i.DefaultArtifactDescriptorReader - 1 problem was encountered while building the effective model for org.javassist:javassist:jar:3.20.0-GA during dependency collection step for project (use -X to see details)
2024-12-19 15:57:19,135 [Worker-42: Building] INFO  o.e.m.c.i.embedder.EclipseLogger - Using 'UTF-8' encoding to copy filtered resources.
2024-12-19 15:57:19,135 [Worker-42: Building] INFO  o.e.m.c.i.embedder.EclipseLogger - Using 'UTF-8' encoding to copy filtered properties files.
2024-12-19 15:57:19,152 [Worker-42: Building] INFO  o.e.m.c.i.embedder.EclipseLogger - Copying 1 resource
2024-12-19 15:57:19,205 [Worker-42: Building] INFO  o.e.m.c.i.embedder.EclipseLogger - Copying 1461 resources
2024-12-19 15:57:20,072 [Worker-42: Building] INFO  o.e.m.c.i.embedder.EclipseLogger - Using 'UTF-8' encoding to copy filtered resources.
2024-12-19 15:57:20,072 [Worker-42: Building] INFO  o.e.m.c.i.embedder.EclipseLogger - Using 'UTF-8' encoding to copy filtered properties files.
2024-12-19 15:57:20,072 [Worker-42: Building] INFO  o.e.m.c.i.embedder.EclipseLogger - Copying 0 resource
2024-12-19 15:57:27,346 [Worker-5: Building] INFO  o.e.m.c.i.embedder.EclipseLogger - Using 'UTF-8' encoding to copy filtered resources.
2024-12-19 15:57:27,346 [Worker-5: Building] INFO  o.e.m.c.i.embedder.EclipseLogger - Using 'UTF-8' encoding to copy filtered properties files.
2024-12-19 15:57:27,479 [Worker-5: Building] INFO  o.e.m.c.i.embedder.EclipseLogger - Copying 0 resource
2024-12-19 15:57:27,678 [Worker-5: Building] INFO  o.e.m.c.i.embedder.EclipseLogger - Copying 1 resource
2024-12-19 15:57:27,685 [Worker-5: Building] INFO  o.e.m.c.i.embedder.EclipseLogger - Using 'UTF-8' encoding to copy filtered resources.
2024-12-19 15:57:27,685 [Worker-5: Building] INFO  o.e.m.c.i.embedder.EclipseLogger - Using 'UTF-8' encoding to copy filtered properties files.
2024-12-19 15:57:27,686 [Worker-5: Building] INFO  o.e.m.c.i.embedder.EclipseLogger - Copying 0 resource
2024-12-19 16:11:47,315 [Worker-54: Building] INFO  o.e.m.c.i.embedder.EclipseLogger - Using 'UTF-8' encoding to copy filtered resources.
2024-12-19 16:11:47,315 [Worker-54: Building] INFO  o.e.m.c.i.embedder.EclipseLogger - Using 'UTF-8' encoding to copy filtered properties files.
2024-12-19 16:11:47,440 [Worker-54: Building] INFO  o.e.m.c.i.embedder.EclipseLogger - Copying 1 resource
2024-12-19 16:11:47,588 [Worker-54: Building] INFO  o.e.m.c.i.embedder.EclipseLogger - Copying 1461 resources
2024-12-19 16:11:47,946 [Worker-54: Building] INFO  o.e.m.c.i.embedder.EclipseLogger - Using 'UTF-8' encoding to copy filtered resources.
2024-12-19 16:11:47,947 [Worker-54: Building] INFO  o.e.m.c.i.embedder.EclipseLogger - Using 'UTF-8' encoding to copy filtered properties files.
2024-12-19 16:11:47,947 [Worker-54: Building] INFO  o.e.m.c.i.embedder.EclipseLogger - Copying 0 resource
2024-12-19 16:20:34,323 [Worker-58: Building] INFO  o.e.m.c.i.embedder.EclipseLogger - Using 'UTF-8' encoding to copy filtered resources.
2024-12-19 16:20:34,324 [Worker-58: Building] INFO  o.e.m.c.i.embedder.EclipseLogger - Using 'UTF-8' encoding to copy filtered properties files.
2024-12-19 16:20:34,470 [Worker-58: Building] INFO  o.e.m.c.i.embedder.EclipseLogger - Copying 1 resource
2024-12-19 16:20:34,644 [Worker-58: Building] INFO  o.e.m.c.i.embedder.EclipseLogger - Copying 1461 resources
2024-12-19 16:20:35,008 [Worker-58: Building] INFO  o.e.m.c.i.embedder.EclipseLogger - Using 'UTF-8' encoding to copy filtered resources.
2024-12-19 16:20:35,009 [Worker-58: Building] INFO  o.e.m.c.i.embedder.EclipseLogger - Using 'UTF-8' encoding to copy filtered properties files.
2024-12-19 16:20:35,009 [Worker-58: Building] INFO  o.e.m.c.i.embedder.EclipseLogger - Copying 0 resource
2024-12-19 16:28:24,046 [Worker-58: Building] INFO  o.e.m.c.i.embedder.EclipseLogger - Using 'UTF-8' encoding to copy filtered resources.
2024-12-19 16:28:24,047 [Worker-58: Building] INFO  o.e.m.c.i.embedder.EclipseLogger - Using 'UTF-8' encoding to copy filtered properties files.
2024-12-19 16:28:24,186 [Worker-58: Building] INFO  o.e.m.c.i.embedder.EclipseLogger - Copying 1 resource
2024-12-19 16:28:24,340 [Worker-58: Building] INFO  o.e.m.c.i.embedder.EclipseLogger - Copying 1461 resources
2024-12-19 16:28:24,795 [Worker-58: Building] INFO  o.e.m.c.i.embedder.EclipseLogger - Using 'UTF-8' encoding to copy filtered resources.
2024-12-19 16:28:24,795 [Worker-58: Building] INFO  o.e.m.c.i.embedder.EclipseLogger - Using 'UTF-8' encoding to copy filtered properties files.
2024-12-19 16:28:24,796 [Worker-58: Building] INFO  o.e.m.c.i.embedder.EclipseLogger - Copying 0 resource
2025-01-13 16:24:49,875 [Worker-5: Loading available Gradle versions] INFO  o.e.b.c.i.u.g.PublishedGradleVersions - Gradle version information cache is out-of-date. Trying to update.
